priority_rank,name,slug,threadcount,palette,symmetric,thread_total,demand_score,category,sources_verifying,verified_by,colour_agreement,listed_house_of_tartan,listed_weddslist,primary_source,designer,tartan_date,stwr_ref,restriction_status,restrictions,origin_url
1,Ruthven (V.S.),ruthven-v-s,R/8 G4 R60 B36 G30 W/12,R#C80000 RED; B#2C2C80 BLUE; G#006818 GREEN; W#E0E0E0 WHITE;,yes,280,120,Clan; Family,2,Scottish Register of Tartans; Scottish Tartans Authority,2/2,yes,yes,Scottish Register of Tartans,"Sobieski Stewarts, The",01/01/1842,1521.0,none,,https://www.tartanregister.gov.uk/tartanDetails.aspx?ref=3622
2,Durie (Personal),durie-personal,DB/48 DR4 DB4 DR4 DB4 DR16 G48 Y4 G/8,G#006818 GREEN; DB#202060 DARK BLUE; DR#880000 DARK RED; Y#E8C000 YELLOW;,yes,224,110,Name,3,Scottish Register of Tartans; Scottish Tartans Authority; Weddslist,1/3,yes,yes,Scottish Register of Tartans,"Lindley, Harry for Kinloch Anderson Ltd",01/01/1994,2228.0,weaver_note,Yes. A restricted design for the Durie family.,https://www.tartanregister.gov.uk/tartanDetails.aspx?ref=1053
3,Fraser Arisaid,fraser-arisaid,NB/6 LN4 NB20 G20 LN64 G20 LN4 NB6 LN4 NB/28,G#006818 GREEN; LN#C0C0C0 LIGHT GREY; NB#003C64 NAVY BLUE;,yes,318,110,Clan; Family,3,Scottish Register of Tartans; House of Tartan; Weddslist,1/3,yes,yes,Scottish Register of Tartans,"Dalgliesh, D C",01/01/2002,615.0,weaver_note,Yes. Prepared for weaving by D C Dalgliesh Ltd.,https://www.tartanregister.gov.uk/tartanDetails.aspx?ref=1250
4,Campbell of Glenlyon,campbell-of-glenlyon,BL/4 K2 BL14 K12 G/14,G#006818 GREEN; K#101010 BLACK; DB#202060 DARK BLUE; DG#003820 DARK GREEN; B#2C2C80 BLUE; BL#1474B4 BALMORAL BLUE;,yes,74,105,Clan; Family,3,Scottish Register of Tartans; House of Tartan; Weddslist,2/3,yes,yes,Scottish Register of Tartans,Unknown,,14.0,weaver_note,Yes.,https://www.tartanregister.gov.uk/tartanDetails.aspx?ref=5456
5,"Davidson, Half",davidson-half,K/6 G44 B6 G6 B38 R/6,K#101010 BLACK; B#2C2C80 BLUE; G#006818 GREEN; R#C80000 RED;,yes,200,105,Clan; Family,3,Scottish Register of Tartans; House of Tartan; Weddslist,3/3,yes,yes,Scottish Register of Tartans,Unknown,01/01/2002,1076.0,weaver_note,Yes.,https://www.tartanregister.gov.uk/tartanDetails.aspx?ref=897
6,Lee Cox (Personal),lee-cox-personal,AB/6 W4 SCR4 P12 VG20 AB6 K6 AB6 K6 AB6 VG28 AB6 K6 AB6 K14 VG4 SCR/6,K#101010 BLACK; P#583464 HPURPLE; VG#045C2C MGREEN; SCR#A00028 SCARLET; AB#587094 AZURE; W#E0E0E0 WHITE;,yes,280,100,Name,3,Scottish Register of Tartans; Scottish Tartans Authority; House of Tartan,2/3,yes,no,Scottish Register of Tartans,Cox/Urquhart,15/12/2009,,weaver_note,Yes. Developed for weaving by House of Tartan,https://www.tartanregister.gov.uk/tartanDetails.aspx?ref=10205
7,Oliphant Dress,oliphant-dress,PSG/8 W4 PSG46 AB20 K4 AB8 K4 AB20 W4 AB4 W4 AB4 W/50,W#E0E0E0 WHITE; G#006818 GREEN; B#2C2C80 BLUE; K#101010 BLACK; AB#405C88 AZURE; PSG#548060 PASTEL GREEN;,yes,302,100,Clan; Family,3,Scottish Register of Tartans; Scottish Tartans Authority; House of Tartan,2/3,yes,no,Scottish Register of Tartans,Oliphant/Urquhart,05/05/2010,,weaver_note,Yes. Developed for weaving by House of Tartan.,https://www.tartanregister.gov.uk/tartanDetails.aspx?ref=10227
8,Brinkie's Brae (Personal),brinkie-s-brae-personal,K/6 CW8 K6 XR36 B2 N36 K2 G36 CW2 B36 XR2 N36 G2 XR36 K6 CW8 K/6,G#006818 GREEN; N#888888 GREY; B#2C2C80 BLUE; XR#C80000 BASIC RED; CW#FCFCFC WILSON WHITE; K#101010 BLACK;,yes,520,95,Name,3,Scottish Register of Tartans; Scottish Tartans Authority; Weddslist,3/3,no,yes,Scottish Register of Tartans,"Johnston, Graham Ross",01/01/1999,2572.0,none,,https://www.tartanregister.gov.uk/tartanDetails.aspx?ref=354
9,Kennedy,kennedy,K/4 G4 Y2 G6 C2 G4 C2 G24 B8 K6 B6 K6 B6 K6 B8 G48 S/4,K#101010 BLACK; G#005020 MOD GREEN; Y#E8C000 YELLOW; C#960028 RED; B#2C4084 BLUE; S#C80028 SCARLET;,yes,284,90,Clan; Family,2,Scottish Register of Tartans; House of Tartan,2/2,yes,yes,Scottish Register of Tartans,,,1123.0,weaver_note,Yes.,https://www.tartanregister.gov.uk/tartanDetails.aspx?ref=1942
10,Gammell (Personal),gammell-personal,A/64 BR6 A6 BR6 A6 BR20 G48 M/6,G#006818 GREEN; M#901C38 MAROON; BR#B03000 BRICK RED; A#5C8CA8 AZURE;,yes,254,85,Name,3,Scottish Register of Tartans; Scottish Tartans Authority; Weddslist,1/3,no,yes,Scottish Register of Tartans,Thomas/Mackie,01/01/1965,597.0,weaver_note,Yes.,https://www.tartanregister.gov.uk/tartanDetails.aspx?ref=1311
11,MacMugen (Personal),macmugen-personal,AW6 NB36 AW9 NB12 AW48 NB9,NB#003C64 NAVY BLUE; AW#FCF0C8 ANC WHITE;,no,120,85,Clan; Family,3,Scottish Register of Tartans; Scottish Tartans Authority; Weddslist,1/3,no,yes,Scottish Register of Tartans,"MacMugen, Bernard",01/03/2000,2657.0,weaver_note,Yes.,https://www.tartanregister.gov.uk/tartanDetails.aspx?ref=2663
12,MacRobart Dress (Personal),macrobart-dress-personal,A/6 HG34 A6 HG34 K30 W66 B/16,A#5C8CA8 AZURE; K#101010 BLACK; B#2C2C80 BLUE; HG#285800 HUNTING GREEN; W#E0E0E0 WHITE;,yes,362,85,Name,3,Scottish Register of Tartans; Scottish Tartans Authority; Weddslist,3/3,no,yes,Scottish Register of Tartans,"Holder, Michael Owen",01/06/1997,2399.0,weaver_note,Yes.,https://www.tartanregister.gov.uk/tartanDetails.aspx?ref=2761
13,McComb (Personal),mccomb-personal,B/6 R4 B36 K12 G36 Y4 WG/6,K#101010 BLACK; B#2C2C80 BLUE; G#006818 GREEN; R#C80000 RED; Y#E8C000 YELLOW; WG#408060 WTHRD GREEN;,yes,196,85,Name,3,Scottish Register of Tartans; Scottish Tartans Authority; Weddslist,1/3,no,yes,Scottish Register of Tartans,"Fraser, Donald",01/01/1997,2340.0,weaver_note,Yes.,https://www.tartanregister.gov.uk/tartanDetails.aspx?ref=2878
14,Van Loo (Personal),van-loo-personal,LB/10 P4 B60 LB10 K50 B60 LB/10,K#101010 BLACK; B#2C2C80 BLUE; P#780078 PURPLE; LB#2888C4 LIGHT BLUE; AY#DC943C ANC YELLOW; LO#EC8048 LGT ORANGE;,yes,388,85,Name,2,Scottish Register of Tartans; Scottish Tartans Authority,2/2,yes,no,Scottish Register of Tartans,"Coulton, Jan",01/01/2005,,weaver_note,Yes. A Personal tartan for the Van Loo family.,https://www.tartanregister.gov.uk/tartanDetails.aspx?ref=4440
15,Wilson's No.134,wilson-s-no-134,HG14 R42,R#C80000 RED; HG#285800 HUNTING GREEN; DG#003820 DARK GREEN; XR#C80000 BASIC RED;,no,56,82,Fashion,2,Scottish Register of Tartans; Weddslist,2/2,no,yes,Scottish Register of Tartans,Wilsons of Bannockburn,01/01/1819,964.0,none,,https://www.tartanregister.gov.uk/tartanDetails.aspx?ref=4691
16,Wilson's No.138,wilson-s-no-138,A14 XR42,A#5C8CA8 AZURE; XR#C80000 BASIC RED;,no,56,82,Fashion,2,Scottish Register of Tartans; Weddslist,2/2,no,yes,Scottish Register of Tartans,Wilsons of Bannockburn,01/01/1819,448.0,none,,https://www.tartanregister.gov.uk/tartanDetails.aspx?ref=4693
17,Wilson's No.159,wilson-s-no-159,P16 K22 G18 R4,P#780078 PURPLE; R#C80000 RED; G#006818 GREEN; DP#440044 DARK PURPLE; DG#003820 DARK GREEN; K#101010 BLACK;,no,60,82,Fashion,2,Scottish Register of Tartans; Weddslist,2/2,no,yes,Scottish Register of Tartans,Wilsons of Bannockburn,01/01/1118,1984.0,none,,https://www.tartanregister.gov.uk/tartanDetails.aspx?ref=4704
18,Wilson's No.172,wilson-s-no-172,LB16 K18,LB#2888C4 LIGHT BLUE; K#101010 BLACK;,no,34,82,Fashion,2,Scottish Register of Tartans; Weddslist,2/2,no,yes,Scottish Register of Tartans,Wilsons of Bannockburn,01/01/1819,250.0,none,,https://www.tartanregister.gov.uk/tartanDetails.aspx?ref=4711
19,Wilson's No.174,wilson-s-no-174,LB2 DB8 G20 Y2,Y#E8C000 YELLOW; G#006818 GREEN; LB#2888C4 LIGHT BLUE; DB#202060 DARK BLUE; DG#003820 DARK GREEN;,no,32,82,Fashion,2,Scottish Register of Tartans; Weddslist,2/2,no,yes,Scottish Register of Tartans,Wilsons of Bannockburn,01/01/1819,1899.0,none,,https://www.tartanregister.gov.uk/tartanDetails.aspx?ref=4713
20,Wilson's No.189,wilson-s-no-189,DP8 G20 R2 CW2,R#C80000 RED; G#006818 GREEN; DG#003820 DARK GREEN; DP#440044 DARK PURPLE; XR#C80000 BASIC RED; CW#FCFCFC CLEAR;,no,32,82,Fashion,2,Scottish Register of Tartans; Weddslist,1/2,no,yes,Scottish Register of Tartans,Wilsons of Bannockburn,01/01/1819,1933.0,none,,https://www.tartanregister.gov.uk/tartanDetails.aspx?ref=4722
21,Wilson's No.192,wilson-s-no-192,DP8 G20 R2 Y2,P#780078 PURPLE; G#006818 GREEN; R#C80000 RED; Y#E8C000 YELLOW; DP#440044 DARK PURPLE; DG#003820 DARK GREEN; XR#C80000 BASIC RED; YT#D8B000 TAN YELLOW;,no,32,82,Fashion,2,Scottish Register of Tartans; Weddslist,1/2,no,yes,Scottish Register of Tartans,Wilsons of Bannockburn,01/01/1819,1934.0,none,,https://www.tartanregister.gov.uk/tartanDetails.aspx?ref=4724
22,Wilson's No.196,wilson-s-no-196,LB4 K20 G18 R18,G#006818 GREEN; R#C80000 RED; LB#2888C4 LIGHT BLUE; AA#789484 ANC AZURE; DG#003820 DARK GREEN; XR#C80000 BASIC RED; K#101010 BLACK;,no,60,82,Fashion,2,Scottish Register of Tartans; Weddslist,1/2,no,yes,Scottish Register of Tartans,Wilsons of Bannockburn,01/01/1819,1940.0,none,,https://www.tartanregister.gov.uk/tartanDetails.aspx?ref=4728
23,Wilson's No.198,wilson-s-no-198,LB8 K14 R8,R#C80000 RED; LB#2888C4 LIGHT BLUE; AA#789484 ANC AZURE; XR#C80000 BASIC RED; K#101010 BLACK;,no,30,82,Fashion,2,Scottish Register of Tartans; Weddslist,2/2,no,yes,Scottish Register of Tartans,Wilsons of Bannockburn,01/01/1819,1943.0,none,,https://www.tartanregister.gov.uk/tartanDetails.aspx?ref=4730
24,Wilson's No.200,wilson-s-no-200,G8 K14 R8,R#C80000 RED; G#006818 GREEN; DG#003820 DARK GREEN; K#101010 BLACK;,no,30,82,Fashion,2,Scottish Register of Tartans; Weddslist,2/2,no,yes,Scottish Register of Tartans,Wilsons of Bannockburn,01/01/1819,2028.0,none,,https://www.tartanregister.gov.uk/tartanDetails.aspx?ref=4732
25,Wilson's No.201,wilson-s-no-201,DP8 G16 Y4,Y#E8C000 YELLOW; G#006818 GREEN; AW#E8CCB8 ANC WHITE; DP#440044 DARK PURPLE; DG#003820 DARK GREEN; YT#D8B000 TAN YELLOW;,no,28,82,Fashion,2,Scottish Register of Tartans; Weddslist,1/2,no,yes,Scottish Register of Tartans,Wilsons of Bannockburn,01/01/1819,1937.0,none,,https://www.tartanregister.gov.uk/tartanDetails.aspx?ref=4733
26,Wilson's No.202,wilson-s-no-202,G14 K8 R8,G#006818 GREEN; R#C80000 RED; K#101010 BLACK; DG#003820 DARK GREEN;,no,30,82,Fashion,2,Scottish Register of Tartans; Weddslist,2/2,no,yes,Scottish Register of Tartans,Wilsons of Bannockburn,01/01/1819,2029.0,none,,https://www.tartanregister.gov.uk/tartanDetails.aspx?ref=4734
27,Wilson's No.203,wilson-s-no-203,LB8 R16 G20 Y4,Y#E8C000 YELLOW; R#C80000 RED; G#006818 GREEN; LB#2888C4 LIGHT BLUE; DG#003820 DARK GREEN;,no,48,82,Fashion,2,Scottish Register of Tartans; Weddslist,2/2,no,yes,Scottish Register of Tartans,Wilsons of Bannockburn,01/01/1819,2010.0,none,,https://www.tartanregister.gov.uk/tartanDetails.aspx?ref=4735
28,Wilson's No.205,wilson-s-no-205,WLB2 WP8 WG20 BW2,WLB#00FCFC LIGHT BLUE; WG#044028 GREEN; WP#280034 PURPLE; BW#FCFCFC BRIGHT WHITE;,no,32,82,Fashion,2,Scottish Register of Tartans; Weddslist,1/2,no,yes,Scottish Register of Tartans,Wilsons of Bannockburn,01/01/1819,1898.0,none,,https://www.tartanregister.gov.uk/tartanDetails.aspx?ref=4737
29,Wilson's No.210,wilson-s-no-210,LB12 G14,LB#2888C4 LIGHT BLUE; G#006818 GREEN; DG#003820 DARK GREEN;,no,26,82,Fashion,2,Scottish Register of Tartans; Weddslist,2/2,no,yes,Scottish Register of Tartans,Wilsons of Bannockburn,01/01/1819,118.0,none,,https://www.tartanregister.gov.uk/tartanDetails.aspx?ref=4741
30,Menzies Dress Blue & White,menzies-dress-blue-white,W/4 A38 B2 A2 B2 A6 B10 W46 A6 W4 A2 W/8,W#E0E0E0 WHITE; A#3C82AF BLUE; B#2C4084 BLUE;,yes,248,80,Clan; Family,2,Scottish Register of Tartans; Weddslist,2/2,no,yes,Scottish Register of Tartans,Hugh MacPherson,,1756.0,none,,https://www.tartanregister.gov.uk/tartanDetails.aspx?ref=2927
31,O'Sullivan McCragh (Personal),o-sullivan-mccragh-personal,OG/32 S4 OG8 GO4 OG8 S4 OG32 RB4 OG6 RB4 OG6 RB20 W4 N24 K4 N10 K4 N24 W4 RB20 OG6 RB4 OG6 RB/4,GO#BC8C00; S#C8002C; W#E0E0E0; RB#1C0070; OG#5C6428; K#101010; N#888888;,yes,456,80,Name,2,Scottish Tartans Authority; Weddslist,1/2,no,yes,Scottish Tartans Authority,"Aitken, Chris",,2169.0,none,,http://www.tartansauthority.com/tartan-ferret/display/2169/
32,Barbecue Plaid (Fashion),barbecue-plaid-fashion,Y/4 K4 R4 WW16 K28 R2 K2 R2 K2 R/2,Y#E8C000; WW#FCFCFC; K#000000; R#C80000;,yes,126,75,Scottish Tartans Society,3,Scottish Tartans Authority; House of Tartan; Weddslist,3/3,yes,yes,Scottish Tartans Authority,,,,none,,http://www.tartansauthority.com/tartan-ferret/display/1607/
33,Cooper Dress (Dalgliesh #1) (Dance),cooper-dress-dalgliesh-1-dance,NB/4 LV8 R4 WW52 NB6 WW4 NB6 K20 LV6 NB4 LV6 G18 NB2 K2 NB42 LV6 NB4 R/4,WW#FCFCFC; LV#C49CD8; R#C80000; G#006818; NB#2C2C80; K#101010;,yes,388,75,Scottish Tartans Society,3,Scottish Tartans Authority; House of Tartan; Weddslist,3/3,yes,yes,Scottish Tartans Authority,,,,none,,http://www.tartansauthority.com/tartan-ferret/display/75/
34,Forsyth (Clan),forsyth-clan,K/8 G44 Y4 K32 BL36 R/8,Y#E8C000; BL#1474B4; K#000000; R#C80000; G#007800;,yes,248,75,Scottish Tartans Society,3,Scottish Tartans Authority; House of Tartan; Weddslist,2/3,yes,yes,Scottish Tartans Authority,,,,none,,http://www.tartansauthority.com/tartan-ferret/display/1122/
35,Gayre Dress (Clan),gayre-dress-clan,AA/28 G8 K8 CW8 G24 AA8 G24 CW8 K8 R12 G8 CW8 G6 AA8 K/8,AA#789484; K#101010; R#C80000; CW#FCFCFC; G#006818;,yes,312,75,Scottish Tartans Society,3,Scottish Tartans Authority; House of Tartan; Weddslist,2/3,yes,yes,Scottish Tartans Authority,,,,none,,http://www.tartansauthority.com/tartan-ferret/display/161/
36,Inches of Perth (District or Clan),inches-of-perth-district-or-clan,T/88 Y4 K8 P4 T30 C12 K6 A6 Y/4,A#5C8CA8; P#780078; C#A00048; T#604000; Y#E8C000; K#101010;,yes,232,75,Scottish Tartans Society,3,Scottish Tartans Authority; House of Tartan; Weddslist,1/3,yes,yes,Scottish Tartans Authority,,,,none,,http://www.tartansauthority.com/tartan-ferret/display/1753/
37,Innes (Seven colours) (Clan),innes-seven-colours-clan,A/7 K24 R4 K4 R4 K4 R24 Y4 R6 B12 R6 K4 G20 K4 R6 W/4,A#5C8CA8; R#C80000; B#2C2C80; W#E0E0E0; G#006818; Y#E8C000; K#101010;,yes,263,75,Robert Bradford,3,Scottish Tartans Authority; House of Tartan; Weddslist,1/3,yes,yes,Scottish Tartans Authority,,,,none,,http://www.tartansauthority.com/tartan-ferret/display/361/
38,MacCormick Dress (Name),maccormick-dress-name,K/6 G26 K20 DR26 K4 DR/6,K#101010; DR#880000; G#006818;,yes,164,75,Scottish Tartans Society,3,Scottish Tartans Authority; House of Tartan; Weddslist,3/3,yes,yes,Scottish Tartans Authority,,,,none,,http://www.tartansauthority.com/tartan-ferret/display/1091/
39,Stephenson (Name),stephenson-name,RB/10 DR6 WG52 RB40 MY6 K40 A4 DR10 A4 WG40 K/12,WG#408060; A#2474E8; RB#1C0070; MY#D09800; K#101010; DR#880000;,yes,426,75,Scottish Tartans Society,3,Scottish Tartans Authority; House of Tartan; Weddslist,2/3,yes,yes,Scottish Tartans Authority,,,,none,,http://www.tartansauthority.com/tartan-ferret/display/517/
40,Stewart of Urrard (Clan?),stewart-of-urrard-clan,G/12 R4 G4 R36 DP18 R6 G6 R6 DP18 R6 G48 R4 G4 R/8,R#C80000; G#006818; DP#440044;,yes,340,75,Scottish Tartans Society,3,Scottish Tartans Authority; House of Tartan; Weddslist,2/3,yes,yes,Scottish Tartans Authority,,,,none,,http://www.tartansauthority.com/tartan-ferret/display/898/
41,Strathblane (Fashion),strathblane-fashion,R/6 N12 W4 K8 T/24,K#101010; R#C80000; T#604000; W#E0E0E0; N#888888;,yes,78,75,Scottish Tartans Society,3,Scottish Tartans Authority; House of Tartan; Weddslist,1/3,yes,yes,Scottish Tartans Authority,,,,none,,http://www.tartansauthority.com/tartan-ferret/display/1633/
42,Watson (Name),watson-name,B/48 K4 B4 R4 B4 K40 G32 Y4 G4 Y/6,Y#E8C000; K#101010; R#C80000; B#2C2C80; G#006818;,yes,246,75,Scottish Tartans Society,3,Scottish Tartans Authority; House of Tartan; Weddslist,3/3,yes,yes,Scottish Tartans Authority,,,,none,,http://www.tartansauthority.com/tartan-ferret/display/307/
43,Cameron Black & Red (Dress),cameron-black-red-dress,K/4 ZR24 K4 ZR24 K66 ZR/4,K#101010 BLACK; ZR#A00000 RUST;,yes,244,75,Clan; Family,2,Scottish Register of Tartans; Scottish Tartans Authority,2/2,no,yes,Scottish Register of Tartans,Unknown,01/01/2002,1186.0,none,,https://www.tartanregister.gov.uk/tartanDetails.aspx?ref=491
44,MacLeod Black & Red,macleod-black-red,R/2 K24 R16 K2 R/16,R#DC0000 RED; K#101010 BLACK;,yes,102,75,Clan; Family,2,Scottish Register of Tartans; Weddslist,2/2,no,yes,Scottish Register of Tartans,,,1591.0,none,,https://www.tartanregister.gov.uk/tartanDetails.aspx?ref=2633
45,Ryutokukan Junior High School,ryutokukan-junior-high-school,R/12 DG26 K10 R40 W/6,W#FBF8D7 WHITE; K#101010 BLACK; R#880110 RED; DG#003D0D DARK GREEN;,yes,170,72,Corporate,3,Scottish Register of Tartans; Scottish Tartans Authority; House of Tartan,3/3,yes,no,Scottish Register of Tartans,Lochcarron of Scotland,20/04/2012,,weaver_note,Yes. For pupils of Ryutokukan Junior High School only.Only to be woven by Lochcarron of Scotland and their schoolwear licencees in Japan.,https://www.tartanregister.gov.uk/tartanDetails.aspx?ref=10647
46,Alexander (Personal),alexander-personal,R/24 LB4 R8 LB8 K30 G8 R8 G4 R/24,K#101010 BLACK; B#2C2C80 BLUE; G#006818 GREEN; R#C80000 RED; LB#2888C4 LIGHT BLUE;,yes,188,70,Name,2,Scottish Register of Tartans; Weddslist,1/2,no,yes,Scottish Register of Tartans,"MacDonald, Peter",01/01/2002,1405.0,weaver_note,Yes.,https://www.tartanregister.gov.uk/tartanDetails.aspx?ref=44
47,Brough (Personal),brough-personal,HG/20 DR6 HG16 DB24 WW4 DB24 DR/36,DB#202060 DARKBLUE; WW#FCFCFC WILSONWHITE; DR#880000 DARKRED; HG#285800 HUNTING GREEN;,yes,204,70,Name,2,Scottish Register of Tartans; Scottish Tartans Authority,2/2,no,yes,Scottish Register of Tartans,"Benton, D",,2233.0,weaver_note,Yes.,https://www.tartanregister.gov.uk/tartanDetails.aspx?ref=389
48,Confessore (Personal),confessore-personal,K/24 OG4 K4 OG16 YY4 R4 YY16 R4 YY8 OG16 K4 OG4 K32 W4 K/8,W#E0E0E0 WHITE; R#C80000 BASIC RED; YY#FCCC00 YELLOWBASIC; OG#5C6428 OLIVE GREEN; K#101010 BLACK;,yes,272,70,Name,2,Scottish Register of Tartans; Scottish Tartans Authority,2/2,no,yes,Scottish Register of Tartans,"Lumsden, Keith",01/01/2002,2165.0,weaver_note,Yes.,https://www.tartanregister.gov.uk/tartanDetails.aspx?ref=735
49,Craik of Assington (Personal),craik-of-assington-personal,MY/8 K4 G16 DR8 G32 RB4 DR44 RB/16,K#101010 BLACK; DR#880000 DARK RED; G#006818 GREEN; MY#D09800 M YELLOW; RB#1C0070 ROYAL BLUE;,yes,240,70,Name,2,Scottish Register of Tartans; Weddslist,1/2,no,yes,Scottish Register of Tartans,"Davidson, Capt T.S.",01/01/1980,494.0,weaver_note,Yes.,https://www.tartanregister.gov.uk/tartanDetails.aspx?ref=789
50,D'Souza (Personal),d-souza-personal,N6 DB4 N4 DB32 K40 DP4 LO4 DP4 K4 DP48,DP#440044 DARK PURPLE; N#888888 GRAY; DB#202060 DARK BLUE; K#101010 BLACK; LO#EC8048 LGT ORANGE;,no,150,70,Name,2,Scottish Register of Tartans; Scottish Tartans Authority,2/2,no,no,Scottish Register of Tartans,"D'Souza, Fiona",01/01/2005,,none,,https://www.tartanregister.gov.uk/tartanDetails.aspx?ref=998
51,Hannigan of Dirleton (Personal),hannigan-of-dirleton-personal,P/8 G8 OG4 W6 G54 OG60 Y2 S/6,P#780078; S#C8002C; Y#E8C000; W#E0E0E0; G#006818; OG#5C6428;,yes,282,70,Name,2,Scottish Tartans Authority; Weddslist,2/2,no,yes,Scottish Tartans Authority,Scottish Tartans Society,01/07/1998,2685.0,weaver_note,Yes.,http://www.tartansauthority.com/tartan-ferret/display/2685/
52,"Huaumé, Patrick Antoine (Personal)",huaum-patrick-antoine-personal,G/10 DB9 P4 DR2 P4 G6 K10 W4 G24 DB60 K/4,DB#113C8B DARK BLUE; K#101010 BLACK; P#9C68A4 PURPLE; DR#901C38 DARK RED; G#006818 GREEN; W#E0E0E0 WHITE;,yes,260,70,Name,2,Scottish Register of Tartans; Scottish Tartans Authority,1/2,no,no,Scottish Register of Tartans,Huaumé and Trivett,04/10/2014,,none,,https://www.tartanregister.gov.uk/tartanDetails.aspx?ref=11152
53,"Joy's Fancy, Allen (Personal)",joy-s-fancy-allen-personal,LN12 K180,K#101010 BLACK; LN#C0C0C0 LIGHT GRAY;,no,192,70,Name,2,Scottish Register of Tartans; Scottish Tartans Authority,2/2,no,no,Scottish Register of Tartans,"'Smith Jnr, Dr Philip D",,,none,,https://www.tartanregister.gov.uk/tartanDetails.aspx?ref=5271
54,Junor (Personal),junor-personal,K/4 R18 LB4 RB4 LB4 RB22 Y4 RB12 R/144,Y#E8C000; K#101010; R#C80000; LB#2888C4; RB#1C0070;,yes,284,70,Name,2,Scottish Tartans Authority; Weddslist,1/2,no,yes,Scottish Tartans Authority,"Jones, Peter Norman",01/01/1996,2611.0,weaver_note,Yes.,http://www.tartansauthority.com/tartan-ferret/display/2611/
55,Letham (S.Australia),letham-s-australia,LB/8 K8 G26 LB14 K8 LB20 K40 G/80,G#006818 GREEN; K#101010 BLACK; LB#2888C4 LIGHT BLUE;,yes,320,70,Name,2,Scottish Register of Tartans; Scottish Tartans Authority,2/2,no,no,Scottish Register of Tartans,"Letham, James",01/08/2005,,none,,https://www.tartanregister.gov.uk/tartanDetails.aspx?ref=2106
56,M'Kleod,m-kleod,Y/12 K4 B72 W6 R4 LG6 K6 N/36,Y#E8C000 YELLOW; K#101010 BLACK; B#2C2C80 BLUE; W#E0E0E0 WHITE; R#C80000 RED; LG#289C18 LIGHT GREEN; N#888888 GREY;,yes,244,70,Name,2,Scottish Register of Tartans; Scottish Tartans Authority,2/2,no,no,Scottish Register of Tartans,"M'Kleod, Ken Dean",01/09/2003,,none,,https://www.tartanregister.gov.uk/tartanDetails.aspx?ref=2971
57,MacNiven,macniven,G/36 LG4 RB10 DR90 SB6 RB36 SB6 DR16 LN/4,DR#880000 DARK RED; G#006818 GREEN; LN#C0C0C0 LIGHT GRAY; LG#289C18 LIGHT GREEN; RB#1C0070 ROYAL BLUE; SB#A8ACE8 SKY BLUE;,yes,376,70,Clan; Family,2,Scottish Register of Tartans; Scottish Tartans Authority,2/2,no,yes,Scottish Register of Tartans,Cannonito/Dalgliesh,01/01/1988,752.0,weaver_note,Yes. Prepared for weaving by D C Dalgliesh Ltd.,https://www.tartanregister.gov.uk/tartanDetails.aspx?ref=2693
58,MacRobart (Personal),macrobart-personal,SB/4 G30 SB4 G20 K20 DB/60,K#101010 BLACK; DB#202060 DARK BLUE; G#006818 GREEN; SB#A8ACE8 SKY BLUE;,yes,212,70,Name,2,Scottish Register of Tartans; Scottish Tartans Authority,2/2,no,yes,Scottish Register of Tartans,"Holder, Michael Owen",01/01/1997,2388.0,weaver_note,Yes.,https://www.tartanregister.gov.uk/tartanDetails.aspx?ref=2760
59,Marchmont (Personal),marchmont-personal,K/4 B48 K48 LG4 K48 B48 LG/4,LG#289C18; K#101010; B#2C2C80;,yes,400,70,Name,2,Scottish Tartans Authority; Weddslist,1/2,no,yes,Scottish Tartans Authority,"Lumsden, Keith",01/01/1997,2521.0,weaver_note,Yes.,http://www.tartansauthority.com/tartan-ferret/display/2521/
60,Martin's Own,martin-s-own,A/8 LG4 A40 K16 A4 K8 A4 K/40,K#101010 BLACK; A#5C8CA8 AZURE; LG#289C18 LIGHT GREEN;,yes,200,70,Name,2,Scottish Register of Tartans; Scottish Tartans Authority,2/2,no,no,Scottish Register of Tartans,"Martin, Bob",01/01/2004,,none,,https://www.tartanregister.gov.uk/tartanDetails.aspx?ref=3433
61,Morris of Balgonie (Personal),morris-of-balgonie-personal,MY/4 G40 K20 DR6 DP40 WW/4,K#101010 BLACK; DP#5C005C DARK PURPLE; DR#880000 DARK RED; G#006818 GREEN; MY#D09800 M YELLOW; WW#F8F8F8 WILSON WHITE;,yes,220,70,Name,2,Scottish Register of Tartans; Scottish Tartans Authority,2/2,no,yes,Scottish Register of Tartans,Scarlett/Morris,01/01/1995,2460.0,weaver_note,Yes.,https://www.tartanregister.gov.uk/tartanDetails.aspx?ref=3014
62,O'Long (Personal),o-long-personal,G/44 P44 G6 P22 W6 P8 W/6,G#006818 GREEN; P#780078 PURPLE; W#E0E0E0 WHITE; R#C80000 RED;,yes,222,70,Name,2,Scottish Register of Tartans; Scottish Tartans Authority,2/2,no,no,Scottish Register of Tartans,Tartanweb,01/06/2007,,none,,https://www.tartanregister.gov.uk/tartanDetails.aspx?ref=3241
63,Park,park,G/6 R4 G6 R8 G68 K4 G4 K4 G8 K32 B32 R/6,K#101010 BLACK; B#2C2C80 BLUE; G#006818 GREEN; R#C80000 RED;,yes,352,70,Clan; Family,2,Scottish Register of Tartans; Scottish Tartans Authority,2/2,no,yes,Scottish Register of Tartans,"Lumsden, Keith",01/09/1996,2387.0,weaver_note,Yes.,https://www.tartanregister.gov.uk/tartanDetails.aspx?ref=3290
64,Regan/O'Riagain,regan-o-riagain,Y/8 W8 B16 K8 B16 Y8 P80 W8 K8 P/8,K#101010 BLACK; B#2C2C80 BLUE; P#780078 PURPLE; W#E0E0E0 WHITE; Y#E8C000 YELLOW;,yes,320,70,Clan; Family,2,Scottish Register of Tartans; Scottish Tartans Authority,2/2,no,no,Scottish Register of Tartans,"Smith, Donald Suttie",01/01/2002,,none,,https://www.tartanregister.gov.uk/tartanDetails.aspx?ref=3489
65,Souza Nery (Personal),souza-nery-personal,W/6 B74 S6 K34 S6 G44 YY/8,YY#FCCC00; S#C8002C; B#2C2C80; W#E0E0E0; G#006818; K#101010;,yes,342,70,Name,2,Scottish Tartans Authority; Weddslist,2/2,no,yes,Scottish Tartans Authority,Scottish Tartans Society,01/01/1997,2651.0,weaver_note,Yes.,http://www.tartansauthority.com/tartan-ferret/display/2651/
66,Traill (Personal),traill-personal,R/32 Y4 T14 Y4 LB48 K4 LG/4,K#101010 BLACK; T#604000 BROWN; Y#E8C000 YELLOW; R#C80000 RED; LB#2888C4 LIGHT BLUE; LG#289C18 LIGHT GREEN;,yes,184,70,Clan; Family,2,Scottish Register of Tartans; Scottish Tartans Authority,2/2,no,yes,Scottish Register of Tartans,"Balfour-Traill, Cynthia",24/08/2002,2927.0,weaver_note,Yes.,https://www.tartanregister.gov.uk/tartanDetails.aspx?ref=4146
67,"Walker, Dress (Personal)",walker-dress-personal,MY/8 RB4 R14 RB30 R6 RB6 R6 RB14 CW56 T14 CW12 T/4,CW#F0F0D8 CLEAR; DR#880000 DARK RED; ET#4C0000 EARTH; MY#D09800 M YELLOW; RB#1C0070 ROYAL BLUE; DCR#A00048 CRIMSON; R#C80000 RED; T#604000 BROWN;,yes,336,70,Clan; Family,2,Scottish Register of Tartans; Scottish Tartans Authority,2/2,no,yes,Scottish Register of Tartans,"Hawks, Robert Walker",01/01/1993,2070.0,weaver_note,Yes.,https://www.tartanregister.gov.uk/tartanDetails.aspx?ref=4479
68,Walter (Personal),walter-personal,R/48 WW6 Y8 DG36 P36 OG6 A/8,A#5C8CA8; WW#FCFCFC; R#C80000; Y#E8C000; P#780078; OG#5C6428; DG#003820;,yes,240,70,Name,2,Scottish Tartans Authority; Weddslist,2/2,no,yes,Scottish Tartans Authority,"Scarlett MBE, Jamie",01/01/1994,2436.0,weaver_note,Yes.,http://www.tartansauthority.com/tartan-ferret/display/2436/
69,"d'Andeville, Xavier (Personal)",d-andeville-xavier-personal,R/26 W18 R26 W32 R20 W4 K2 W4 K2 W4 K2 W4 K2 W/4,R#FF0000 SCARLET RED; W#F9F5EF PEROXIDE WHITE; K#1C1714 BLACK;,yes,270,70,Name,2,Scottish Register of Tartans; Scottish Tartans Authority,2/2,no,no,Scottish Register of Tartans,"d'Andeville, Xavier",09/11/2009,,none,,https://www.tartanregister.gov.uk/tartanDetails.aspx?ref=10298
70,de Baseggio (Golden Bones),de-baseggio-golden-bones,B/16 DB24 G4 W4 R4 DB24 B16 DB8 Y4 DB4 Y4 DB4 Y4 DB8 Y12 DB/12,B#5F749C BALMORAL BLUE; Y#E0A126 GOLD; W#F9F5EF PEROXIDE WHITE; G#649848 ROSS GREEN; R#CA2625 BRIGHT SCARLET; DB#041B67 ILLINOIS NAVY;,yes,276,70,Name,2,Scottish Register of Tartans; Scottish Tartans Authority,1/2,no,no,Scottish Register of Tartans,"de Baseggio, Mario",23/05/2012,,none,,https://www.tartanregister.gov.uk/tartanDetails.aspx?ref=10628
71,Pinney's of Scotland,pinney-s-of-scotland,DB/8 G4 B20 Y2 B4 G26 DB22 G26 B26 Y/4,B#2C2C80 BLUE; DB#202060 DARK BLUE; G#006818 GREEN; Y#E8C000 YELLOW;,yes,272,67,Corporate,3,Scottish Register of Tartans; Scottish Tartans Authority; Weddslist,1/3,no,yes,Scottish Register of Tartans,"Lumsden, Keith",01/07/1996,2284.0,none,,https://www.tartanregister.gov.uk/tartanDetails.aspx?ref=3343
72,Wilson's No.156,wilson-s-no-156,R/16 K4 R8 W8 R28 G40 Y6 K30 A22 K4 W12 K4 Y4 K8 A8 W4 R/60,W#E0E0E0 WHITE; A#5C8CA8 LIGHT BLUE; Y#E8C000 YELLOW; G#006818 GREEN; R#C80000 SCARLET; K#101010 BLACK;,yes,456,67,Fashion,2,Scottish Register of Tartans; Weddslist,2/2,no,yes,Scottish Register of Tartans,William Wilson & Sons of Bannockburn,01/01/1819,1599.0,none,,https://www.tartanregister.gov.uk/tartanDetails.aspx?ref=4700
73,Wilson's No.234,wilson-s-no-234,K6 R16,R#C80000 RED; K#101010 BLACK;,no,22,67,Fashion,2,Scottish Register of Tartans; Weddslist,2/2,no,yes,Scottish Register of Tartans,Wilson and Sons of Bannockburn,01/01/1819,1188.0,none,,https://www.tartanregister.gov.uk/tartanDetails.aspx?ref=4761
74,Ensemble Pour L'Avenir,ensemble-pour-l-avenir,B/6 N2 B4 XR28 N4 XR2 N4 B20 XR20 B20 W4 XR4 W4 XR28 N12 XR20 B20 W/4,W#E0E0E0 WHITE; XR#C80000 BASIC RED; N#888888 GREY; B#2C2C80 BLUE;,yes,402,65,District,2,Scottish Register of Tartans; Weddslist,2/2,no,yes,Scottish Register of Tartans,"Morin, Mme",01/01/1998,2595.0,none,,https://www.tartanregister.gov.uk/tartanDetails.aspx?ref=1113
75,"Gudbrandsdalen, Rondastakken",gudbrandsdalen-rondastakken,R/22 G6 R6 G22 DR8 R6 WW4 R/130,G#006818 GREEN; DG#003820 DARK GREEN; DR#880000 DARK RED; R#C80000 RED; WW#FCFCFC WILSON WHITE;,yes,256,65,District,2,Scottish Register of Tartans; Scottish Tartans Authority,2/2,no,yes,Scottish Register of Tartans,,01/01/1830,2086.0,weaver_note,Yes.,https://www.tartanregister.gov.uk/tartanDetails.aspx?ref=1556
76,Ivanka Trump (Personal),ivanka-trump-personal,CLR/24 WW4 K8 WW8 K2 WW48 CLR4 WW4 CLR4 WW4 LB2 WW2 MP6 K4 WW/24,CLR#E87878 CORAL; LB#2888C4 LIGHT BLUE; MP#9C68A4 MAUVE; WW#F8F8F8 WILSON WHITE; K#101010 BLACK;,yes,248,65,Name,2,Scottish Register of Tartans; Scottish Tartans Authority,2/2,no,no,Scottish Register of Tartans,,,,none,,https://www.tartanregister.gov.uk/tartanDetails.aspx?ref=5795
77,King George VI,king-george-vi,R/6 G48 K8 Y4 K6 B4 K12 R8 K4 R6 W/4,R#DC0000 RED; G#005020 MOD GREEN; K#101010 BLACK; Y#E8C000 YELLOW; B#2C4084 BLUE; W#E0E0E0 WHITE;,yes,210,65,Clan; Family,2,Scottish Register of Tartans; Weddslist,2/2,no,yes,Scottish Register of Tartans,,,1484.0,weaver_note,Yes.,https://www.tartanregister.gov.uk/tartanDetails.aspx?ref=1984
78,MacDonald of Aird & Valley,macdonald-of-aird-valley,G/32 DR4 G4 DR48 RB4 DR4 RB12 DR4 RB4 DR8 G32 DR4 RB4 DR/48,DR#880000 DARK RED; G#006818 GREEN; RB#1C0070 ROYAL BLUE;,yes,344,65,Clan; Family,2,Scottish Register of Tartans; Scottish Tartans Authority,2/2,no,no,Scottish Register of Tartans,,,,none,,https://www.tartanregister.gov.uk/tartanDetails.aspx?ref=5024
79,Murray of Abercairney (Personal),murray-of-abercairney-personal,A/6 N2 K2 R24 LR2 G18 LR2 N2 A/6,A#3C82AF BLUE; N#808080 MISSING COLOUR; K#101010 BLACK; R#DC0000 RED; LR#C82828 RED; G#005020 MOD GREEN;,yes,116,65,Name,2,Scottish Register of Tartans; Weddslist,2/2,no,yes,Scottish Register of Tartans,,,383.0,weaver_note,Yes.,https://www.tartanregister.gov.uk/tartanDetails.aspx?ref=3060
80,Nor'Westers,nor-westers,K/2 BL12 R4 WW24 T4 Y8 T4 WG60 K/2,K#101010 BLACK; B#2C2C80 BLUE; T#604000 BROWN; G#006818 GREEN; R#C80000 RED; W#E0E0E0 WHITE; Y#E8C000 YELLOW; BL#1474B4 BALMORAL BLUE; WG#408060 WTHRD GREEN; WW#F8F8F8 WILSON WHITE;,yes,236,65,Commemorative,2,Scottish Register of Tartans; Scottish Tartans Authority,2/2,yes,yes,Scottish Register of Tartans,"Halliday, Miss Evelyn B",01/01/1963,1067.0,none,,https://www.tartanregister.gov.uk/tartanDetails.aspx?ref=3146
81,O'Sullivan,o-sullivan,BL/24 K16 BL40 WW8 RB40 WG16 RB24 WG36 R8 WG16 DY/8,K#101010 BLACK; B#2C2C80 BLUE; DR#880000 DARK RED; DY#E8C000 GOLD; G#006818 GREEN; LN#C0C0C0 LIGHT GRAY; RB#1C0070 ROYAL BLUE; WG#408060 WTHRD GREEN; R#C80000 RED; WW#FCFCFC WILSON WHITE; BL#1474B4 BALMORAL BLUE;,yes,440,65,Clan; Family,2,Scottish Register of Tartans; Scottish Tartans Authority,2/2,no,no,Scottish Register of Tartans,,01/06/2000,2704.0,none,,https://www.tartanregister.gov.uk/tartanDetails.aspx?ref=3272
82,Sinclair-Brown (Personal),sinclair-brown-personal,B/128 K22 R4 K8 R4 K8 G64 GO/8,GO#BC8C00; K#101010; R#C80000; B#2C2C80; G#006818;,yes,356,65,Name,2,Scottish Tartans Authority; Weddslist,2/2,no,yes,Scottish Tartans Authority,,01/01/2002,2189.0,weaver_note,Yes.,http://www.tartansauthority.com/tartan-ferret/display/2189/
83,A2 (Personal),a2-personal,NB/6 R6 NB60 LRB6 NB6 LRB30 NB6 W/6,XB#38409C OXFORD; LRB#5488AC BALMORAL BLUE; R#C80000 RED; W#E0E0E0 WHITE; NB#003C64 NAVY BLUE;,yes,240,60,Name,2,Scottish Register of Tartans; Scottish Tartans Authority,2/2,no,no,Scottish Register of Tartans,"Von Kampen, Albert",,,weaver_note,Yes. Personal tartan.,https://www.tartanregister.gov.uk/tartanDetails.aspx?ref=5708
84,"Abbink, Ingmar (Personal)",abbink-ingmar-personal,G/10 Y44 K22 B44 R/78,R#C8002C RED; B#5F749C BLUE; K#101010 BLACK; Y#F8E38C YELLOW; G#649848 GREEN;,yes,308,60,Name,2,Scottish Register of Tartans; Scottish Tartans Authority,1/2,no,no,Scottish Register of Tartans,"Abbink, Ingmar",29/05/2014,,weaver_note,Yes. Permission to wear/use/weave this tartan must be sought from the designer.,https://www.tartanregister.gov.uk/tartanDetails.aspx?ref=11071
85,Affara (Personal),affara-personal,B/160 K10 G24 K4 Y4 G4 K/20,K#101010 BLACK; B#2C2C80 BLUE; G#006818 GREEN; Y#E8C000 YELLOW;,yes,272,60,Name,2,Scottish Register of Tartans; Scottish Tartans Authority,2/2,no,no,Scottish Register of Tartans,Celtic Craft Centre,01/03/2002,,weaver_note,Yes. Personal tartan for Dr Affara and his family.,https://www.tartanregister.gov.uk/tartanDetails.aspx?ref=25
86,Alexander-Johnstone (Personal),alexander-johnstone-personal,W/4 K2 G16 P4 G16 K4 B4 K4 B4 K4 B48 K2 B4 Y/6,K#101010 BLACK; B#003C64 AZURE; Y#FFFF00 YELLOW; G#003820 GREEN; P#9C68A4 PURPLE; W#FCFCFC WHITE;,yes,234,60,Name,2,Scottish Register of Tartans; Scottish Tartans Authority,1/2,no,no,Scottish Register of Tartans,"Alexander, Chris",14/08/2013,,weaver_note,Yes. Immediate family members may wear this tartan but anyone else wishing to use it should contact the designer.,https://www.tartanregister.gov.uk/tartanDetails.aspx?ref=10907
87,Ayrton of Laoch (Personal),ayrton-of-laoch-personal,R/4 B8 G4 B4 G4 B6 G24 DY4 G24 R/4,B#2C2C80 BLUE; DY#E8C000 GOLD; G#006818 GREEN; R#C80000 RED;,yes,164,60,Name,2,Scottish Register of Tartans; Scottish Tartans Authority,2/2,no,no,Scottish Register of Tartans,"Ayrton, Mr S",01/01/1978,1330.0,weaver_note,Yes.,https://www.tartanregister.gov.uk/tartanDetails.aspx?ref=156
88,Baileville (Personal),baileville-personal,Y/4 K16 Y4 K16 Y44 M4 Y/4,K#101010 BLACK; M#901C38 MARROON; Y#E8C000 YELLOW;,yes,176,60,Name,2,Scottish Register of Tartans; Scottish Tartans Authority,2/2,no,no,Scottish Register of Tartans,"Gurney, David R",01/01/1993,2326.0,weaver_note,Yes.,https://www.tartanregister.gov.uk/tartanDetails.aspx?ref=159
89,Barton-Watson de Bavidge (Personal),barton-watson-de-bavidge-personal,P/6 VDB32 S6 DG34 K32 VDB52 DY2 P/6,K#101010 BLACK; DY#E8C000 GOLD; G#006818 GREEN; NB#003C64 NAVY BLUE; P#680068 PURPLE; S#AC0024 SCARLET; VDB#00002C MIDNIGHT; DG#003820 DARK GREEN;,yes,328,60,Name,2,Scottish Register of Tartans; Scottish Tartans Authority,2/2,no,no,Scottish Register of Tartans,"Barton-Watson, Major A J S de",01/01/1999,2664.0,weaver_note,Yes.,https://www.tartanregister.gov.uk/tartanDetails.aspx?ref=225
90,"Bean Hunting Clan Tartan Tartan Number: 106. Earliest known date: 1987 The weaving and wearing of this tartan is 'Restricted'. This is not a legal definition and is applied by the Scottish Tartans Society irrespective of Design Patent or Copyright, in the spirit of a gentlemans agreement. Interested parties should contact the person listed under 'Source:' in this document. See products available Copyright © Blair Urquhart, Comrie, 2015",bean-hunting-clan-tartan-tartan-number-106-earliest-known-date-1987-the-weaving-and-wearing-of-this-tartan-is-restricted-this-is-not-a-legal-definition-and-is-applied-by-the-scottish-tartans-society-irrespective-of-design-patent-or-copyright-in-the-spirit-of-a-gentlemans-agreement-interested-parties-should-contact-the-person-listed-under-source-in-this-document-see-products-available-copyright-blair-urquhart-comrie-2015,RB/6 DG41 DB20 S15 DG41 S15 DB/6,DB#202060 DARK BLUE; DG#003820 DARK GREEN; RB#1C0070 ROYAL BLUE; S#C8002C SCARLET;,yes,276,60,Scottish Tartans Society,2,House of Tartan; Weddslist,1/2,yes,yes,House of Tartan,,,,none,,http://www.house-of-tartan.scotland.net/house/TartanViewjs.asp?colr=Def&tnam=106
91,Bell of Ardbel (Personal),bell-of-ardbel-personal,OG10 CW4 OG4 P8 OG64 P2 M50 DT8 M8 DT14,DT#441800 DARK BROWN; M#901C38 MARROON; P#780078 PURPLE; CW#FCFCFC WILSON WHITE; OG#5C6428 OLIVE GREEN;,no,172,60,Name,2,Scottish Register of Tartans; Scottish Tartans Authority,1/2,no,no,Scottish Register of Tartans,"Dalgliesh, D C",01/12/1994,2613.0,weaver_note,Yes.,https://www.tartanregister.gov.uk/tartanDetails.aspx?ref=242
92,Ben Murad (Personal),ben-murad-personal,LB10 G4 B10 G6 R4 G6 Y10 G4 DG10 G36 R6 G6 R28 DG26 R30 G6 R6 G36,Y#947024 YELLOW; G#244830 GREEN; R#AC2444 RED; DG#645028 DARK GREEN; LB#447888 LIGHT BLUE; B#205074 BLUE;,no,244,60,Name,2,Scottish Register of Tartans; Scottish Tartans Authority,1/2,no,no,Scottish Register of Tartans,"Urquhart, Blair",,,weaver_note,"Yes. Please contact Roy Murad, Toronto, Ontario L4J 1W3, to wear or use this tartan. Roy Murad [RMurad@linkrp.com] Tel +1 905-764-5465 x 226 Developed for weaving by House of Tartan Ltd, Scotland.",https://www.tartanregister.gov.uk/tartanDetails.aspx?ref=11003
93,Binder Wedding (Personal),binder-wedding-personal,PG/2 B2 K2 B60 K60 W4 B10 Y/2,PG#649848 PALE GREEN; B#2C4084 BLUE; K#101010 BLACK; W#FFFFFF WHITE; Y#FFE600 YELLOW;,yes,280,60,Name,2,Scottish Register of Tartans; Scottish Tartans Authority,1/2,no,no,Scottish Register of Tartans,"Binder, Anna",10/09/2012,,weaver_note,Yes. For family members only.,https://www.tartanregister.gov.uk/tartanDetails.aspx?ref=10728
94,"Birral Burrell Clan Tartan Tartan Number: 658. Earliest known date: 1819 The accounts books of the old firm of weavers, Wilson's of Bannockburn, provide a reliable early source for this tartan. Wilson's were in business with a monopoly to supply tartan to the regiments in the second half of the 18th century before this pattern was recorded. See products available Copyright © Blair Urquhart, Comrie, 2015",birral-burrell-clan-tartan-tartan-number-658-earliest-known-date-1819-the-accounts-books-of-the-old-firm-of-weavers-wilson-s-of-bannockburn-provide-a-reliable-early-source-for-this-tartan-wilson-s-were-in-business-with-a-monopoly-to-supply-tartan-to-the-regiments-in-the-second-half-of-the-18th-century-before-this-pattern-was-recorded-see-products-available-copyright-blair-urquhart-comrie-2015,P/32 W4 R16 LR8 P4 LR8 R16 W4 G64 W4 P16 A8 W4 A8 P16 W4 R/130,A#5C8CA8 AZURE; G#006818 GREEN; P#780078 PURPLE; R#C80000 RED; LR#D05054 ROSE; W#E0E0E0 WHITE;,yes,530,60,Scottish Tartans Society,2,House of Tartan; Weddslist,2/2,yes,yes,House of Tartan,,,,none,,http://www.house-of-tartan.scotland.net/house/TartanViewjs.asp?colr=Def&tnam=658
95,"Bisset Clan Tartan Tartan Number: 1478. Earliest known date: 1976 One of the first tartans designed by the Scottish Tartans Society for a Mrs E. Bisset, who gave the following details for the colours of the sett: The blue and white of the Bisset shield, yellow and black representing the motto, red for the 'eternal flame' and the local tartan; all on a green background. The motto of the Bissets is 'Abscissa virescit' meaning 'Cut me down and I shall grow again'. The yellow represents the wood chips from the axe and the green for the fresh new growth. Bissets are represented in the histories of prominent Scottish families through the female line. Both Chisholms and Frasers married heiress's of the Bisset family. The result being that the Bisset surname has greatly reduced in number. There is no chief of the family at present (1993) but the senior branch are the Bissets of Lessendrum in Aberdeenshire. See products available Copyright © Blair Urquhart, Comrie, 2015",bisset-clan-tartan-tartan-number-1478-earliest-known-date-1976-one-of-the-first-tartans-designed-by-the-scottish-tartans-society-for-a-mrs-e-bisset-who-gave-the-following-details-for-the-colours-of-the-sett-the-blue-and-white-of-the-bisset-shield-yellow-and-black-representing-the-motto-red-for-the-eternal-flame-and-the-local-tartan-all-on-a-green-background-the-motto-of-the-bissets-is-abscissa-virescit-meaning-cut-me-down-and-i-shall-grow-again-the-yellow-represents-the-wood-chips-from-the-axe-and-the-green-for-the-fresh-new-growth-bissets-are-represented-in-the-histories-of-prominent-scottish-families-through-the-female-line-both-chisholms-and-frasers-married-heiress-s-of-the-bisset-family-the-result-being-that-the-bisset-surname-has-greatly-reduced-in-number-there-is-no-chief-of-the-family-at-present-1993-but-the-senior-branch-are-the-bissets-of-lessendrum-in-aberdeenshire-see-products-available-copyright-blair-urquhart-comrie-2015,R/12 G24 K8 G8 K4 Y4 G8 B12 W/4,K#101010 BLACK; B#2C2C80 BLUE; G#006818 GREEN; R#C80000 RED; W#E0E0E0 WHITE; Y#E8C000 YELLOW;,yes,152,60,Scottish Tartans Society,2,House of Tartan; Weddslist,2/2,yes,yes,House of Tartan,,,,none,,http://www.house-of-tartan.scotland.net/house/TartanViewjs.asp?colr=Def&tnam=1478
96,"Blair Clan Tartan Tartan Number: 416. Earliest known date: pre 1963 Described by MacKinlay as a ""Modern family sett"". See products available Copyright © Blair Urquhart, Comrie, 2015",blair-clan-tartan-tartan-number-416-earliest-known-date-pre-1963-described-by-mackinlay-as-a-modern-family-sett-see-products-available-copyright-blair-urquhart-comrie-2015,B/12 R4 B40 K32 G40 R4 G/12,K#101010 BLACK; B#2C2C80 BLUE; G#006818 GREEN; R#C80000 RED;,yes,264,60,Scottish Tartans Society,2,House of Tartan; Weddslist,2/2,yes,yes,House of Tartan,,,,none,,http://www.house-of-tartan.scotland.net/house/TartanViewjs.asp?colr=Def&tnam=416
97,"Blair Dress Clan Tartan Tartan Number: 483. Earliest known date: 1988 Approved by the Clan Blair Society. Registered STS 1988. White introduced to the existing Blair sett. See products available Copyright © Blair Urquhart, Comrie, 2015",blair-dress-clan-tartan-tartan-number-483-earliest-known-date-1988-approved-by-the-clan-blair-society-registered-sts-1988-white-introduced-to-the-existing-blair-sett-see-products-available-copyright-blair-urquhart-comrie-2015,B/4 R4 B32 K12 G32 R4 G4 R4 G32 K12 W40 R4 W/4,K#101010 BLACK; B#2C2C80 BLUE; G#006818 GREEN; R#C80000 RED; W#E0E0E0 WHITE;,yes,368,60,Scottish Tartans Society,2,House of Tartan; Weddslist,2/2,yes,yes,House of Tartan,,,,none,,http://www.house-of-tartan.scotland.net/house/TartanViewjs.asp?colr=Def&tnam=483
98,Bredillet (Personal),bredillet-personal,DB/32 K4 GO4 K4 GO4 K30 DB28 K4 DB28 K30 DB32 K8 WW/2,GO#BC8C00 DARK GOLD; K#101010 BLACK; WW#FFFFFF WILSON WHITE; DB#202060 DARK BLUE;,yes,386,60,Name,2,Scottish Register of Tartans; Scottish Tartans Authority,2/2,no,no,Scottish Register of Tartans,"MacDonald, Peter",01/06/2005,,weaver_note,Yes.,https://www.tartanregister.gov.uk/tartanDetails.aspx?ref=346
99,Broberg (Scania) (Personal),broberg-scania-personal,DR/80 LB40 K5 DY/6,DR#800028 DARK RED; LB#98C8E8 LIGHT BLUE; K#101010 BLACK; DY#D87C00 DARK YELLOW;,yes,176,60,Name,2,Scottish Register of Tartans; Scottish Tartans Authority,1/2,no,no,Scottish Register of Tartans,"Broberg, Göran",19/12/2013,,weaver_note,Yes. Permission must be sought from the designer to wear/use this tartan.,https://www.tartanregister.gov.uk/tartanDetails.aspx?ref=10979
100,Brotherston (Personal),brotherston-personal,K/20 LSB10 P20 G40 K12 G12 B20 R4 B4 R/8,K#101010 BLACK; LSB#98C8E8 LIGHT SKY; G#006818 GREEN; B#2C2C80 BLUE; R#C80000 RED; P#780078 PURPLE;,yes,272,60,Name,2,Scottish Register of Tartans; Scottish Tartans Authority,2/2,no,no,Scottish Register of Tartans,Geoffrey (Tailor) Highland Crafts,01/09/2003,2957.0,weaver_note,Yes.,https://www.tartanregister.gov.uk/tartanDetails.aspx?ref=388
101,"Brown, Barnaby (Personal)",brown-barnaby-personal,G/8 R4 G32 B8 G4 B8 G4 B40 R/8,B#202060 DARK BLUE; G#006818 GREEN; R#C8002C SCARLET;,yes,216,60,Name,2,Scottish Register of Tartans; Scottish Tartans Authority,2/2,no,no,Scottish Register of Tartans,"Fraser, Donald",01/01/1999,2683.0,weaver_note,Yes.,https://www.tartanregister.gov.uk/tartanDetails.aspx?ref=394
102,Brydon (Scottish Borders),brydon-scottish-borders,P/4 DG32 K32 DB4 K4 DB4 K4 DB30 B6 Y/4,K#1C1C1C BLACK; DB#14283C DARK BLUE; B#000080 BLUE; Y#D87C00 YELLOW; DG#004028 DARK GREEN; P#780078 PURPLE;,yes,240,60,Name,2,Scottish Register of Tartans; Scottish Tartans Authority,2/2,no,no,Scottish Register of Tartans,"Brydon, Alan",08/08/2013,,weaver_note,Yes. Permission should be sought from the designer to weave or use this tartan.,https://www.tartanregister.gov.uk/tartanDetails.aspx?ref=10953
103,Buchanan (1850 - Clan),buchanan-1850-clan,B18 G46 K6 B18 K6 Y40 K6 Y40 K6 B18 K6 R40 W6 R40 K6 B18 K6 G46 B18,R#C80000; B#2C2C80; W#E0E0E0; G#006818; Y#E8C000; K#101010;,no,390,60,Robert Bradford,2,Scottish Tartans Authority; House of Tartan,2/2,yes,yes,Scottish Tartans Authority,,,,none,,http://www.tartansauthority.com/tartan-ferret/display/151/
104,"Cameron of Lochiel (Smith) Clan Tartan Tartan Number: 1398. Earliest known date: 1764 According to I.B. Cameron Taylor from a portrait in Achnacarry of the Gentle Lochiel painted by George Chalmers in 1764. He wrote, ""Of the unknown Cameron tartans in existence today, the Chief's personal tartan, the Cameron of Locheil, is undoubtably the oldest."" See products available Copyright © Blair Urquhart, Comrie, 2015",cameron-of-lochiel-smith-clan-tartan-tartan-number-1398-earliest-known-date-1764-according-to-i-b-cameron-taylor-from-a-portrait-in-achnacarry-of-the-gentle-lochiel-painted-by-george-chalmers-in-1764-he-wrote-of-the-unknown-cameron-tartans-in-existence-today-the-chief-s-personal-tartan-the-cameron-of-locheil-is-undoubtably-the-oldest-see-products-available-copyright-blair-urquhart-comrie-2015,R/8 B16 R4 B2 W2 B2 R12 G6 R/12,B#2C2C80 BLUE; G#006818 GREEN; R#C80000 RED; W#E0E0E0 WHITE;,yes,108,60,Scottish Tartans Society,2,House of Tartan; Weddslist,2/2,yes,yes,House of Tartan,,,,none,,http://www.house-of-tartan.scotland.net/house/TartanViewjs.asp?colr=Def&tnam=1398
105,"Campbell of Breadalbane Clan Tartan Tartan Number: 1046. Earliest known date: 1810-15 The earliest reference to this pattern is called simply, Breadalbane. W. and A. Smith (1850) were the first to illustrate the sett in its present form. Wilson's of Bannockburn produced this pattern, the No. 64 or 'Abercrombie' in a variety of colours. (See Graham, MacCallum, Rollo.) See products available Copyright © Blair Urquhart, Comrie, 2015",campbell-of-breadalbane-clan-tartan-tartan-number-1046-earliest-known-date-1810-15-the-earliest-reference-to-this-pattern-is-called-simply-breadalbane-w-and-a-smith-1850-were-the-first-to-illustrate-the-sett-in-its-present-form-wilson-s-of-bannockburn-produced-this-pattern-the-no-64-or-abercrombie-in-a-variety-of-colours-see-graham-maccallum-rollo-see-products-available-copyright-blair-urquhart-comrie-2015,K/6 B18 K18 G18 Y4 G18 K/18,K#101010 BLACK; B#2C2C80 BLUE; G#006818 GREEN; Y#E8C000 YELLOW;,yes,176,60,Scottish Tartans Society,2,House of Tartan; Weddslist,2/2,yes,yes,House of Tartan,,,,none,,http://www.house-of-tartan.scotland.net/house/TartanViewjs.asp?colr=Def&tnam=1046
106,"Campbell of Cawdor Clan Tartan Tartan Number: 2. Earliest known date: 1798 Campbell of Cawdor is one of Wilson's variations based on the military sett. It was originally a numbered pattern, acquiring the name 'Argyle' in 1798 and 'Argylle' in 1819. It is not until W. and A. Smith's work of 1850 that the full title is given, 'Campbell of Cawdor'. This sett is authorized by the present Clan Chief, MacCailien Mor. See products available Copyright © Blair Urquhart, Comrie, 2015",campbell-of-cawdor-clan-tartan-tartan-number-2-earliest-known-date-1798-campbell-of-cawdor-is-one-of-wilson-s-variations-based-on-the-military-sett-it-was-originally-a-numbered-pattern-acquiring-the-name-argyle-in-1798-and-argylle-in-1819-it-is-not-until-w-and-a-smith-s-work-of-1850-that-the-full-title-is-given-campbell-of-cawdor-this-sett-is-authorized-by-the-present-clan-chief-maccailien-mor-see-products-available-copyright-blair-urquhart-comrie-2015,AA/4 K2 G16 K16 B16 K2 R/4,AA#789484 ANC AZURE; K#101010 BLACK; B#2C2C80 BLUE; G#006818 GREEN; R#C80000 RED;,yes,112,60,Scottish Tartans Society,2,House of Tartan; Weddslist,1/2,yes,yes,House of Tartan,,,,none,,http://www.house-of-tartan.scotland.net/house/TartanViewjs.asp?colr=Def&tnam=2
107,"Campbell of Lochawe Clan Tartan Tartan Number: 1038. Earliest known date: pre 2003 MacKinlay strip. Sample in STS collection. See products available Copyright © Blair Urquhart, Comrie, 2015",campbell-of-lochawe-clan-tartan-tartan-number-1038-earliest-known-date-pre-2003-mackinlay-strip-sample-in-sts-collection-see-products-available-copyright-blair-urquhart-comrie-2015,K/4 B22 K52 G22 K/4,K#101010 BLACK; B#2C2C80 BLUE; G#006818 GREEN;,yes,200,60,Scottish Tartans Society,2,House of Tartan; Weddslist,2/2,yes,yes,House of Tartan,,,,none,,http://www.house-of-tartan.scotland.net/house/TartanViewjs.asp?colr=Def&tnam=1038
108,Carr (Personal),carr-personal,STR/4 B12 ARR10 B36 G36 BGG12 G12 ARR56 W2 G6 STR/4,B#00008C BLUE; G#007800 GREEN; ARR#B00000 SCARLET; STR#FCC000 STRAW; W#C8C8C8 WHITE; BGG#8CDC74 OLD GREEN;,yes,372,60,Name,2,Scottish Register of Tartans; Scottish Tartans Authority,2/2,no,no,Scottish Register of Tartans,"Dalgliesh, D C",01/01/2002,,weaver_note,Yes. Prepared for weaving by D C Dalgliesh Ltd.,https://www.tartanregister.gov.uk/tartanDetails.aspx?ref=574
109,"Cheape Clan Tartan Tartan Number: 210. Earliest known date: c.1906 The specimen in the Society's collection was presented by Mrs Dororthy Gray-Cheape of Forfar who was of the opinion that the T:roran (sic) branch of the family from the Glenfarg area, wore the tartan. See products available Copyright © Blair Urquhart, Comrie, 2015",cheape-clan-tartan-tartan-number-210-earliest-known-date-c-1906-the-specimen-in-the-society-s-collection-was-presented-by-mrs-dororthy-gray-cheape-of-forfar-who-was-of-the-opinion-that-the-t-roran-sic-branch-of-the-family-from-the-glenfarg-area-wore-the-tartan-see-products-available-copyright-blair-urquhart-comrie-2015,B/12 K2 B2 K2 B2 K12 G12 A4 G12 K12 B12 K2 B/4,A#5C8CA8 AZURE; K#101010 BLACK; B#2C2C80 BLUE; G#006818 GREEN;,yes,164,60,Scottish Tartans Society,2,House of Tartan; Weddslist,2/2,yes,yes,House of Tartan,,,,none,,http://www.house-of-tartan.scotland.net/house/TartanViewjs.asp?colr=Def&tnam=210
110,Cleghorn (Personal),cleghorn-personal,G/16 R6 G60 K16 WW6 K72 WW/16,G#007800 GREEN; R#8C0000 RED; K#000000 BLACK; WW#F0F0F0 WW;,yes,352,60,Clan; Family,2,Scottish Register of Tartans; Scottish Tartans Authority,2/2,no,no,Scottish Register of Tartans,"Dalgliesh, D C",01/01/2002,,weaver_note,Yes. Prepared for weaving by D C Dalgliesh Ltd.,https://www.tartanregister.gov.uk/tartanDetails.aspx?ref=671
111,Coats (New Zealand),coats-new-zealand,LB/10 B34 DG34 N4 T6 N4 B18 DY12 K/18,K#101010 BLACK; DY#C89800 DARK YELLOW; B#2C2C80 ROYAL BLUE; N#B0B0B0 GREY; T#B07430 BROWN; DG#005020 DARK GREEN; LB#98C8E8 LIGHT BLUE;,yes,252,60,Name,2,Scottish Register of Tartans; Scottish Tartans Authority,1/2,no,no,Scottish Register of Tartans,"Coats, D & W B",20/06/2013,,weaver_note,Yes. This tartan is intended for those directly descended from James and Hellen Coats and other family members who migrated to New Zealand from Scotland between 1850 and 1900.,https://www.tartanregister.gov.uk/tartanDetails.aspx?ref=10871
112,"Colquhoun Dress Clan Tartan Tartan Number: 1960. Earliest known date: 1960 A more recent design and one of the very few asymmetrical setts. The actual thread count has been reduced by half for display. See products available Copyright © Blair Urquhart, Comrie, 2015",colquhoun-dress-clan-tartan-tartan-number-1960-earliest-known-date-1960-a-more-recent-design-and-one-of-the-very-few-asymmetrical-setts-the-actual-thread-count-has-been-reduced-by-half-for-display-see-products-available-copyright-blair-urquhart-comrie-2015,B10 K2 B2 K2 B10 K15 W2 G14 R2 G13 W2 K15 W3 B3 W19 B2 R2 B2 W18 B3 W3 K15,K#101010 BLACK; B#2C2C80 BLUE; G#006818 GREEN; R#C80000 RED; W#E0E0E0 WHITE;,no,159,60,Scottish Tartans Society,2,House of Tartan; Weddslist,2/2,yes,yes,House of Tartan,,,,none,,http://www.house-of-tartan.scotland.net/house/TartanViewjs.asp?colr=Def&tnam=1960
113,"Comyn or MacAulay Tartan Tartan Number: 1157. Earliest known date: 1850 This sett closely resembles the 'Vestiarium' version, but is in fact the one given by Logan as MacAuley and illustrated by MacIan in 'The Clans of the Scottish Highlands', 1847. The Smith brothers said that the sett had the approval of the head of the family og Cumming. See products available Copyright © Blair Urquhart, Comrie, 2015",comyn-or-macaulay-tartan-tartan-number-1157-earliest-known-date-1850-this-sett-closely-resembles-the-vestiarium-version-but-is-in-fact-the-one-given-by-logan-as-macauley-and-illustrated-by-macian-in-the-clans-of-the-scottish-highlands-1847-the-smith-brothers-said-that-the-sett-had-the-approval-of-the-head-of-the-family-og-cumming-see-products-available-copyright-blair-urquhart-comrie-2015,K/4 R36 G12 R6 G18 W2 G18 R/6,K#101010 BLACK; G#006818 GREEN; R#C80000 RED; W#E0E0E0 WHITE;,yes,194,60,Scottish Tartans Society,2,House of Tartan; Weddslist,2/2,yes,yes,House of Tartan,,,,none,,http://www.house-of-tartan.scotland.net/house/TartanViewjs.asp?colr=Def&tnam=1157
114,"Connel Clan Tartan Tartan Number: 1854. Earliest known date: c. 1890 Whether the Wallace, which is known to date from at least 1842, and the Connel tartan are related is uncertain, although the close similarity leads one to suspect that the later 'Connel' is based on the Wallace. The Connels and MacConnels are both claimed as septs of Clan Donald. (P.E. MacDonald) See products available Copyright © Blair Urquhart, Comrie, 2015",connel-clan-tartan-tartan-number-1854-earliest-known-date-c-1890-whether-the-wallace-which-is-known-to-date-from-at-least-1842-and-the-connel-tartan-are-related-is-uncertain-although-the-close-similarity-leads-one-to-suspect-that-the-later-connel-is-based-on-the-wallace-the-connels-and-macconnels-are-both-claimed-as-septs-of-clan-donald-p-e-macdonald-see-products-available-copyright-blair-urquhart-comrie-2015,W/2 R16 K16 Y/2,K#101010 BLACK; R#C80000 RED; W#E0E0E0 WHITE; Y#E8C000 YELLOW;,yes,68,60,Scottish Tartans Society,2,House of Tartan; Weddslist,2/2,yes,yes,House of Tartan,,,,none,,http://www.house-of-tartan.scotland.net/house/TartanViewjs.asp?colr=Def&tnam=1854
115,"Connelly, James (Personal)",connelly-james-personal,DBG/48 LOG24 XR4 DBG24 LOG16 P32 DY8 WW/8,DBG#004830 K GREEN; DY#F0C400 GOLD; WW#E8E8E8 PEROX; LOG#006430 O GREEN; P#442050 H PURPLE; XR#BC1828 CHERRY;,yes,272,60,Name,2,Scottish Register of Tartans; Scottish Tartans Authority,1/2,no,no,Scottish Register of Tartans,James Connelly,18/01/2010,,weaver_note,"Yes. Developed for weaving by House of Tartan, Comrie",https://www.tartanregister.gov.uk/tartanDetails.aspx?ref=10151
116,Coulter Dress (Personal),coulter-dress-personal,SB/6 K4 SB40 G16 TK6 G24 WW40 DR/12,RB#00008C BLUE; G#007800 GREEN; DR#8C0000 RED; MY#C88C00 YELLOW; K#000000 BLACK; WW#F0F0F0 WILSON WHITE; SB#788CB4 AZURE; TK#A0783C LIGHT TAN;,yes,278,60,Clan; Family,2,Scottish Register of Tartans; Scottish Tartans Authority,2/2,no,no,Scottish Register of Tartans,"Dalgliesh, D C",01/01/2002,,weaver_note,Yes. Prepared for weaving by D C Dalgliesh Ltd.,https://www.tartanregister.gov.uk/tartanDetails.aspx?ref=776
117,Courtet-Meyer (Personal),courtet-meyer-personal,K/30 W2 K2 W2 K2 W2 K2 G30 R2 G30 Y4 R10 Y4 W/6,W#F9F5EF PEROXIDE WHITE; Y#E0A126 GOLD; R#CA2625 BRIGHT SCARLET; G#649848 ROSS GREEN; K#1C1714 BLACK;,yes,220,60,Name,2,Scottish Register of Tartans; Scottish Tartans Authority,1/2,no,no,Scottish Register of Tartans,"Courtet, Michèle",19/02/2011,,weaver_note,Yes. Intended for the family and descendants of Henry Courtet and Marguerite Meyer.,https://www.tartanregister.gov.uk/tartanDetails.aspx?ref=10366
118,"Covington, Christopher (Personal)",covington-christopher-personal,B2 LB36 B2 K30 B42 K10 W6 K4 DB14 K4 W6 K66,LB#00FCFC LIGHT BLUE; K#101010 BLACK; B#00008C BLUE; W#FFFFFF WHITE; DB#000048 DARK BLUE;,no,222,60,Name,2,Scottish Register of Tartans; Scottish Tartans Authority,1/2,no,no,Scottish Register of Tartans,"Covington, Christopher Ron",09/03/2014,,weaver_note,Yes. Intended to be worn only by immediate family and decendants of Christopher Ron Covington or by those to whom he gives permission.,https://www.tartanregister.gov.uk/tartanDetails.aspx?ref=11017
119,Crane of Cluny Dress (Personal),crane-of-cluny-dress-personal,Y/4 WW4 K10 R4 K18 WW6 K12 WW/166,Y#E8C000 YELLOW; K#101010 BLACK; WW#FCFCFC WILSON WHITE; R#FF0000 RED;,yes,278,60,Name,2,Scottish Register of Tartans; Scottish Tartans Authority,2/2,no,no,Scottish Register of Tartans,"Lumsden, Keith",01/05/2002,2959.0,weaver_note,Yes. Use of this tartan is controlled by Stuart G Crane of Cluny.,https://www.tartanregister.gov.uk/tartanDetails.aspx?ref=792
120,"Cranstoun Clan Tartan Tartan Number: 706. Earliest known date: 1842 References: The Setts No: 35. W & A K Johnston, 1906. D.C.Stewart (The Setts of the Scottish Tartans, 1950) would have the light green and dark green transposed but this does not correspond to the Vestiarium Scoticum, the only known source for the tartan. The VS version is shown. See products available Copyright © Blair Urquhart, Comrie, 2015",cranstoun-clan-tartan-tartan-number-706-earliest-known-date-1842-references-the-setts-no-35-w-a-k-johnston-1906-d-c-stewart-the-setts-of-the-scottish-tartans-1950-would-have-the-light-green-and-dark-green-transposed-but-this-does-not-correspond-to-the-vestiarium-scoticum-the-only-known-source-for-the-tartan-the-vs-version-is-shown-see-products-available-copyright-blair-urquhart-comrie-2015,LG/28 B2 LG2 B2 LG6 B12 G24 R/4,B#2C2C80 BLUE; G#006818 GREEN; LG#289C18 LIGHT GREEN; R#C80000 RED;,yes,128,60,Scottish Tartans Society,2,House of Tartan; Weddslist,2/2,yes,yes,House of Tartan,,,,none,,http://www.house-of-tartan.scotland.net/house/TartanViewjs.asp?colr=Def&tnam=706
121,"Cree Clan Tartan Tartan Number: 1856. Earliest known date: 1981 A branch of the Stewart clan from Galloway and the South West of Scotland. See products available Copyright © Blair Urquhart, Comrie, 2015",cree-clan-tartan-tartan-number-1856-earliest-known-date-1981-a-branch-of-the-stewart-clan-from-galloway-and-the-south-west-of-scotland-see-products-available-copyright-blair-urquhart-comrie-2015,W/6 R6 K6 R10 G14 K4 W6 K4 Y6 K14 B4 DT44 Y/6,K#101010 BLACK; B#2C2C80 BLUE; DT#441800 DARK BROWN; G#006818 GREEN; R#C80000 RED; W#E0E0E0 WHITE; Y#E8C000 YELLOW;,yes,248,60,Scottish Tartans Society,2,House of Tartan; Weddslist,2/2,yes,yes,House of Tartan,,,,none,,http://www.house-of-tartan.scotland.net/house/TartanViewjs.asp?colr=Def&tnam=1856
122,Crinnion (Middlesbrough) (Personal),crinnion-middlesbrough-personal,B/12 K4 N12 P16 G/12,B#275EDC ROYAL BLUE; K#101010 BLACK; N#D1D5CD SHALE GREY; P#761CA0 DEEP PURPLE; G#0BB43F EMERALD GREEN;,yes,88,60,Name,2,Scottish Register of Tartans; Scottish Tartans Authority,1/2,no,no,Scottish Register of Tartans,"Crinnion, Michelle",28/10/2012,,weaver_note,Yes. For Michelle Crinnon and her immediate family only.,https://www.tartanregister.gov.uk/tartanDetails.aspx?ref=10789
123,Dalgliesh Dress,dalgliesh-dress,G/20 K20 LN8 K4 DY4 K4 LN6 K24 LN24 K4 LN/6,K#101010 BLACK; DY#E8C000 GOLD; G#006818 GREEN; LN#C0C0C0 LIGHT GRAY;,yes,222,60,Clan; Family,2,Scottish Register of Tartans; Scottish Tartans Authority,2/2,no,no,Scottish Register of Tartans,"Dalgliesh, D. C.",01/01/2002,,weaver_note,Yes. Prepared for weaving by D C Dalgliesh Ltd.,https://www.tartanregister.gov.uk/tartanDetails.aspx?ref=876
124,"Dauphinee (Trussville, Alabama) (Personal)",dauphinee-trussville-alabama-personal,R/18 K8 W12 K8 B42 Y6 B26 K4 W8 K4 R/12,R#FF0000 BRIGHT SCARLET; K#101010 BLACK; W#FFFFFF PEROXIDE WHITE; B#1B3357 RRAITH BLUE; Y#EEB422 GOLD;,yes,266,60,Name,2,Scottish Register of Tartans; Scottish Tartans Authority,1/2,no,no,Scottish Register of Tartans,"Dauphinee, Andrew",27/06/2012,,weaver_note,Yes. For the designer and his family only.,https://www.tartanregister.gov.uk/tartanDetails.aspx?ref=10648
125,"Deas Clan Tartan Tartan Number: 2139. Earliest known date: pre 2003 The name Deas is described as an 'alias' for Davidson in historic records, and is a recognised sept of Clan Dhai (Davidson). See products available Copyright © Blair Urquhart, Comrie, 2015",deas-clan-tartan-tartan-number-2139-earliest-known-date-pre-2003-the-name-deas-is-described-as-an-alias-for-davidson-in-historic-records-and-is-a-recognised-sept-of-clan-dhai-davidson-see-products-available-copyright-blair-urquhart-comrie-2015,G/42 K4 R16 K12 R16 K4 B42 K4 B4 K24 Y6 K24 G4 K/4,K#101010 BLACK; B#2C2C80 BLUE; G#006818 GREEN; R#C80000 RED; Y#E8C000 YELLOW;,yes,366,60,Scottish Tartans Society,2,House of Tartan; Weddslist,2/2,yes,yes,House of Tartan,,,,none,,http://www.house-of-tartan.scotland.net/house/TartanViewjs.asp?colr=Def&tnam=2139
126,Deighan (Edinburgh),deighan-edinburgh,DN/8 MB86 K40 DN14 N/4,DN#1B1B1B DARK GREY; MB#01002C MIDNIGHT BLUE; K#101010 BLACK; N#696969 GREY;,yes,292,60,Name,2,Scottish Register of Tartans; Scottish Tartans Authority,1/2,no,no,Scottish Register of Tartans,"Deighan, Mark",18/09/2010,,weaver_note,"Yes. Please seek permission from Mr Mark Deighan, designer, before weaving this tartan.",https://www.tartanregister.gov.uk/tartanDetails.aspx?ref=10287
127,"Denny Hunting Clan Tartan Tartan Number: 518. Earliest known date: pre 2003 This tartan is remarkably similar to the Durham sett designed by Wilson's of Bannockburn around 1819. The variation in proportions may point to a deliberate modification suggested by the links between the names. See products available Copyright © Blair Urquhart, Comrie, 2015",denny-hunting-clan-tartan-tartan-number-518-earliest-known-date-pre-2003-this-tartan-is-remarkably-similar-to-the-durham-sett-designed-by-wilson-s-of-bannockburn-around-1819-the-variation-in-proportions-may-point-to-a-deliberate-modification-suggested-by-the-links-between-the-names-see-products-available-copyright-blair-urquhart-comrie-2015,B/2 R32 G12 K2 G12 K/2,K#101010 BLACK; B#2C2C80 BLUE; G#006818 GREEN; R#C80000 RED;,yes,120,60,Scottish Tartans Society,2,House of Tartan; Weddslist,2/2,yes,yes,House of Tartan,,,,none,,http://www.house-of-tartan.scotland.net/house/TartanViewjs.asp?colr=Def&tnam=518
128,"Dewar, Robert Alexander",dewar-robert-alexander,DG/30 NB16 K10 NB16 DG30 Y6 DG30 NB16 K/10,DG#003820 DARKGREEN; NB#003C64 NAVYBLUE; K#101010 BLACK; Y#E8C000 YELLOW;,yes,288,60,Name,2,Scottish Register of Tartans; Scottish Tartans Authority,1/2,no,no,Scottish Register of Tartans,Dewar/Urquhart,19/02/2009,,weaver_note,Yes. Those of the name of Dewar who wish to use this tartan are requested to contact Mr Robert Dewar via the registrant detailed below.This tartan is to be woven by House of Tartan Ltd only.,https://www.tartanregister.gov.uk/tartanDetails.aspx?ref=10006
129,Dobrain (Personal),dobrain-personal,NN/16 LN8 K6 LC28 LN4 K12 NN4 LC8 LN4 LC/48,LC#C82800 GOV CRIMSON; K#000000 BLACK; NN#646464 MEDIUM GREY; LN#8C8C8C LIGHT GREY;,yes,212,60,Name,2,Scottish Register of Tartans; Scottish Tartans Authority,2/2,no,no,Scottish Register of Tartans,"Dalgliesh, D C",01/01/2002,,weaver_note,Yes. Prepared for weaving by D C Dalgliesh Ltd.,https://www.tartanregister.gov.uk/tartanDetails.aspx?ref=941
130,Dobson (Palm Bay) (Personal),dobson-palm-bay-personal,DG/30 K24 DB30 T12 Y6 G/90,G#00643C SGREEN; Y#E0A126 GOLD; T#441800 BROWN; DB#202060 DARK BLUE; K#1C1714 BLACK; DG#003820 DARK GREEN;,yes,264,60,Name,2,Scottish Register of Tartans; Scottish Tartans Authority,2/2,no,no,Scottish Register of Tartans,"Matson, Kelly Dobson",07/11/2013,,weaver_note,Yes. Please contact the designer to wear/use this tartan.,https://www.tartanregister.gov.uk/tartanDetails.aspx?ref=10943
131,Dow - Aerlift,dow-aerlift,B28 G4 B4 G28 K4 G28 K4 G4 K18 R4 K16 Y4 K18 G4 K4 G28 K4 G28 B4 G4 B28 W4,G#23321B BOTTLE GREEN; B#433A5A ILLINOIS NAVY; K#1C1714 BLACK; R#CA2625 BRIGHT SCARLET; W#F9F5EF PEROXIDE WHITE; Y#E0A126 GOLD;,no,272,60,Name,2,Scottish Register of Tartans; Scottish Tartans Authority,1/2,no,no,Scottish Register of Tartans,"Dow, James & Graham",06/09/2012,,weaver_note,"Yes. Only by weavers who have been specifically requested to weave by a person named ""Dow""; or a person with that as a maiden name; or a person who has a proven lineage to a person named ""Dow"".",https://www.tartanregister.gov.uk/tartanDetails.aspx?ref=10704
132,"Drumlithie Rock and Wheel Tartan Tartan Number: 1414. Earliest known date: pre 2003 tba See products available Copyright © Blair Urquhart, Comrie, 2015",drumlithie-rock-and-wheel-tartan-tartan-number-1414-earliest-known-date-pre-2003-tba-see-products-available-copyright-blair-urquhart-comrie-2015,R/4 P6 LR4 R30 P6 G38 P40 R30 P6 LR4 R/4,G#006818 GREEN; P#780078 PURPLE; R#C80000 RED; LR#D05054 ROSE;,yes,336,60,Scottish Tartans Society,2,House of Tartan; Weddslist,1/2,yes,yes,House of Tartan,,,,none,,http://www.house-of-tartan.scotland.net/house/TartanViewjs.asp?colr=Def&tnam=1414
133,"Drummond Clan Tartan Tartan Number: 457. Earliest known date: 1822 The sett closely resembles the pattern used by McIan for his Drummond figure, which Logan asserts is in fact a Grant tartan. Nevertheless it is established that the Drummonds wore this sett to meet George IV in Edinburgh in 1822. The illustration here come from a sample in the MacGregor-Hastie Collection. There is also a Drummond of Perth sett. See products available Copyright © Blair Urquhart, Comrie, 2015",drummond-clan-tartan-tartan-number-457-earliest-known-date-1822-the-sett-closely-resembles-the-pattern-used-by-mcian-for-his-drummond-figure-which-logan-asserts-is-in-fact-a-grant-tartan-nevertheless-it-is-established-that-the-drummonds-wore-this-sett-to-meet-george-iv-in-edinburgh-in-1822-the-illustration-here-come-from-a-sample-in-the-macgregor-hastie-collection-there-is-also-a-drummond-of-perth-sett-see-products-available-copyright-blair-urquhart-comrie-2015,B/4 R12 B4 R6 G48 R4 G4 R4 B18 R4 A4 R56 B4 R4 B2 R/12,A#5C8CA8 AZURE; B#2C2C80 BLUE; G#006818 GREEN; R#C80000 RED;,yes,364,60,Scottish Tartans Society,2,House of Tartan; Weddslist,2/2,yes,yes,House of Tartan,,,,none,,http://www.house-of-tartan.scotland.net/house/TartanViewjs.asp?colr=Def&tnam=457
134,Drummond of Perth (Clan),drummond-of-perth-clan,R/72 W2 B6 Y2 G32 R16 B6 AB4 W/2,B#2C2C80; W#E0E0E0; G#006818; Y#E8C000; R#C80000; AB#1870A4;,yes,210,60,Robert Bradford,2,Scottish Tartans Authority; House of Tartan,1/2,yes,yes,Scottish Tartans Authority,,,,none,,http://www.tartansauthority.com/tartan-ferret/display/1711/
135,"Drummond of Strathallan Clan Tartan Tartan Number: 671. Earliest known date: 1812 This sett is also known as Ogilvie or Ogilvy. The full sett cannot be displayed in this medium. The Drummond of Strathallan tartan was adopted by the 6th Earl of Airlie on his marriage to Clementina Drummond in 1812. Weavers count available from STS archives. See products available Copyright © Blair Urquhart, Comrie, 2015",drummond-of-strathallan-clan-tartan-tartan-number-671-earliest-known-date-1812-this-sett-is-also-known-as-ogilvie-or-ogilvy-the-full-sett-cannot-be-displayed-in-this-medium-the-drummond-of-strathallan-tartan-was-adopted-by-the-6th-earl-of-airlie-on-his-marriage-to-clementina-drummond-in-1812-weavers-count-available-from-sts-archives-see-products-available-copyright-blair-urquhart-comrie-2015,W/6 G10 Y6 K6 R10 W6 R10 W6 R10 K6 Y6 G26 K6 G26 K6 G26 Y6 K6 R10 W6 R10 W6 R10 K26 W2 B6 W2 K26 Y16 G10 Y6 G10 Y16 B6 R6 K6 R26 W2 B2 W2 R26 W2 B2 W2 R26 K6 R6 B6 Y6 G10 W6 G10 Y6 K10 R10 W6 R10 K6 Y16 G10 Y16 K6 R6 K6 R/6,K#101010 BLACK; B#2C2C80 BLUE; G#006818 GREEN; R#C80000 RED; W#E0E0E0 WHITE; Y#E8C000 YELLOW;,yes,1224,60,Scottish Tartans Society,2,House of Tartan; Weddslist,2/2,yes,yes,House of Tartan,,,,none,,http://www.house-of-tartan.scotland.net/house/TartanViewjs.asp?colr=Def&tnam=671
136,"Dyce Clan Tartan Tartan Number: 291. Earliest known date: 1906 From W & A.K. Johnston 1906. A Dyce appears in J Claude's 1880 pattern books 'Clans Originaux' which shows single black lines on the blue rather than the tramlines shown here. This is the modern accepted version as woven by The House of Edgar. See products available Copyright © Blair Urquhart, Comrie, 2015",dyce-clan-tartan-tartan-number-291-earliest-known-date-1906-from-w-a-k-johnston-1906-a-dyce-appears-in-j-claude-s-1880-pattern-books-clans-originaux-which-shows-single-black-lines-on-the-blue-rather-than-the-tramlines-shown-here-this-is-the-modern-accepted-version-as-woven-by-the-house-of-edgar-see-products-available-copyright-blair-urquhart-comrie-2015,B/18 K2 B2 K2 B2 K16 G16 Y2 K2 Y2 G16 K16 B16 W/2,K#101010 BLACK; B#2C2C80 BLUE; G#006818 GREEN; W#E0E0E0 WHITE; Y#E8C000 YELLOW;,yes,208,60,Scottish Tartans Society,2,House of Tartan; Weddslist,2/2,yes,yes,House of Tartan,,,,none,,http://www.house-of-tartan.scotland.net/house/TartanViewjs.asp?colr=Def&tnam=291
137,Easton (2014),easton-2014,B/6 DB4 W2 DB100 Y2 DB4 R/6,DB#141E46 DARK BLUE; Y#D8B000 YELLOW; R#DC0000 RED; W#FFFFFF WHITE; B#5F749C BLUE;,yes,236,60,Name,2,Scottish Register of Tartans; Scottish Tartans Authority,1/2,no,no,Scottish Register of Tartans,"Dalgliesh, D C",26/08/2014,,weaver_note,Yes. Prepared for weaving by D C Dalgliesh Ltd.,https://www.tartanregister.gov.uk/tartanDetails.aspx?ref=11121
138,Edelstein (Personal),edelstein-personal,P/60 B60 G60 W6 DY/6,G#006818 GREEN; P#780078 PURPLE; B#2C2C80 BLUE; W#E0E0E0 WHITE; DY#E8C000 GOLD;,yes,318,60,Name,2,Scottish Register of Tartans; Scottish Tartans Authority,2/2,no,no,Scottish Register of Tartans,"Edelstein, Anthony",01/01/2006,,weaver_note,"Yes. Only direct descendants of Anthony S Edelstein and his wife may wear this tartan. Others may obtain written permission to wear this tartan. No one else may wear or weave this tartan without written permission from the designer, or upon his death, his designee.Permission to weave must be obtained from the designer, or upon his death, his designee.",https://www.tartanregister.gov.uk/tartanDetails.aspx?ref=1071
139,Elbrick Dress (Personal),elbrick-dress-personal,WW/10 BL4 R90 Y4 WG40 R12 BL44 R/12,BL#1474B4 BALMORAL BLUE; WG#408060 WTHRD GREEN; Y#E8C000 YELLOW; R#C80000 RED; WW#FCFCFC WILSON WHITE;,yes,410,60,Name,2,Scottish Register of Tartans; Scottish Tartans Authority,2/2,no,no,Scottish Register of Tartans,Kinloch Anderson Ltd,01/12/2001,2971.0,weaver_note,Yes. Kinloch Anderson Ltd are appointed as custodians for this tartan.,https://www.tartanregister.gov.uk/tartanDetails.aspx?ref=1095
140,Elbrick Hunting (Personal),elbrick-hunting-personal,W/10 LB2 G90 Y2 T40 G12 A44 G/12,W#E0E0E0 WHITE; LB#2888C4 LIGHT BLUE; G#006818 GREEN; Y#E8C000 YELLOW; T#604000 BROWN; A#5C8CA8 AZURE;,yes,402,60,Name,2,Scottish Register of Tartans; Scottish Tartans Authority,2/2,no,no,Scottish Register of Tartans,Kinloch Anderson Ltd,01/12/2004,3034.0,weaver_note,Yes. Kinloch Anderson Ltd are the appointed custodians of this tartan.,https://www.tartanregister.gov.uk/tartanDetails.aspx?ref=5052
141,"Ferguson Dress Clan Tartan Tartan Number: 92. Earliest known date: 1980 See also 371 where the dark blue is changed to black. These are problably one and the same tartan. Dark blue being the correct colour. See products available Copyright © Blair Urquhart, Comrie, 2015",ferguson-dress-clan-tartan-tartan-number-92-earliest-known-date-1980-see-also-371-where-the-dark-blue-is-changed-to-black-these-are-problably-one-and-the-same-tartan-dark-blue-being-the-correct-colour-see-products-available-copyright-blair-urquhart-comrie-2015,A/68 DB48 W36 DR6 W36 G4 W/6,A#588CA8 AZURE; DB#202060 DARK BLUE; G#006818 GREEN; R#C80000 RED; W#E0E0E0 WHITE; DR#880000 DARK RED; HSB#048888 HSA BLUE;,yes,334,60,Scottish Tartans Society,2,House of Tartan; Weddslist,2/2,yes,yes,House of Tartan,,,,none,,http://www.house-of-tartan.scotland.net/house/TartanViewjs.asp?colr=Def&tnam=92
142,"Ferguson of Athol Clan Tartan Tartan Number: 337. Earliest known date: 1850 D.C. Stewart points to the similarity with the Murray of Athol as a common source or association for the tartan. Some of the Fergussons of Athol and the MacLarens were followers of the Murray of Athol. The Ferguson tartan has a white stripe where the MacLaren has yellow. Chiefs of the clan are the Fergussons of Kilkerran, descended from Fergus of Dalriada, who brought the Stone of Scone to Scotland. See products available Copyright © Blair Urquhart, Comrie, 2015",ferguson-of-athol-clan-tartan-tartan-number-337-earliest-known-date-1850-d-c-stewart-points-to-the-similarity-with-the-murray-of-athol-as-a-common-source-or-association-for-the-tartan-some-of-the-fergussons-of-athol-and-the-maclarens-were-followers-of-the-murray-of-athol-the-ferguson-tartan-has-a-white-stripe-where-the-maclaren-has-yellow-chiefs-of-the-clan-are-the-fergussons-of-kilkerran-descended-from-fergus-of-dalriada-who-brought-the-stone-of-scone-to-scotland-see-products-available-copyright-blair-urquhart-comrie-2015,B/48 K16 G16 R4 G16 K2 W/4,K#101010 BLACK; B#2C2C80 BLUE; G#006818 GREEN; R#C80000 RED; W#E0E0E0 WHITE;,yes,160,60,Scottish Tartans Society,2,House of Tartan; Weddslist,2/2,yes,yes,House of Tartan,,,,none,,http://www.house-of-tartan.scotland.net/house/TartanViewjs.asp?colr=Def&tnam=337
143,Fily (Verneuil L'tang) (Personal),fily-verneuil-l-tang-personal,B/6 W12 K/120,K#101010 BLACK; W#FFFFFF WHITE; B#82CFFD AZURE BLUE;,yes,150,60,Name,2,Scottish Register of Tartans; Scottish Tartans Authority,1/2,no,no,Scottish Register of Tartans,"Fily, Sylvain Roger",10/09/2010,,weaver_note,"Yes. Intended to be worn by the descendants of Raoul Fily, born in Rouen in Normandie in 1885.",https://www.tartanregister.gov.uk/tartanDetails.aspx?ref=10335
144,"Fletcher of Dunans Clan Tartan Tartan Number: 272. Earliest known date: 1906 The Fletchers of Dunans tartan is distinguished by a red stripe in place of the more usual black. Fletchers were arrow makers associated with the Stewarts and Campbells in Argyll and with the MacGregors in Perthshire. See products available Copyright © Blair Urquhart, Comrie, 2015",fletcher-of-dunans-clan-tartan-tartan-number-272-earliest-known-date-1906-the-fletchers-of-dunans-tartan-is-distinguished-by-a-red-stripe-in-place-of-the-more-usual-black-fletchers-were-arrow-makers-associated-with-the-stewarts-and-campbells-in-argyll-and-with-the-macgregors-in-perthshire-see-products-available-copyright-blair-urquhart-comrie-2015,B/12 K2 B12 K16 R2 G16 R/4,K#101010 BLACK; B#2C2C80 BLUE; G#006818 GREEN; R#C80000 RED;,yes,112,60,Scottish Tartans Society,2,House of Tartan; Weddslist,2/2,yes,yes,House of Tartan,,,,none,,http://www.house-of-tartan.scotland.net/house/TartanViewjs.asp?colr=Def&tnam=272
145,Fogarty (Tipperary),fogarty-tipperary,R/4 B60 G35 B4 DY4 B4 T12 B18 K3 W/2,R#CD0000 RED; B#4169E1 BLUE; G#458B00 GREEN; DY#EEB422 DARK YELLOW; T#734A12 BROWN; K#101010 BLACK; W#FFFFFF WHITE;,yes,286,60,Name,2,Scottish Register of Tartans; Scottish Tartans Authority,1/2,no,no,Scottish Register of Tartans,USA Kilts,27/02/2010,,weaver_note,"Yes. This tartan is available, with written permission from Brian Fogarty, to all Fogartys (descendants of O'Fogartaigh regardless of spelling), officials of the township of Thurles, Ireland and officials of County Tipperary, Ireland. Contact information: Brian M Fogarty, email: fogartyb@yahoo.com",https://www.tartanregister.gov.uk/tartanDetails.aspx?ref=10180
146,"Forbes Ancient Clan Tartan Tartan Number: 212. Earliest known date: Logan 1831 Lord Lyon includes the word 'Ancient' in register entry. The Clan Forbes is said to originate from one Ochonochar, who slew a bear to gain possession of the Braes of Forbes in Aberdeenshire. The charter for the land was granted later in 1271. See products available Copyright © Blair Urquhart, Comrie, 2015",forbes-ancient-clan-tartan-tartan-number-212-earliest-known-date-logan-1831-lord-lyon-includes-the-word-ancient-in-register-entry-the-clan-forbes-is-said-to-originate-from-one-ochonochar-who-slew-a-bear-to-gain-possession-of-the-braes-of-forbes-in-aberdeenshire-the-charter-for-the-land-was-granted-later-in-1271-see-products-available-copyright-blair-urquhart-comrie-2015,B/2 K12 B12 K12 G12 K2 W/2,K#101010 BLACK; B#2C2C80 BLUE; G#006818 GREEN; W#E0E0E0 WHITE;,yes,104,60,Scottish Tartans Society,2,House of Tartan; Weddslist,2/2,yes,yes,House of Tartan,,,,none,,http://www.house-of-tartan.scotland.net/house/TartanViewjs.asp?colr=Def&tnam=212
147,"Fraser Hunting Dress Clan Tartan Tartan Number: 603. Earliest known date: pre 2003 In the Hunting Fraser, brown replaces the red of the Clan sett. The late Charles Ian Fraser of Reeling said, in his publication, ""Clan Fraser"", that this sett was designed by the Sobieski Stuart brothers at the request of Lord Lovat for use by the Inverness and Nairn militia. A letter to Lord Lovat from the War Office, c.1855, authorised the use of the Fraser tartan for the corps. The tartan is worn by the Boghall & Bathgate pipe bands. (Strathallan 1994) See products available Copyright © Blair Urquhart, Comrie, 2015",fraser-hunting-dress-clan-tartan-tartan-number-603-earliest-known-date-pre-2003-in-the-hunting-fraser-brown-replaces-the-red-of-the-clan-sett-the-late-charles-ian-fraser-of-reeling-said-in-his-publication-clan-fraser-that-this-sett-was-designed-by-the-sobieski-stuart-brothers-at-the-request-of-lord-lovat-for-use-by-the-inverness-and-nairn-militia-a-letter-to-lord-lovat-from-the-war-office-c-1855-authorised-the-use-of-the-fraser-tartan-for-the-corps-the-tartan-is-worn-by-the-boghall-bathgate-pipe-bands-strathallan-1994-see-products-available-copyright-blair-urquhart-comrie-2015,B/8 T48 G34 T6 W36 T6 W36 T6 G34 T48 R/8,B#2C2C80 BLUE; T#604000 BROWN; G#006818 GREEN; R#C80000 RED; W#E0E0E0 WHITE;,yes,524,60,Scottish Tartans Society,2,House of Tartan; Weddslist,1/2,yes,yes,House of Tartan,,,,none,,http://www.house-of-tartan.scotland.net/house/TartanViewjs.asp?colr=Def&tnam=603
148,"Fraser of Altyre Clan Tartan Tartan Number: 528. Earliest known date: (c.1850) Proportional count of silk sample from Messrs Andersons of Edinburgh (now Kinloch Anderson). MacGregor-Hastie was of the opinion that the sett could be dated to around 1850, based on the story of an 'old lady' (c.1938) who said that a kilt of this pattern had been in the family for generations. The MacGregor-Hastie collection is housed at the Scottish Tartans Museum, Stirling. (1994) See products available Copyright © Blair Urquhart, Comrie, 2015",fraser-of-altyre-clan-tartan-tartan-number-528-earliest-known-date-c-1850-proportional-count-of-silk-sample-from-messrs-andersons-of-edinburgh-now-kinloch-anderson-macgregor-hastie-was-of-the-opinion-that-the-sett-could-be-dated-to-around-1850-based-on-the-story-of-an-old-lady-c-1938-who-said-that-a-kilt-of-this-pattern-had-been-in-the-family-for-generations-the-macgregor-hastie-collection-is-housed-at-the-scottish-tartans-museum-stirling-1994-see-products-available-copyright-blair-urquhart-comrie-2015,B/4 R4 G80 R4 B4 R4 B9 R9 B80 R4 B4 R89 B4 R/9,B#2C2C80 BLUE; G#006818 GREEN; R#C80000 RED;,yes,603,60,Scottish Tartans Society,2,House of Tartan; Weddslist,2/2,yes,yes,House of Tartan,,,,none,,http://www.house-of-tartan.scotland.net/house/TartanViewjs.asp?colr=Def&tnam=528
149,"Fraser of Lovat Clan Tartan Tartan Number: 391. Earliest known date: 1893 'Old and Rare Scottish Tartans' (1893), contains a selection of forty five setts, woven in silk, of special interest and antiquity. The author was D.W. Stewart. Lord Lovat, 84 year old war veteran and chief of the Frasers of Lovat, died in March 1995. His grandson, Simon Fraser, became the 25th chief of the clan. See products available Copyright © Blair Urquhart, Comrie, 2015",fraser-of-lovat-clan-tartan-tartan-number-391-earliest-known-date-1893-old-and-rare-scottish-tartans-1893-contains-a-selection-of-forty-five-setts-woven-in-silk-of-special-interest-and-antiquity-the-author-was-d-w-stewart-lord-lovat-84-year-old-war-veteran-and-chief-of-the-frasers-of-lovat-died-in-march-1995-his-grandson-simon-fraser-became-the-25th-chief-of-the-clan-see-products-available-copyright-blair-urquhart-comrie-2015,B/2 R2 B24 G24 R32 W4 R32 G24 R2 B2 R2 B/32,B#2C2C80 BLUE; G#006818 GREEN; R#C80000 RED; W#E0E0E0 WHITE;,yes,330,60,Scottish Tartans Society,2,House of Tartan; Weddslist,2/2,yes,yes,House of Tartan,,,,none,,http://www.house-of-tartan.scotland.net/house/TartanViewjs.asp?colr=Def&tnam=391
150,Free (Wishaw),free-wishaw,B/8 K4 NB15 K16 G16 K4 G6 K4 G16 K16 W2 NB6 M/6,B#0000EE BLUE; K#101010 BLACK; NB#000080 NAVY BLUE; G#006400 GREEN; W#FFFFFF WHITE; M#8B1C62 MAGENTA;,yes,224,60,Name,2,Scottish Register of Tartans; Scottish Tartans Authority,1/2,no,no,Scottish Register of Tartans,"MacDonald, Ken",01/02/2010,,weaver_note,Yes. Available for wear by anyone of the name of Free.Must be woven by Houston Kiltmakers (www.kiltmakers.com).Woven by Ken MacDonald at shop@kiltmakers.com,https://www.tartanregister.gov.uk/tartanDetails.aspx?ref=10156
151,"Froben, Christian (Personal)",froben-christian-personal,K/4 W4 K16 Y16 DB48 G26 K6 DR/2,G#004C00 GREEN; DR#781C38 DARK RED; Y#DC9436 YELLOW; K#101010 BLACK; W#FCFCFC WHITE; DB#141E46 DARK BLUE;,yes,238,60,Name,2,Scottish Register of Tartans; Scottish Tartans Authority,1/2,no,no,Scottish Register of Tartans,"Froben, Dr Christian M G",05/05/2014,,weaver_note,Yes. Please contact the designer for permission to wear/use this tartan.,https://www.tartanregister.gov.uk/tartanDetails.aspx?ref=11053
152,Fuller of Hopewell (Personal),fuller-of-hopewell-personal,K/4 W4 K72 B80 W4 LR4 Y/4,LR#C80050 LIGHT RED; Y#EC8048 LIGHT ORANGE; B#2C2C80 BLUE; W#F8F8F8 WHITE; K#101010 BLACK;,yes,336,60,Name,2,Scottish Register of Tartans; Scottish Tartans Authority,2/2,no,no,Scottish Register of Tartans,"Fuller, Anthony & Sarah",01/09/2005,,weaver_note,Yes. Created as a personal family tartan for Anthony and Sarah Fuller.,https://www.tartanregister.gov.uk/tartanDetails.aspx?ref=1289
153,Gamblin Thompson (Personal),gamblin-thompson-personal,LB/8 WG52 R8 K24 B92 WW/4,B#2C2C80 BLUE; WW#FCFCFC WILSON WHITE; K#101010 BLACK; R#C80000 RED; WG#408060 WTHRD GREEN; LB#2888C4 LIGHT BLUE;,yes,364,60,Name,2,Scottish Register of Tartans; Scottish Tartans Authority,2/2,no,no,Scottish Register of Tartans,Viking Technology Ltd,15/02/2004,2995.0,weaver_note,Yes.,https://www.tartanregister.gov.uk/tartanDetails.aspx?ref=1309
154,"Gayre Hunting Clan Tartan Tartan Number: 165. Earliest known date: 1963 Five versions of Gayre tartan are recorded. Hunting, Dress, Bodyguard, Arisaidh and the version recorded by Lord Lyon, the Clan sett. This can be found in the Public Register of All Arms and Bearings in Scotland. (1992) See products available Copyright © Blair Urquhart, Comrie, 2015",gayre-hunting-clan-tartan-tartan-number-165-earliest-known-date-1963-five-versions-of-gayre-tartan-are-recorded-hunting-dress-bodyguard-arisaidh-and-the-version-recorded-by-lord-lyon-the-clan-sett-this-can-be-found-in-the-public-register-of-all-arms-and-bearings-in-scotland-1992-see-products-available-copyright-blair-urquhart-comrie-2015,B/32 G8 K8 N44 B10 N44 K6 R10 G8 N8 G8 R8 K/8,K#101010 BLACK; B#2C2C80 BLUE; G#006818 GREEN; N#888888 GREY; R#C80000 RED;,yes,364,60,Scottish Tartans Society,2,House of Tartan; Weddslist,2/2,yes,yes,House of Tartan,,,,none,,http://www.house-of-tartan.scotland.net/house/TartanViewjs.asp?colr=Def&tnam=165
155,Genet of An Gwylvos (Montana),genet-of-an-gwylvos-montana,WW/12 K40 DB4 K4 DB58 K4 DB4 K6 DR4 K4 DR8 K4 DR4 K6 G4 K4 G58 K4 G4 K40 WW/12,WW#F8F8F8 WILSON WHITE; K#101010 BLACK; G#006818 GREEN; DR#880000 DARK RED; DB#202060 DARK BLUE;,yes,552,60,Name,2,Scottish Register of Tartans; Scottish Tartans Authority,2/2,no,no,Scottish Register of Tartans,"Genet, E R H",06/11/2010,,weaver_note,Yes. Written permission from E R H Genet (or his lawful assigns) is required for use.,https://www.tartanregister.gov.uk/tartanDetails.aspx?ref=10318
156,Gillies (House of Edgar) (Clan),gillies-house-of-edgar-clan,Y/6 K4 LG36 R12 LG12 BL24 K24 BL/64,Y#E8C000; LG#289C18; K#101010; R#C80000; BL#1474B4;,yes,294,60,Scottish Tartans Society,2,Scottish Tartans Authority; House of Tartan,1/2,yes,yes,Scottish Tartans Authority,,,,none,,http://www.tartansauthority.com/tartan-ferret/display/309/
157,"Gillies Blue Dress Clan Tartan Tartan Number: 934. Earliest known date: pre 2003 A name associated with Badenoch and the Hebrides. It means 'servant of Jesus'. See products available Copyright © Blair Urquhart, Comrie, 2015",gillies-blue-dress-clan-tartan-tartan-number-934-earliest-known-date-pre-2003-a-name-associated-with-badenoch-and-the-hebrides-it-means-servant-of-jesus-see-products-available-copyright-blair-urquhart-comrie-2015,G/4 W8 G4 W56 K26 A20 Y10 A32 K4 R/14,A#5C8CA8 AZURE; K#101010 BLACK; G#006818 GREEN; R#C80000 RED; W#E0E0E0 WHITE; Y#E8C000 YELLOW;,yes,338,60,Scottish Tartans Society,2,House of Tartan; Weddslist,2/2,yes,yes,House of Tartan,,,,none,,http://www.house-of-tartan.scotland.net/house/TartanViewjs.asp?colr=Def&tnam=934
158,"Gillies Dress Red Clan Tartan Tartan Number: 639. Earliest known date: pre 2003 MacKinlay Scale See products available Copyright © Blair Urquhart, Comrie, 2015",gillies-dress-red-clan-tartan-tartan-number-639-earliest-known-date-pre-2003-mackinlay-scale-see-products-available-copyright-blair-urquhart-comrie-2015,A/4 W8 A4 W48 K24 R16 G10 R30 K4 Y/12,A#5C8CA8 AZURE; K#101010 BLACK; G#006818 GREEN; R#C80000 RED; W#E0E0E0 WHITE; Y#E8C000 YELLOW;,yes,304,60,Scottish Tartans Society,2,House of Tartan; Weddslist,2/2,yes,yes,House of Tartan,,,,none,,http://www.house-of-tartan.scotland.net/house/TartanViewjs.asp?colr=Def&tnam=639
159,"Glen Moy Tartan Tartan Number: 1293. Earliest known date: pre 1986 A colour variation of the Royal Stewart woven by Edgars, Pitlochry around 1986, named after the place in Angus described as follows: Its mainly Sheep farming in Glen Moy. Off the beaten track, its a very quiet area of the Angus glens close to Cortachy castle and great for walking if you like it to yourself! See products available Copyright © Blair Urquhart, Comrie, 2015",glen-moy-tartan-tartan-number-1293-earliest-known-date-pre-1986-a-colour-variation-of-the-royal-stewart-woven-by-edgars-pitlochry-around-1986-named-after-the-place-in-angus-described-as-follows-its-mainly-sheep-farming-in-glen-moy-off-the-beaten-track-its-a-very-quiet-area-of-the-angus-glens-close-to-cortachy-castle-and-great-for-walking-if-you-like-it-to-yourself-see-products-available-copyright-blair-urquhart-comrie-2015,LN/98 DN12 K16 W5 K5 W5 K5 DN28 LN16 K5 LN16 W/6,K#101010 BLACK; DN#5C5C5C DARK GREY; LN#C0C0C0 LIGHT GRAY; W#E0E0E0 WHITE;,yes,330,60,Scottish Tartans Society,2,House of Tartan; Weddslist,1/2,yes,yes,House of Tartan,,,,none,,http://www.house-of-tartan.scotland.net/house/TartanViewjs.asp?colr=Def&tnam=1293
160,Glennie (Personal),glennie-personal,ARR/96 K2 W2 K12 TY8 ARR4 TY8 K16 ARR4 K2 W/4,ARR#B00000 SCARLET; TY#DCC000 TONED YELLOW; K#000000 BLACK; W#C8C8C8 WHITE;,yes,216,60,Clan; Family,2,Scottish Register of Tartans; Scottish Tartans Authority,2/2,no,no,Scottish Register of Tartans,"Dalgliesh, D C",01/01/2002,,weaver_note,Yes. Prepared for weaving by D C Dalgliesh Ltd.,https://www.tartanregister.gov.uk/tartanDetails.aspx?ref=1431
161,Gorman Blue (Personal),gorman-blue-personal,W/4 B8 W4 B40 A44 Y4 A2 W/8,W#F7F1E8 WHITE; B#14465C OLD BLUE; A#3E647A AZURE; Y#BFAB40 YELLOW;,yes,216,60,Name,2,Scottish Register of Tartans; Scottish Tartans Authority,1/2,no,no,Scottish Register of Tartans,"Brinkmeyer, Chris",14/03/2011,,weaver_note,Yes. Permission from the designer is required before using this tartan commercially.,https://www.tartanregister.gov.uk/tartanDetails.aspx?ref=10390
162,Gracey (2013),gracey-2013,LP/6 P16 G40 K40 B34 K6 LB/6,K#000000 BLACK; LP#880078 MAGENTA; G#00643C GREEN; P#3C104C PURPLE; B#040498 BLUE; LB#688CC0 LIGHT BLUE;,yes,284,60,Name,2,Scottish Register of Tartans; Scottish Tartans Authority,1/2,no,no,Scottish Register of Tartans,"Urquhart, Blair",16/01/2013,,weaver_note,Yes. Developed for weaving by House of Tartan.,https://www.tartanregister.gov.uk/tartanDetails.aspx?ref=10874
163,Grady (Personal),grady-personal,R/6 G6 R36 B48 K16 R6 B6 R6 K/72,K#101010 BLACK; G#006818 GREEN; R#C80000 RED; RB#1C0070 ROYAL BLUE; B#2C2C80 BLUE;,yes,326,60,Name,2,Scottish Register of Tartans; Scottish Tartans Authority,2/2,no,no,Scottish Register of Tartans,"Dalgliesh, D.C",01/01/1988,1141.0,weaver_note,Yes. Prepared for weaving by D C Dalgliesh Ltd.,https://www.tartanregister.gov.uk/tartanDetails.aspx?ref=1478
164,"Grant Hunting Clan Tartan Tartan Number: 311. Earliest known date: 1819 This sample comes from the MacGregor-Hastie collection which forms the basis of the cloth archive of the Scottish Tartans Society. James Cant notes say: ""This clan had no hunting tartan of its own until about 1730. At that time many of the Cadets of the Clan were officers in the Black Watch and they adopted the tartan of the Watch as their Hunting Tartan"". See products available Copyright © Blair Urquhart, Comrie, 2015",grant-hunting-clan-tartan-tartan-number-311-earliest-known-date-1819-this-sample-comes-from-the-macgregor-hastie-collection-which-forms-the-basis-of-the-cloth-archive-of-the-scottish-tartans-society-james-cant-notes-say-this-clan-had-no-hunting-tartan-of-its-own-until-about-1730-at-that-time-many-of-the-cadets-of-the-clan-were-officers-in-the-black-watch-and-they-adopted-the-tartan-of-the-watch-as-their-hunting-tartan-see-products-available-copyright-blair-urquhart-comrie-2015,B/22 K4 B4 K4 B4 K22 G22 R4 G6 K2 Y/6,K#101010 BLACK; B#2C2C80 BLUE; G#006818 GREEN; R#C80000 RED; Y#E8C000 YELLOW;,yes,172,60,Scottish Tartans Society,2,House of Tartan; Weddslist,2/2,yes,yes,House of Tartan,,,,none,,http://www.house-of-tartan.scotland.net/house/TartanViewjs.asp?colr=Def&tnam=311
165,"Grant of Ballindalloch Clan Tartan Tartan Number: 2149. Earliest known date: 1993 Grant of Ballindalloch tartan was designed during the refurbishment of Ballindalloch Castle. It is based on the Grant tartan recorded by Logan in 1831. The first samples produced by Johnstons of Elgin were woven in 'Antique' colours. See products available Copyright © Blair Urquhart, Comrie, 2015",grant-of-ballindalloch-clan-tartan-tartan-number-2149-earliest-known-date-1993-grant-of-ballindalloch-tartan-was-designed-during-the-refurbishment-of-ballindalloch-castle-it-is-based-on-the-grant-tartan-recorded-by-logan-in-1831-the-first-samples-produced-by-johnstons-of-elgin-were-woven-in-antique-colours-see-products-available-copyright-blair-urquhart-comrie-2015,R/10 NB6 R6 NB10 R24 LB10 R6 NB20 R6 G6 R6 G32 R6 NB10 R/10,G#006818 GREEN; LB#2888C4 LIGHT BLUE; NB#003C64 NAVY BLUE; R#C80000 RED;,yes,316,60,Scottish Tartans Society,2,House of Tartan; Weddslist,1/2,yes,yes,House of Tartan,,,,none,,http://www.house-of-tartan.scotland.net/house/TartanViewjs.asp?colr=Def&tnam=2149
166,"Grant or New Bruce Clan Tartan Tartan Number: 1385. Earliest known date: 1819 As ordered by Patrick Grant of Redcastle, the chief of the Clan Grant. The large red and the large green squares have been reduced by a factor of 4 to allow display. The original sett was S15 P2 S4 P4 S156 LB2 S4 P42 S6 G4 S6 G178 S4 P4 S10 (HSHP half sett half pivot). This tartan was also adopted by the Drummonds. See products available Copyright © Blair Urquhart, Comrie, 2015",grant-or-new-bruce-clan-tartan-tartan-number-1385-earliest-known-date-1819-as-ordered-by-patrick-grant-of-redcastle-the-chief-of-the-clan-grant-the-large-red-and-the-large-green-squares-have-been-reduced-by-a-factor-of-4-to-allow-display-the-original-sett-was-s15-p2-s4-p4-s156-lb2-s4-p42-s6-g4-s6-g178-s4-p4-s10-hshp-half-sett-half-pivot-this-tartan-was-also-adopted-by-the-drummonds-see-products-available-copyright-blair-urquhart-comrie-2015,R/12 P2 R4 P4 R39 A2 R4 P11 R6 G4 R6 G45 R4 P4 B/10,A#5C8CA8 AZURE; B#2C2C80 BLUE; G#006818 GREEN; P#780078 PURPLE; R#C80000 RED;,yes,292,60,Scottish Tartans Society,2,House of Tartan; Weddslist,2/2,yes,yes,House of Tartan,,,,none,,http://www.house-of-tartan.scotland.net/house/TartanViewjs.asp?colr=Def&tnam=1385
167,Greig (Personal),greig-personal,DG/40 R20 DG40 W6 K4 R/120,K#101010 BLACK; DG#003820 DARK GREEN; R#C80000 RED; W#E0E0E0 WHITE;,yes,300,60,Name,2,Scottish Register of Tartans; Scottish Tartans Authority,2/2,no,no,Scottish Register of Tartans,"Greig, Ian",12/12/2000,2820.0,weaver_note,Yes. This tartan is only to be worn by Griegs and Greigs.Production and distribution of this tartan is restricted. Please contact the designer.US and International copyright recorded on 2 April 2002 no.VAu 552-996,https://www.tartanregister.gov.uk/tartanDetails.aspx?ref=1534
168,Haddrell (2013),haddrell-2013,R/4 B8 LN36 DN4 LN4 DN82 W/4,W#E0E0E0 WHITE; R#C80000 RED; B#1870A4 BLUE; LN#808080 LIGHT GREY; DN#505050 DARK GREY;,yes,276,60,Name,2,Scottish Register of Tartans; Scottish Tartans Authority,1/2,no,no,Scottish Register of Tartans,Haddrell / Urquhart,15/08/2013,,weaver_note,"Yes. Developed for weaving by House of Tartan Ltd, Scotland",https://www.tartanregister.gov.uk/tartanDetails.aspx?ref=10938
169,"Hamilton Hunting Clan Tartan Tartan Number: 139. Earliest known date: pre 2003 Sample presented to the Scottish Tartans Society by Wiebe Stodel. See products available Copyright © Blair Urquhart, Comrie, 2015",hamilton-hunting-clan-tartan-tartan-number-139-earliest-known-date-pre-2003-sample-presented-to-the-scottish-tartans-society-by-wiebe-stodel-see-products-available-copyright-blair-urquhart-comrie-2015,B/40 G16 B40 G64 W/8,B#2C2C80 BLUE; G#006818 GREEN; W#E0E0E0 WHITE;,yes,288,60,Scottish Tartans Society,2,House of Tartan; Weddslist,2/2,yes,yes,House of Tartan,,,,none,,http://www.house-of-tartan.scotland.net/house/TartanViewjs.asp?colr=Def&tnam=139
170,Hanly,hanly,G/4 DG4 G6 DG4 G4 DG4 G4 DG6 G4 LN4 K18 DG52 K10 G14 K4 Y/4,G#006818 GREEN; DG#003820 DARK GREEN; LN#A0A0A0 LIGHT GRAY; K#101010 BLACK; Y#E8C000 YELLOW;,yes,284,60,Name,2,Scottish Register of Tartans; Scottish Tartans Authority,2/2,no,no,Scottish Register of Tartans,"Peter Hanly, Bushell Park, Saskatchewan, CA",14/01/2009,,weaver_note,Yes. For use by all of the name.The design was developed for weaving by House of Tartan.,https://www.tartanregister.gov.uk/tartanDetails.aspx?ref=10027
171,Hannah (Personal),hannah-personal,W/4 B70 K18 W6 K18 Y/4,W#FFFFFF WHITE; B#003DF5 BLUE; K#101010 BLACK; Y#FFE600 YELLOW;,yes,232,60,Name,2,Scottish Register of Tartans; Scottish Tartans Authority,1/2,no,no,Scottish Register of Tartans,"Hannah, John",01/01/2007,3257.0,weaver_note,Yes.,https://www.tartanregister.gov.uk/tartanDetails.aspx?ref=5976
172,Hawes (2014),hawes-2014,W/4 T6 G10 K100 G8 T6 W4 B6 K4 Y/4,Y#FFD700 YELLOW; K#101010 BLACK; B#5C8CA8 BLUE; W#FFFFFF WHITE; G#007800 GREEN; T#441800 BROWN;,yes,296,60,Name,2,Scottish Register of Tartans; Scottish Tartans Authority,1/2,no,no,Scottish Register of Tartans,"Wagner, Jackson",15/01/2011,,weaver_note,Yes. Prepared for weaving by Marton Mills.This tartan is only available through North of Hadrian's Kilts and Celtic clothing.,https://www.tartanregister.gov.uk/tartanDetails.aspx?ref=11169
173,"Hawkes, Norman (Personal)",hawkes-norman-personal,G/14 W8 K42 N32 B32 R/10,B#0000CD BALMORAL BLUE; K#101010 RAILWAY BLACK; W#FFFFFF MUTED WHITE; R#FF0000 SCARLET RED; G#008B00 BOTTLE GREEN; N#666666 MIDNIGHT GREY;,yes,252,60,Name,2,Scottish Register of Tartans; Scottish Tartans Authority,1/2,no,no,Scottish Register of Tartans,"Hawkes, Norman C",06/08/2011,,weaver_note,Yes. Anyone sharing the Hawkes surname may contact the designer for permission to wear this tartan.,https://www.tartanregister.gov.uk/tartanDetails.aspx?ref=10470
174,"Henderson MacKendrick Clan Tartan Tartan Number: 1762. Earliest known date: 1906 The name Henderson in Gaelic is MacEanruig, which is sometimes rendered as MacKendrick. Hendersons from the north are associated with the Gunns. Hendersons lived in Lochaber and Angus. The Henderson tartan resembles the Davidson, both of which were first recorded by W & A.K.Johnston in 1906. See products available Copyright © Blair Urquhart, Comrie, 2015",henderson-mackendrick-clan-tartan-tartan-number-1762-earliest-known-date-1906-the-name-henderson-in-gaelic-is-maceanruig-which-is-sometimes-rendered-as-mackendrick-hendersons-from-the-north-are-associated-with-the-gunns-hendersons-lived-in-lochaber-and-angus-the-henderson-tartan-resembles-the-davidson-both-of-which-were-first-recorded-by-w-a-k-johnston-in-1906-see-products-available-copyright-blair-urquhart-comrie-2015,W/2 B12 G8 B2 G32 K2 G8 K12 Y/2,K#101010 BLACK; B#2C2C80 BLUE; G#006818 GREEN; W#E0E0E0 WHITE; Y#E8C000 YELLOW;,yes,156,60,Scottish Tartans Society,2,House of Tartan; Weddslist,2/2,yes,yes,House of Tartan,,,,none,,http://www.house-of-tartan.scotland.net/house/TartanViewjs.asp?colr=Def&tnam=1762
175,Highland Greenford (Personal),highland-greenford-personal,DP/12 VLY4 T50 OG/100,OG#698B22 OLIVE GREEN; VLY#FFFFAA VERY LIGHT YELLOW; T#855E42 BROWN; OG#698B22 OLIVE GREEN; DP#AA00FF DARK PURPLE;,yes,220,60,Name,2,Scottish Register of Tartans; Scottish Tartans Authority,1/2,no,no,Scottish Register of Tartans,"Greenford, Miles",08/10/2011,,weaver_note,"Yes. For those who can demonstrate their descent from the first Highland Greenfords. Weavers must be based in Caithness, Sutherland, Orkney or Shetland Isles.",https://www.tartanregister.gov.uk/tartanDetails.aspx?ref=10498
176,"Hitchens, William Henry",hitchens-william-henry,R/8 K4 R4 K4 R4 K4 DR16 K12 DR4 G4 NB18 G4 K42 WW/8,WW#F8F8F8 WILSON WHITE; K#101010 BLACK; R#DC0000 RED; DR#880000 DARK RED; G#006818 GREEN; NB#000028 BLUE;,yes,256,60,Name,2,Scottish Register of Tartans; Scottish Tartans Authority,1/2,no,no,Scottish Register of Tartans,"Genet, Eric D",09/07/2010,,weaver_note,Yes. This tartan is designed for use by the descendants of William Henry Hitchens and any who may wish to honour him and/or his family or the Hitchens name in general.,https://www.tartanregister.gov.uk/tartanDetails.aspx?ref=10251
177,Hoben (Personal),hoben-personal,K/6 W2 R40 B8 R8 G20 R8 B8 R40 K2 W/6,G#006818 GREEN; B#2C2C80 BLUE; R#C80000 RED; W#FFFFFF WHITE; K#101010 BLACK;,yes,284,60,Name,2,Scottish Register of Tartans; Scottish Tartans Authority,2/2,no,no,Scottish Register of Tartans,"Smith Jnr, Dr Philip D",01/01/1960,,weaver_note,Yes. Intended as a personal tartan for JC Hoben.,https://www.tartanregister.gov.uk/tartanDetails.aspx?ref=1741
178,Hogan,hogan,AA/6 LY2 WW4 DR6 DBG10 LY2 WW4 DBG38 AA6 LY2 WW4 DR6 DBG/98,WW#E0E0E0 WHITE; LY#F4BC3C AM MUSTARD; DR#8C0020 R RED; DBG#004830 K GREEN; AA#5488AC PEWTER;,yes,272,60,Name,2,Scottish Register of Tartans; Scottish Tartans Authority,2/2,no,no,Scottish Register of Tartans,Declan Hogan,23/04/2009,,weaver_note,Yes. Prepared for weaving by House of Tartan.,https://www.tartanregister.gov.uk/tartanDetails.aspx?ref=10071
179,Hogeboom (Toronto) (Personal),hogeboom-toronto-personal,B/8 G6 B18 DB28 Y16 DB4 R70 LR4 R/6,R#C82828 RED; LR#C49CD8 MAGENTA; DB#0000FF NAVY; Y#F4B22A YELLOW; B#417F86 BLUE; G#5C6428 GREEN;,yes,306,60,Name,2,Scottish Register of Tartans; Scottish Tartans Authority,1/2,no,no,Scottish Register of Tartans,"Martin, Carol A L",12/05/2012,,weaver_note,Yes. For use of the immediate family only.Only to be woven by D C Dalgliesh Tartan Mill.,https://www.tartanregister.gov.uk/tartanDetails.aspx?ref=10634
180,Hogg Dress,hogg-dress,LB/34 R3 LB8 DB4 LB8 K24 LG34 K2 W/6,W#FFFFFF WHITE; K#101010 BLACK; LG#006818 LIGHT GREEN; LB#2888C4 LIGHT BLUE; DB#003C64 DARK BLUE; R#C80000 RED;,yes,206,60,Name,2,Scottish Register of Tartans; Scottish Tartans Authority,1/2,no,no,Scottish Register of Tartans,Robert Hogg,04/04/2008,,weaver_note,Yes. This tartan is for Hogg family members.Permission to weave must be granted by the designer of the tartan (or his direct descendants).,https://www.tartanregister.gov.uk/tartanDetails.aspx?ref=10079
181,"Howard, Vincent (Personal)",howard-vincent-personal,R/130 G32 R8 DP8 R8 W/10,G#004C00 GREEN; R#C80000 RED; W#E0E0E0 WHITE; DP#440044 DARK PURPLE;,yes,252,60,Name,2,Scottish Register of Tartans; Scottish Tartans Authority,2/2,no,no,Scottish Register of Tartans,Trivett & Howard,26/05/2014,,weaver_note,"Yes. Please contact Vincent Howard, Knowehead Farmhouse, Strichen, Fraserburgh,Aberdeenshire, AB43 6SA to wear/use this tartan. Developed for weaving by House of Tartan Ltd, Scotland",https://www.tartanregister.gov.uk/tartanDetails.aspx?ref=11067
182,"Hunter of Hunterston Clan Tartan Tartan Number: 719. Earliest known date: 1985 Authorized by Clan Society 1985. Chiefship of the Clan Hunter passed to the Cochrane-Patrick family who have changed their name to Hunter of Hunterston. Hunterston House belongs to British Nuclear Fuels. See products available Copyright © Blair Urquhart, Comrie, 2015",hunter-of-hunterston-clan-tartan-tartan-number-719-earliest-known-date-1985-authorized-by-clan-society-1985-chiefship-of-the-clan-hunter-passed-to-the-cochrane-patrick-family-who-have-changed-their-name-to-hunter-of-hunterston-hunterston-house-belongs-to-british-nuclear-fuels-see-products-available-copyright-blair-urquhart-comrie-2015,G/10 B4 G24 B24 R4 B24 W4 G24 R4 G8 Y/6,B#2C2C80 BLUE; G#006818 GREEN; R#C80000 RED; W#E0E0E0 WHITE; Y#E8C000 YELLOW;,yes,256,60,Scottish Tartans Society,2,House of Tartan; Weddslist,2/2,yes,yes,House of Tartan,,,,none,,http://www.house-of-tartan.scotland.net/house/TartanViewjs.asp?colr=Def&tnam=719
183,Hutchens (Kansas) (Personal),hutchens-kansas-personal,DB/20 K24 DG6 K2 DG2 K2 DG60 DY8 W/8,DB#000080 DARK BLUE; K#101010 BLACK; DG#006400 DARK GREEN; W#FFFFFF WHITE; DY#B8860B DARK YELLOW;,yes,236,60,Name,2,Scottish Register of Tartans; Scottish Tartans Authority,1/2,no,no,Scottish Register of Tartans,"Hutchens, Jack",15/12/2009,,weaver_note,Yes. Designed for weaving by Scotweb (www.scotweb.co.uk)This tartan design was created and registered on www.scotweb.co.uk. The design details can be found at www.scotweb.co.uk/tartandesign/details/14416,https://www.tartanregister.gov.uk/tartanDetails.aspx?ref=10148
184,"Irvine Clan Tartan Tartan Number: 733. Earliest known date: c.1889 Scottish Tartans Society notes say that this tartan was 'first made by Peter MacArthur and Co, Hamilton'. MacKinlay, a tartan collector between 1930 and 1950, gives the earliest date as 1889 but it is not known upon what evidence. The name Irvine derives from an old parish name in Dumfries-shire, and from Irvine in Ayrshire. William de Irwyne obtained the forest of Drum in 1324, and is thus the ancestor of the Irvines of Drum. See products available Copyright © Blair Urquhart, Comrie, 2015",irvine-clan-tartan-tartan-number-733-earliest-known-date-c-1889-scottish-tartans-society-notes-say-that-this-tartan-was-first-made-by-peter-macarthur-and-co-hamilton-mackinlay-a-tartan-collector-between-1930-and-1950-gives-the-earliest-date-as-1889-but-it-is-not-known-upon-what-evidence-the-name-irvine-derives-from-an-old-parish-name-in-dumfries-shire-and-from-irvine-in-ayrshire-william-de-irwyne-obtained-the-forest-of-drum-in-1324-and-is-thus-the-ancestor-of-the-irvines-of-drum-see-products-available-copyright-blair-urquhart-comrie-2015,G/72 B36 K4 B4 W/4,K#101010 BLACK; B#2C2C80 BLUE; G#006818 GREEN; W#E0E0E0 WHITE;,yes,164,60,Scottish Tartans Society,2,House of Tartan; Weddslist,2/2,yes,yes,House of Tartan,,,,none,,http://www.house-of-tartan.scotland.net/house/TartanViewjs.asp?colr=Def&tnam=733
185,Johnston (Clan),johnston-clan,Y/6 G4 K2 G60 AB48 K4 AB4 K/4,Y#E8C000; K#000000; AB#1870A4; G#007800;,yes,254,60,Robert Bradford,2,Scottish Tartans Authority; House of Tartan,1/2,yes,yes,Scottish Tartans Authority,,,,none,,http://www.tartansauthority.com/tartan-ferret/display/1063/
186,"Johnston, Diana Dress (Personal)",johnston-diana-dress-personal,R/10 B4 R3 B6 W3 B4 W3 B40 G73 K4 B2 Y/6,R#DC0000 RED; B#003C64 BLUE; W#FFFFFF WHITE; G#003C14 GREEN; Y#FCCC00 YELLOW; K#101010 BLACK;,yes,300,60,Name,2,Scottish Register of Tartans; Scottish Tartans Authority,2/2,no,no,Scottish Register of Tartans,"Johnston, Andrew Thomas",12/11/2014,,weaver_note,"Yes. This tartan is intended for Diana Johnston, Killalee, and her descendants. It is not to be used for any commercial purpose without clear authority to do so and details of the terms under which this is governed being approved in writing.Permission to weave should be sought from the designer.",https://www.tartanregister.gov.uk/tartanDetails.aspx?ref=11203
187,"Johnston, Diana Hunting (Personal)",johnston-diana-hunting-personal,R/4 B2 W2 B56 G52 K4 B2 Y/6,R#DC0000 RED; B#003C64 BLUE; W#FFFFFF WHITE; G#003C14 GREEN; Y#FCCC00 YELLOW; K#101010 BLACK;,yes,246,60,Name,2,Scottish Register of Tartans; Scottish Tartans Authority,2/2,no,no,Scottish Register of Tartans,"Johnston, Andrew Thomas",11/11/2014,,weaver_note,"Yes. This tartan is intended for Diana Johnston, Killalee, and her descendants. It is not to be used for any commercial purpose without clear authority to do so and details of the terms under which this is governed being approved in writing.",https://www.tartanregister.gov.uk/tartanDetails.aspx?ref=11179
188,Jouy (La Chapelle Saint Sulpice) (Personal),jouy-la-chapelle-saint-sulpice-personal,B/10 W10 B10 W10 B30 W2 O4 W2 B42 Y4 B10 K4 Y/8,B#0000FF BLUE; W#FFFFFF WHITE; O#FF8C00 DARKORANGE; Y#FFFF00 YELLOW; K#000000 BLACK;,yes,274,60,Name,2,Scottish Register of Tartans; Scottish Tartans Authority,1/2,no,no,Scottish Register of Tartans,"Jouy, Sylvain",04/05/2013,,weaver_note,Yes. Permission must be sought from the designer to wear or weave this tartan.,https://www.tartanregister.gov.uk/tartanDetails.aspx?ref=10827
189,Kennewell (Personal),kennewell-personal,DB/25 LB15 AUG6 AUY3 R2 DB10 LB5 NZS5 K2 LB15 DB25 AUY5 AUG2 LB25 DB15 K6 NZS/3,DB#1B2153 DARK BLUE; LB#5A78BE LIGHT BLUE; AUG#183034 AUSTRALIAN GREEN; AUY#C16F03 AUSTRALIAN GOLD; NZS#A6A5A3 NEW ZEALAND SILVER; R#920000 RED; K#1D1223 BLACK;,yes,310,60,Name,2,Scottish Register of Tartans; Scottish Tartans Authority,1/2,no,no,Scottish Register of Tartans,"Kennewell, Bruce",02/11/2008,,weaver_note,Yes. This is a personal tartan for the Kennewell family.,https://www.tartanregister.gov.uk/tartanDetails.aspx?ref=10039
190,Kimon Andreou Family (Personal),kimon-andreou-family-personal,K/8 R2 B80 W/80,B#5F749C BALMORAL BLUE; W#F9F5EF PEROXIDE WHITE; K#1C1714 BLACK; R#CA2625 BRIGHT SCARLET;,yes,252,60,Name,2,Scottish Register of Tartans; Scottish Tartans Authority,1/2,no,no,Scottish Register of Tartans,"Andreou, Kimon Alexander",11/11/2011,,weaver_note,"Yes. This tartan is to be worn/used by all documented descendants of the registrant's father Evangelos Andreou (born 1929 Athens, Greece) son of Kimon Andreou (born c1885 Cairo, Egypt). Authorization to wear/use must be explicitly given by the head of the family or his authorised representative.",https://www.tartanregister.gov.uk/tartanDetails.aspx?ref=10539
191,Kirkcaldy,kirkcaldy,LB/46 W6 K20 R4 B90 Y/2,Y#E8C000 YELLOW; B#2C2C80 BLUE; R#C80000 RED; K#101010 BLACK; W#E0E0E0 WHITE; LB#2888C4 LIGHT BLUE;,yes,288,60,Name,2,Scottish Register of Tartans; Scottish Tartans Authority,2/2,no,no,Scottish Register of Tartans,Gary Kirkcaldy,27/10/2008,,weaver_note,Yes. Prepared for weaving by House of Tartan,https://www.tartanregister.gov.uk/tartanDetails.aspx?ref=10072
192,"Kleto, Susan (Personal)",kleto-susan-personal,W/2 B32 Y2 DR6 Y2 DG12 LG4 DG12 W/2,W#FFFFFF WHITE; B#003C64 BLUE; Y#E0A126 GOLD; DR#8B0000 DARK RED; DG#003C14 GREEN; LG#767E52 LIGHT GREEN;,yes,144,60,Name,2,Scottish Register of Tartans; Scottish Tartans Authority,1/2,no,no,Scottish Register of Tartans,"Kleto, Susan",16/11/2013,,weaver_note,Yes. Please contact the designer to wear/use or weave this tartan.,https://www.tartanregister.gov.uk/tartanDetails.aspx?ref=11172
193,Koot Wedding (Personal),koot-wedding-personal,B/96 K64 R2 K16 R6 W/6,B#1B3357 RAITH NAVY; K#101010 BLACK; R#CC0000 OLD RED; W#FFFFFF PEROXIDE WHITE;,yes,278,60,Name,2,Scottish Register of Tartans; Scottish Tartans Authority,2/2,no,no,Scottish Register of Tartans,"Koot, Leo",09/06/2012,,weaver_note,Yes. Available to friends on request.,https://www.tartanregister.gov.uk/tartanDetails.aspx?ref=10636
194,Lachance (Canada) (Personal),lachance-canada-personal,N/100 LN100 Y2 B54 G36 DT18 Y/8,N#666666 DARK GREY; LN#778899 LIGHT GREY; Y#FFE600 YELLOW; B#3474FC BLUE; G#008B00 DARK GREEN; DT#6D2A08 DARK BROWN;,yes,528,60,Name,2,Scottish Register of Tartans; Scottish Tartans Authority,1/2,no,no,Scottish Register of Tartans,"Lachance, Raymond J",01/04/2012,,weaver_note,Yes. Permission must be sought from Raymond J Lachance.,https://www.tartanregister.gov.uk/tartanDetails.aspx?ref=10645
195,Lambert (Front Royal) Dress,lambert-front-royal-dress,B68 G20 B10 R4 K16 T4 W6 T4 K16 R4 B10 G20 B56 K6,T#A58065 BARLEY BROWN; R#B62531 SCARLET; G#23321B BOTTLE GREEN; B#5F749C BALMORAL BLUE; W#E0E0E0 WHITE; K#1C1714 BLACK;,no,244,60,Name,2,Scottish Register of Tartans; Scottish Tartans Authority,1/2,no,no,Scottish Register of Tartans,"Lambert, Charles",25/07/2012,,weaver_note,"Yes. To be woven only by D. C. Dalgliesh, Selkirk Scotland.",https://www.tartanregister.gov.uk/tartanDetails.aspx?ref=10661
196,Lambert (Front Royal) Greer,lambert-front-royal-greer,K/6 R68 G20 R10 B4 K16 T4 W/6,W#E0E0E0 WHITE; B#5F749C BALMORAL BLUE; R#B62531 SCARLET; G#23321B BOTTLE GREEN; T#A58065 BARLEY BROWN; K#1C1714 BLACK;,yes,256,60,Name,2,Scottish Register of Tartans; Scottish Tartans Authority,1/2,no,no,Scottish Register of Tartans,"Lambert, Charles",08/01/2012,,weaver_note,"Yes. To be woven only by D. C. Dalgliesh, Selkirk Scotland.",https://www.tartanregister.gov.uk/tartanDetails.aspx?ref=10673
197,Lambert (Front Royal) Hunting,lambert-front-royal-hunting,T68 G20 T10 R4 K16 B4 W6 B4 K16 R4 T10 G20 T56 K6,W#E0E0E0 WHITE; B#5F749C BALMORAL BLUE; R#B62531 SCARLET; G#23321B BOTTLE GREEN; T#A58065 BARLEY BROWN; K#1C1714 BLACK;,no,244,60,Name,2,Scottish Register of Tartans; Scottish Tartans Authority,1/2,no,no,Scottish Register of Tartans,"Lambert, Charles",29/07/2012,,weaver_note,"Yes. To be woven only by D. C. Dalgliesh, Selkirk Scotland.",https://www.tartanregister.gov.uk/tartanDetails.aspx?ref=10663
198,Lambert (Front Royal) Kai,lambert-front-royal-kai,K/6 G68 B20 G10 R4 K16 T4 W/6,W#E0E0E0 WHITE; B#5F749C BALMORAL BLUE; R#B62531 SCARLET; G#23321B BOTTLE GREEN; T#A58065 BARLEY BROWN; K#1C1714 BLACK;,yes,256,60,Name,2,Scottish Register of Tartans; Scottish Tartans Authority,1/2,no,no,Scottish Register of Tartans,"Lambert, Charles",30/07/2012,,weaver_note,"Yes. To be woven only by D. C. Dalgliesh, Selkirk Scotland.",https://www.tartanregister.gov.uk/tartanDetails.aspx?ref=10670
199,Landels (Personal),landels-personal,B/62 LG4 K40 Y4 G/48,B#2C2C80 BLUE; LG#289C18 LIGHT GREEN; K#101010 BLACK; Y#E8C000 YELLOW; G#006818 GREEN;,yes,206,60,Name,2,Scottish Register of Tartans; Scottish Tartans Authority,2/2,no,no,Scottish Register of Tartans,"Fraser, Donald",,,weaver_note,Yes.,https://www.tartanregister.gov.uk/tartanDetails.aspx?ref=5476
200,Leel (Personal),leel-personal,WG4 K4 WW4 WG12 LB12 K4 LB6 K4 LB12 K16 SB4 B20 WG16 B4 WG16,B#2C2C80 BLUE; LB#2888C4 LIGHT BLUE; SB#A8ACE8 SKY BLUE; WW#FCFCFC WILSON WHITE; K#101010 BLACK; WG#408060 WTHRD GREEN;,no,138,60,Name,2,Scottish Register of Tartans; Scottish Tartans Authority,2/2,no,no,Scottish Register of Tartans,Geoffrey (Tailor) Highland Crafts,01/08/2002,2900.0,weaver_note,Yes.,https://www.tartanregister.gov.uk/tartanDetails.aspx?ref=2083
201,Leiato of American Samoa (Personal),leiato-of-american-samoa-personal,DT/12 W4 BR10 K10 ST56 K10 ST/90,K#101010 BLACK; BR#B03000 BRICK RED; DT#441800 DARK BROWN; ST#98481C SHALE BROWN; W#E0E0E0 WHITE;,yes,282,60,Name,2,Scottish Register of Tartans; Scottish Tartans Authority,1/2,no,no,Scottish Register of Tartans,"Smith, Donald Suttie",01/11/2000,2815.0,weaver_note,Yes.,https://www.tartanregister.gov.uk/tartanDetails.aspx?ref=2085
202,"Lendrum or MacFarlane Clan Tartan Tartan Number: 1190. Earliest known date: (1815-20) MacGregor-Hastie's notes say 'The sett is the same as MacFarlane Black and Red See products available Copyright © Blair Urquhart, Comrie, 2015",lendrum-or-macfarlane-clan-tartan-tartan-number-1190-earliest-known-date-1815-20-macgregor-hastie-s-notes-say-the-sett-is-the-same-as-macfarlane-black-and-red-see-products-available-copyright-blair-urquhart-comrie-2015,K/67 R32 K6 R/32,K#101010 BLACK; R#C80000 RED;,yes,175,60,Scottish Tartans Society,2,House of Tartan; Weddslist,2/2,yes,yes,House of Tartan,,,,none,,http://www.house-of-tartan.scotland.net/house/TartanViewjs.asp?colr=Def&tnam=1190
203,"Leslie Clan Tartan Tartan Number: 1142. Earliest known date: 1842 The Vestarium Scoticum See products available Copyright © Blair Urquhart, Comrie, 2015",leslie-clan-tartan-tartan-number-1142-earliest-known-date-1842-the-vestarium-scoticum-see-products-available-copyright-blair-urquhart-comrie-2015,K/2 R64 B32 R8 K12 Y2 K12 R/8,K#101010 BLACK; B#2C2C80 BLUE; R#C80000 RED; Y#E8C000 YELLOW;,yes,270,60,Scottish Tartans Society,2,House of Tartan; Weddslist,2/2,yes,yes,House of Tartan,,,,none,,http://www.house-of-tartan.scotland.net/house/TartanViewjs.asp?colr=Def&tnam=1142
204,"Liddell (Newfane, New York)",liddell-newfane-new-york,W/4 K2 LB44 R2 LB6 R2 LB16 B44 Y4 B6 Y/4,W#FFFFFF WHITE; K#101010 BLACK; LB#4E5A96 LIGHT BLUE; R#9B1617 RED; Y#715406 YELLOW; B#0000CD BLUE;,yes,260,60,Name,2,Scottish Register of Tartans; Scottish Tartans Authority,1/2,no,no,Scottish Register of Tartans,"Liddell, Ryan M",13/10/2008,,weaver_note,Yes. For use by anyone bearing the surname Liddell.,https://www.tartanregister.gov.uk/tartanDetails.aspx?ref=10056
205,Locky,locky,R/6 WW4 R4 B4 R4 B48 K56 R4 K6 Y/2,Y#E8C000 YELLOW; K#101010 BLACK; B#2C2C80 BLUE; WW#FCFCFC WILSON WHITE; R#C80000 RED;,yes,268,60,Name,2,Scottish Register of Tartans; Scottish Tartans Authority,2/2,no,no,Scottish Register of Tartans,"Dalgliesh, D C",01/01/2003,2764.0,weaver_note,Yes. Prepared for weaving by D C Dalgliesh Ltd.,https://www.tartanregister.gov.uk/tartanDetails.aspx?ref=2180
206,Loton (Personal),loton-personal,DR/8 DG68 BB8 DG8 DR/24,DR#880000 DARK RED; DG#004C00 DARK GRN; BB#00008C BALMORAL;,yes,200,60,Clan; Family,2,Scottish Register of Tartans; Scottish Tartans Authority,2/2,no,no,Scottish Register of Tartans,"Dalgliesh, D C",01/01/2002,,weaver_note,Yes. Prepared for weaving by D C Dalgliesh Ltd.,https://www.tartanregister.gov.uk/tartanDetails.aspx?ref=2226
207,Lugo (2013),lugo-2013,DG/32 Y8 DG32 R/80,R#B03000 RED; DG#003820 DARK GREEN; Y#E0A126 GOLD;,yes,192,60,Name,2,Scottish Register of Tartans; Scottish Tartans Authority,2/2,no,no,Scottish Register of Tartans,"Lugo, Bryan",10/10/2013,,weaver_note,"Yes. Intended for those who bear the surname Lugo and who also have Spanish ancestry, and their immediate family.",https://www.tartanregister.gov.uk/tartanDetails.aspx?ref=10946
208,MacAlister (Clan),macalister-clan,R/16 LG2 G4 R4 A2 R2 W2 R2 A2 R4 G6 R2 W2 R12 A2 R2 G24 R2 A2 R32 A2 R2 G24 R2 A2 R12 W2 R2 B8 R2 W2 R4 G6 LG2 R4 LG2 G6 R6 W2 R2 B4 R2 W2 R/16,A#5C8CA8; LG#289C18; B#2C2C80; W#E0E0E0; G#006818; R#C80000;,yes,456,60,Robert Bradford,2,Scottish Tartans Authority; House of Tartan,2/2,yes,yes,Scottish Tartans Authority,,,,none,,http://www.tartansauthority.com/tartan-ferret/display/1465/
209,"MacAlister of Glenbarr Clan Tartan Tartan Number: 910. Earliest known date: pre 1984 This version of the MacAlister of Glenbarr tartan is the same as the MacGillivray hunting tartan. This sample was taken from a piece woven by Lochcarron Weavers around 1984. See products available Copyright © Blair Urquhart, Comrie, 2015",macalister-of-glenbarr-clan-tartan-tartan-number-910-earliest-known-date-pre-1984-this-version-of-the-macalister-of-glenbarr-tartan-is-the-same-as-the-macgillivray-hunting-tartan-this-sample-was-taken-from-a-piece-woven-by-lochcarron-weavers-around-1984-see-products-available-copyright-blair-urquhart-comrie-2015,G/8 T4 G4 T4 G4 T6 B2 T2 G8 T2 B2 T24 B4 T/6,B#2C2C80 BLUE; T#604000 BROWN; G#006818 GREEN;,yes,146,60,Scottish Tartans Society,2,House of Tartan; Weddslist,1/2,yes,yes,House of Tartan,,,,none,,http://www.house-of-tartan.scotland.net/house/TartanViewjs.asp?colr=Def&tnam=910
210,MacAndreis,macandreis,K/6 DG8 XB50 K32 DG6 K6 DG6 K6 DG12 KR/6,K#101010 BLACK; XB#383C60 KILT BLUE; DG#28442C LAUREL; KR#883834 BLUSH;,yes,264,60,Name,2,Scottish Register of Tartans; Scottish Tartans Authority,1/2,no,no,Scottish Register of Tartans,"Blair Urquhart, Comrie",06/06/2009,,weaver_note,Yes. Developed for weaving by House of Tartan,https://www.tartanregister.gov.uk/tartanDetails.aspx?ref=10075
211,"MacArthur Clan Tartan Tartan Number: 1100. Earliest known date: 1842 MacArthurs were at one time linked with the MacDonalds and this tartan has the same basic form as the MacDonald, Lord of the Isles sett. MacArthurs, in Skye, held land as the hereditary pipers to the MacDonalds. There is also an older MacArthur of Milton tartan whose design reflects the links with Clan Campbell. See products available Copyright © Blair Urquhart, Comrie, 2015",macarthur-clan-tartan-tartan-number-1100-earliest-known-date-1842-macarthurs-were-at-one-time-linked-with-the-macdonalds-and-this-tartan-has-the-same-basic-form-as-the-macdonald-lord-of-the-isles-sett-macarthurs-in-skye-held-land-as-the-hereditary-pipers-to-the-macdonalds-there-is-also-an-older-macarthur-of-milton-tartan-whose-design-reflects-the-links-with-clan-campbell-see-products-available-copyright-blair-urquhart-comrie-2015,K/32 G6 K12 G30 Y/3,K#101010 BLACK; G#006818 GREEN; Y#E8C000 YELLOW;,yes,131,60,Robert Bradford,2,House of Tartan; Weddslist,2/2,yes,yes,House of Tartan,,,,none,,http://www.house-of-tartan.scotland.net/house/TartanViewjs.asp?colr=Def&tnam=1100
212,"MacArthur of Milton Hunting Clan Tartan Tartan Number: 700. Earliest known date: 1823 This is the older of the two MacArthur setts, which links the clan with the Campbells. See products available Copyright © Blair Urquhart, Comrie, 2015",macarthur-of-milton-hunting-clan-tartan-tartan-number-700-earliest-known-date-1823-this-is-the-older-of-the-two-macarthur-setts-which-links-the-clan-with-the-campbells-see-products-available-copyright-blair-urquhart-comrie-2015,G/28 B4 G4 K16 P18 K/4,K#101010 BLACK; B#2C2C80 BLUE; G#006818 GREEN; P#780078 PURPLE;,yes,116,60,Scottish Tartans Society,2,House of Tartan; Weddslist,2/2,yes,yes,House of Tartan,,,,none,,http://www.house-of-tartan.scotland.net/house/TartanViewjs.asp?colr=Def&tnam=700
213,"MacAuley Hunting Clan Tartan Tartan Number: 827. Earliest known date: 1950 This shorter version tallies with the count published by M'Intyre North in 1881 as having been given him by Logan. There are two Clans of the name associated with districts as far apart as Dumbarton and Lewis and they have no family connection with each other. They are the MacAulays of Ardencaple associated with the MacGregors and the MacAulays of Lewis who are associated with the MacLeods. This sett in its shortened form begins to resemble the MacGregor tartan. See products available Copyright © Blair Urquhart, Comrie, 2015",macauley-hunting-clan-tartan-tartan-number-827-earliest-known-date-1950-this-shorter-version-tallies-with-the-count-published-by-m-intyre-north-in-1881-as-having-been-given-him-by-logan-there-are-two-clans-of-the-name-associated-with-districts-as-far-apart-as-dumbarton-and-lewis-and-they-have-no-family-connection-with-each-other-they-are-the-macaulays-of-ardencaple-associated-with-the-macgregors-and-the-macaulays-of-lewis-who-are-associated-with-the-macleods-this-sett-in-its-shortened-form-begins-to-resemble-the-macgregor-tartan-see-products-available-copyright-blair-urquhart-comrie-2015,R/4 G24 K8 G16 K32 W2 K32 G/12,K#101010 BLACK; G#006818 GREEN; R#C80000 RED; W#E0E0E0 WHITE;,yes,244,60,Scottish Tartans Society,2,House of Tartan; Weddslist,2/2,yes,yes,House of Tartan,,,,none,,http://www.house-of-tartan.scotland.net/house/TartanViewjs.asp?colr=Def&tnam=827
214,"MacConnell Clan Tartan Tartan Number: 141. Earliest known date: 1989 Based on MacDonald Hunting without the black. For use by the McConnells in addition to the MacDonald. Sample in STA Johnston Collection states 'from Margaret McConnel of Highland Heritage (USA). See products available Copyright © Blair Urquhart, Comrie, 2015",macconnell-clan-tartan-tartan-number-141-earliest-known-date-1989-based-on-macdonald-hunting-without-the-black-for-use-by-the-mcconnells-in-addition-to-the-macdonald-sample-in-sta-johnston-collection-states-from-margaret-mcconnel-of-highland-heritage-usa-see-products-available-copyright-blair-urquhart-comrie-2015,B/44 G12 B10 A4 G44 R12 G10 R8 G18 W/6,A#5C8CA8 AZURE; B#2C2C80 BLUE; G#006818 GREEN; R#C80000 RED; W#E0E0E0 WHITE;,yes,286,60,Scottish Tartans Society,2,House of Tartan; Weddslist,2/2,yes,yes,House of Tartan,,,,none,,http://www.house-of-tartan.scotland.net/house/TartanViewjs.asp?colr=Def&tnam=141
215,"MacDiarmid Dress Clan Tartan Tartan Number: 1486. Earliest known date: c.1830 This sett appears in Paton's collection which is housed at the Scottish Tartans Museum, Comrie in Perthshire, Scotland. The samples are undated but the collection is known to have been put together around the 1830's, with some additions during the Victorian period. See products available Copyright © Blair Urquhart, Comrie, 2015",macdiarmid-dress-clan-tartan-tartan-number-1486-earliest-known-date-c-1830-this-sett-appears-in-paton-s-collection-which-is-housed-at-the-scottish-tartans-museum-comrie-in-perthshire-scotland-the-samples-are-undated-but-the-collection-is-known-to-have-been-put-together-around-the-1830-s-with-some-additions-during-the-victorian-period-see-products-available-copyright-blair-urquhart-comrie-2015,R/4 G32 K3 W4 K3 G32 W37 R12 W/38,K#101010 BLACK; G#006818 GREEN; R#C80000 RED; W#E0E0E0 WHITE;,yes,288,60,Scottish Tartans Society,2,House of Tartan; Weddslist,2/2,yes,yes,House of Tartan,,,,none,,http://www.house-of-tartan.scotland.net/house/TartanViewjs.asp?colr=Def&tnam=1486
216,"MacDonald of Boisdale Clan Tartan Tartan Number: 1668. Earliest known date: 1810-15 Highland Society of London. The Setts No: 118. See products available Copyright © Blair Urquhart, Comrie, 2015",macdonald-of-boisdale-clan-tartan-tartan-number-1668-earliest-known-date-1810-15-highland-society-of-london-the-setts-no-118-see-products-available-copyright-blair-urquhart-comrie-2015,R/32 W2 B12 W2 R8 LG2 G12 LG2 R8 LG2 G32 LG2 R48 W2 B64 W2 R12 W2 B12 W2 R/32,B#2C2C80 BLUE; G#006818 GREEN; LG#289C18 LIGHT GREEN; R#C80000 RED; W#E0E0E0 WHITE;,yes,520,60,Scottish Tartans Society,2,House of Tartan; Weddslist,2/2,yes,yes,House of Tartan,,,,none,,http://www.house-of-tartan.scotland.net/house/TartanViewjs.asp?colr=Def&tnam=1668
217,"MacDonald of Kingsburgh Clan Tartan Tartan Number: 1562. Earliest known date: 1746 D.W.Stewart recorded this pattern from a relic, worn by Prince Charles Edward, and hidden in a cleft of a rock, to be recovered later and eventually preserved in the Advocates' Library in Edinburgh. See products available Copyright © Blair Urquhart, Comrie, 2015",macdonald-of-kingsburgh-clan-tartan-tartan-number-1562-earliest-known-date-1746-d-w-stewart-recorded-this-pattern-from-a-relic-worn-by-prince-charles-edward-and-hidden-in-a-cleft-of-a-rock-to-be-recovered-later-and-eventually-preserved-in-the-advocates-library-in-edinburgh-see-products-available-copyright-blair-urquhart-comrie-2015,R/6 G6 Y2 R36 W2 G42 Y2 G2 Y/6,G#006818 GREEN; R#C80000 RED; W#E0E0E0 WHITE; Y#E8C000 YELLOW;,yes,196,60,Scottish Tartans Society,2,House of Tartan; Weddslist,2/2,yes,yes,House of Tartan,,,,none,,http://www.house-of-tartan.scotland.net/house/TartanViewjs.asp?colr=Def&tnam=1562
218,"MacDuff Hunting Clan Tartan Tartan Number: 1654. Earliest known date: 1906 STS records (sic) 'Sett may be quite wrong. (S.S. May 86)' See products available Copyright © Blair Urquhart, Comrie, 2015",macduff-hunting-clan-tartan-tartan-number-1654-earliest-known-date-1906-sts-records-sic-sett-may-be-quite-wrong-s-s-may-86-see-products-available-copyright-blair-urquhart-comrie-2015,R/4 T16 B16 K16 G16 T16 R2 T/16,K#101010 BLACK; B#2C2C80 BLUE; T#604000 BROWN; G#006818 GREEN; R#C80000 RED;,yes,184,60,Scottish Tartans Society,2,House of Tartan; Weddslist,1/2,yes,yes,House of Tartan,,,,none,,http://www.house-of-tartan.scotland.net/house/TartanViewjs.asp?colr=Def&tnam=1654
219,"MacFadyen MacBean (Old) Clan Tartan Tartan Number: 403. Earliest known date: pre 2003 This sample comes from the MacGregor-Hastie collection which forms the basis of the cloth archive of the Scottish Tartans Society. Some of the samples, including this one, were unmarked. One can assume that the sample dates between 1930 and 1950. See products available Copyright © Blair Urquhart, Comrie, 2015",macfadyen-macbean-old-clan-tartan-tartan-number-403-earliest-known-date-pre-2003-this-sample-comes-from-the-macgregor-hastie-collection-which-forms-the-basis-of-the-cloth-archive-of-the-scottish-tartans-society-some-of-the-samples-including-this-one-were-unmarked-one-can-assume-that-the-sample-dates-between-1930-and-1950-see-products-available-copyright-blair-urquhart-comrie-2015,B/6 R50 B34 R10 G44 R18 B/6,B#2C2C80 BLUE; G#006818 GREEN; R#C80000 RED;,yes,324,60,Scottish Tartans Society,2,House of Tartan; Weddslist,2/2,yes,yes,House of Tartan,,,,none,,http://www.house-of-tartan.scotland.net/house/TartanViewjs.asp?colr=Def&tnam=403
220,MacGleish Formal (Personal),macgleish-formal-personal,R/100 K50 HG20 N10 LY/4,K#101010 BLACK; LY#C4A868 MUSTARD; R#A03400 RED; N#888888 MID GRAY; HG#285800 HUNTING GREEN;,yes,264,60,Name,2,Scottish Register of Tartans; Scottish Tartans Authority,1/2,no,no,Scottish Register of Tartans,"McGleish, John",14/07/2010,,weaver_note,Yes. Developed for weaving by House of Tartan Ltd,https://www.tartanregister.gov.uk/tartanDetails.aspx?ref=10289
221,MacInnes Homecoming,macinnes-homecoming,DY/6 K38 DN4 K4 DN4 K4 DN36 K6 DB6 K6 DN46 R/6,DY#A47C00 DARK GOLD; K#101010 BLACK; DN#383838 DARK GREY; R#B02414 RED; DB#1C1C50 DARK BLUE;,yes,320,60,Clan; Family,2,Scottish Register of Tartans; Scottish Tartans Authority,2/2,no,no,Scottish Register of Tartans,"Ainsworth, Trudie",08/12/2008,,weaver_note,"Yes. Copyright is held by House of Edgar, a division of Macnaughton Holdings.",https://www.tartanregister.gov.uk/tartanDetails.aspx?ref=5772
222,"MacIntosh Dress Clan Tartan Tartan Number: 538. Earliest known date: pre 2003 From an old pattern book in possesion of Messrs Scott Adie of London. See products available Copyright © Blair Urquhart, Comrie, 2015",macintosh-dress-clan-tartan-tartan-number-538-earliest-known-date-pre-2003-from-an-old-pattern-book-in-possesion-of-messrs-scott-adie-of-london-see-products-available-copyright-blair-urquhart-comrie-2015,B/4 R8 G28 B8 W16 R/6,B#2C2C80 BLUE; G#006818 GREEN; R#C80000 RED; W#E0E0E0 WHITE;,yes,130,60,Scottish Tartans Society,2,House of Tartan; Weddslist,2/2,yes,yes,House of Tartan,,,,none,,http://www.house-of-tartan.scotland.net/house/TartanViewjs.asp?colr=Def&tnam=538
223,MacKenzie Morgan,mackenzie-morgan,B/24 K4 B4 K4 B4 K24 G24 R4 WW4 R4 G24 K24 B24 R6 B/4,WW#FCFCFC WILSON WHITE; R#C80000 RED; G#006818 GREEN; K#101010 BLACK; B#2C2C80 BLUE;,yes,336,60,Clan; Family,2,Scottish Register of Tartans; Scottish Tartans Authority,2/2,no,no,Scottish Register of Tartans,"Morgan, Col Wayne J",01/10/2003,,weaver_note,Yes. Can be worn by all Morgans accepted as clansmen by the Clan MacKenzie Chief.,https://www.tartanregister.gov.uk/tartanDetails.aspx?ref=2530
224,"MacKillop Clan Tartan Tartan Number: 512. Earliest known date: pre 2003 The MacKillops are a Sept of MacDonald of Keppoch, whose tartan this sett closely resembles. See products available Copyright © Blair Urquhart, Comrie, 2015",mackillop-clan-tartan-tartan-number-512-earliest-known-date-pre-2003-the-mackillops-are-a-sept-of-macdonald-of-keppoch-whose-tartan-this-sett-closely-resembles-see-products-available-copyright-blair-urquhart-comrie-2015,B/4 R4 G14 R4 B8 A2 R26 B4 R4 G/6,A#5C8CA8 AZURE; B#2C2C80 BLUE; G#006818 GREEN; R#C80000 RED;,yes,142,60,Scottish Tartans Society,2,House of Tartan; Weddslist,2/2,yes,yes,House of Tartan,,,,none,,http://www.house-of-tartan.scotland.net/house/TartanViewjs.asp?colr=Def&tnam=512
225,MacKinnon Black (Personal),mackinnon-black-personal,W/6 R12 P6 K24 R52 K20 R6 K48 R24 K10 R8 P/6,W#E0E0E0 WHITE; R#C80000 RED; P#780078 PURPLE; K#101010 BLACK;,yes,432,60,Name,2,Scottish Register of Tartans; Scottish Tartans Authority,2/2,no,no,Scottish Register of Tartans,Bruce Kirk and Naomi Van Holbutt-Kirk,,,weaver_note,"Yes. Woven by Lochcarron of Saville Row for Mr Bruce Kirk and Ms Naomi Van Holbutt-Kirk of Middle Hengoed Farm, Herefordshire, for family use.",https://www.tartanregister.gov.uk/tartanDetails.aspx?ref=5535
226,"MacLachlan Dress Clan Tartan Tartan Number: 828. Earliest known date: 1990 Based on the MacLachlan pattern in Old And Rare See products available Copyright © Blair Urquhart, Comrie, 2015",maclachlan-dress-clan-tartan-tartan-number-828-earliest-known-date-1990-based-on-the-maclachlan-pattern-in-old-and-rare-see-products-available-copyright-blair-urquhart-comrie-2015,H/8 K6 W48 G46 H8 W6 LR/68,K#101010 BLACK; H#006428 BOTTLE; G#006818 GREEN; LR#D05054 ROSE; W#E0E0E0 WHITE;,yes,304,60,Scottish Tartans Society,2,House of Tartan; Weddslist,2/2,yes,yes,House of Tartan,,,,none,,http://www.house-of-tartan.scotland.net/house/TartanViewjs.asp?colr=Def&tnam=828
227,MacLaine of Lochbuie (Clan),maclaine-of-lochbuie-clan,R/64 HG16 A8 Y/2,A#5C8CA8; Y#E8C000; R#C80000; HG#285800;,yes,114,60,Robert Bradford,2,Scottish Tartans Authority; House of Tartan,2/2,yes,yes,Scottish Tartans Authority,,,,none,,http://www.tartansauthority.com/tartan-ferret/display/1462/
228,"MacLaren Dress Clan Tartan Tartan Number: 649. Earliest known date: 1981 This sett was approved by the Chief and accepted by the A.G.M. of the Clan MacLaren Society as Dress MacLaren in 1981. The sett has been designed by changing the blue ground of the usual MacLaren sett to white and then centering a blue stripe on the white ground. This illustration is based on a kilt belonging to the designer, Mr I.G.Campbell MacLaren. See products available Copyright © Blair Urquhart, Comrie, 2015",maclaren-dress-clan-tartan-tartan-number-649-earliest-known-date-1981-this-sett-was-approved-by-the-chief-and-accepted-by-the-a-g-m-of-the-clan-maclaren-society-as-dress-maclaren-in-1981-the-sett-has-been-designed-by-changing-the-blue-ground-of-the-usual-maclaren-sett-to-white-and-then-centering-a-blue-stripe-on-the-white-ground-this-illustration-is-based-on-a-kilt-belonging-to-the-designer-mr-i-g-campbell-maclaren-see-products-available-copyright-blair-urquhart-comrie-2015,B/14 W60 K26 G18 R12 G32 K4 Y/14,K#101010 BLACK; B#2C2C80 BLUE; G#006818 GREEN; R#C80000 RED; W#E0E0E0 WHITE; Y#E8C000 YELLOW;,yes,332,60,Scottish Tartans Society,2,House of Tartan; Weddslist,2/2,yes,yes,House of Tartan,,,,none,,http://www.house-of-tartan.scotland.net/house/TartanViewjs.asp?colr=Def&tnam=649
229,"MacLean Dress Burgundy Clan Tartan Tartan Number: 59. Earliest known date: pre 2003 Dress form of MacLean of Duart. Count taken from a sample in Reproduction colours See products available Copyright © Blair Urquhart, Comrie, 2015",maclean-dress-burgundy-clan-tartan-tartan-number-59-earliest-known-date-pre-2003-dress-form-of-maclean-of-duart-count-taken-from-a-sample-in-reproduction-colours-see-products-available-copyright-blair-urquhart-comrie-2015,A/24 B4 K8 Y4 K6 SCR6 K6 SCR38 W62 B4 W8 K/4,A#5C8CA8 AZURE; K#101010 BLACK; B#2C2C80 BLUE; SCR#A00048 CRIMSON; W#E0E0E0 WHITE; Y#E8C000 YELLOW;,yes,320,60,Scottish Tartans Society,2,House of Tartan; Weddslist,2/2,yes,yes,House of Tartan,,,,none,,http://www.house-of-tartan.scotland.net/house/TartanViewjs.asp?colr=Def&tnam=59
230,"MacLean of Duart Hunting Clan Tartan Tartan Number: 824. Earliest known date: 1842 (1587) Perhaps dating back as far as 1587 but there is some debate as to the validity of the historical evidence. A charter granted to Hector MacLean, Heir of Duart, in the lands of Islay, the feu duty to be payable in the form of 60 ells cloth of white, black and green colours. This may well account for the colours, the proportions being the invention of the Sobieski Stuarts. See products available Copyright © Blair Urquhart, Comrie, 2015",maclean-of-duart-hunting-clan-tartan-tartan-number-824-earliest-known-date-1842-1587-perhaps-dating-back-as-far-as-1587-but-there-is-some-debate-as-to-the-validity-of-the-historical-evidence-a-charter-granted-to-hector-maclean-heir-of-duart-in-the-lands-of-islay-the-feu-duty-to-be-payable-in-the-form-of-60-ells-cloth-of-white-black-and-green-colours-this-may-well-account-for-the-colours-the-proportions-being-the-invention-of-the-sobieski-stuarts-see-products-available-copyright-blair-urquhart-comrie-2015,K/2 G32 K4 G4 K12 W2 K12 G/6,K#101010 BLACK; G#006818 GREEN; W#E0E0E0 WHITE;,yes,140,60,Scottish Tartans Society,2,House of Tartan; Weddslist,2/2,yes,yes,House of Tartan,,,,none,,http://www.house-of-tartan.scotland.net/house/TartanViewjs.asp?colr=Def&tnam=824
231,"MacLean of Kingairloch Clan Tartan Tartan Number: 61. Earliest known date: pre 2003 Reproduction. See products available Copyright © Blair Urquhart, Comrie, 2015",maclean-of-kingairloch-clan-tartan-tartan-number-61-earliest-known-date-pre-2003-reproduction-see-products-available-copyright-blair-urquhart-comrie-2015,B/16 A2 K12 Y2 K4 W4 K4 G24 T56 W2 T/8,A#5C8CA8 AZURE; K#101010 BLACK; B#2C2C80 BLUE; T#604000 BROWN; G#006818 GREEN; W#E0E0E0 WHITE; Y#E8C000 YELLOW;,yes,244,60,Scottish Tartans Society,2,House of Tartan; Weddslist,1/2,yes,yes,House of Tartan,,,,none,,http://www.house-of-tartan.scotland.net/house/TartanViewjs.asp?colr=Def&tnam=61
232,"MacLellan Blue McLellan Clan Tartan Tartan Number: 1224. Earliest known date: 1981 Dgn. J.R. McLellan, Edinburgh See products available Copyright © Blair Urquhart, Comrie, 2015",maclellan-blue-mclellan-clan-tartan-tartan-number-1224-earliest-known-date-1981-dgn-j-r-mclellan-edinburgh-see-products-available-copyright-blair-urquhart-comrie-2015,K/4 W2 B14 K8 R2 B8 R4 B8 W4 B8 R4 B8 R2 G14 W2 Y/4,K#101010 BLACK; B#2C2C80 BLUE; G#006818 GREEN; R#C80000 RED; W#E0E0E0 WHITE; Y#E8C000 YELLOW;,yes,184,60,Scottish Tartans Society,2,House of Tartan; Weddslist,2/2,yes,yes,House of Tartan,,,,none,,http://www.house-of-tartan.scotland.net/house/TartanViewjs.asp?colr=Def&tnam=1224
233,"MacLeod Black & White Clan Tartan Tartan Number: 1828. Earliest known date: 1906 Same sett as MacLeod Black and Red 1591. Similar to Erskine (1185) and very close ro Campbell of Armadie (3481). See products available Copyright © Blair Urquhart, Comrie, 2015",macleod-black-white-clan-tartan-tartan-number-1828-earliest-known-date-1906-same-sett-as-macleod-black-and-red-1591-similar-to-erskine-1185-and-very-close-ro-campbell-of-armadie-3481-see-products-available-copyright-blair-urquhart-comrie-2015,W/2 K24 W16 K2 W/16,K#101010 BLACK; W#E0E0E0 WHITE;,yes,102,60,Scottish Tartans Society,2,House of Tartan; Weddslist,2/2,yes,yes,House of Tartan,,,,none,,http://www.house-of-tartan.scotland.net/house/TartanViewjs.asp?colr=Def&tnam=1828
234,"MacLeod of Assynt Clan Tartan Tartan Number: 1582. Earliest known date: 1906 In a portrait of the 24th chief, John Norman, painted posthumously (perhaps by Julius Jacobson, born 1811) in 1835, John Norman is shown in the costume worn for the visit of George IV to Edinburgh in 1822. The snuff-box may be evidence that the Vestiarium 'loud' design, which is very similar to that of the snuff box, had particular significance for John Norman or his wife, Ann Stephenson. (Ruairidh MacLeod, Tartans of Clan MacLeod, 1990.) See products available Copyright © Blair Urquhart, Comrie, 2015",macleod-of-assynt-clan-tartan-tartan-number-1582-earliest-known-date-1906-in-a-portrait-of-the-24th-chief-john-norman-painted-posthumously-perhaps-by-julius-jacobson-born-1811-in-1835-john-norman-is-shown-in-the-costume-worn-for-the-visit-of-george-iv-to-edinburgh-in-1822-the-snuff-box-may-be-evidence-that-the-vestiarium-loud-design-which-is-very-similar-to-that-of-the-snuff-box-had-particular-significance-for-john-norman-or-his-wife-ann-stephenson-ruairidh-macleod-tartans-of-clan-macleod-1990-see-products-available-copyright-blair-urquhart-comrie-2015,R/6 K4 G30 K20 B40 Y/4,K#101010 BLACK; B#2C2C80 BLUE; G#006818 GREEN; R#C80000 RED; Y#E8C000 YELLOW;,yes,198,60,Scottish Tartans Society,2,House of Tartan; Weddslist,2/2,yes,yes,House of Tartan,,,,none,,http://www.house-of-tartan.scotland.net/house/TartanViewjs.asp?colr=Def&tnam=1582
235,"MacLeod of Raasay Clan Tartan Tartan Number: 1172. Earliest known date: c.1815-20 The thread count given is from the Provost MacBean Collection sample, which is very similar to to the sample in the collection of the Highland Society of London: K2 R18 K12 R2 K16. The design seems likely to be derived from the Vestiarium Scoticum, and would therefore be later than 1829. See products available Copyright © Blair Urquhart, Comrie, 2015",macleod-of-raasay-clan-tartan-tartan-number-1172-earliest-known-date-c-1815-20-the-thread-count-given-is-from-the-provost-macbean-collection-sample-which-is-very-similar-to-to-the-sample-in-the-collection-of-the-highland-society-of-london-k2-r18-k12-r2-k16-the-design-seems-likely-to-be-derived-from-the-vestiarium-scoticum-and-would-therefore-be-later-than-1829-see-products-available-copyright-blair-urquhart-comrie-2015,K/4 R36 K24 R4 K/24,K#101010 BLACK; R#C80000 RED;,yes,156,60,Scottish Tartans Society,2,House of Tartan; Weddslist,2/2,yes,yes,House of Tartan,,,,none,,http://www.house-of-tartan.scotland.net/house/TartanViewjs.asp?colr=Def&tnam=1172
236,"MacLintock Clan Tartan Tartan Number: 881. Earliest known date: 1842 Tartan is in the MacGregor Hastie collection of the STS and also appears in the J. T. Thompson files at the STA. It also appears in Clans Originaux verified by BW in 2004. Mentioned in correspondence by D C Stewart sending this count to Life Member Andrew Pearson in October 1971. See products available Copyright © Blair Urquhart, Comrie, 2015",maclintock-clan-tartan-tartan-number-881-earliest-known-date-1842-tartan-is-in-the-macgregor-hastie-collection-of-the-sts-and-also-appears-in-the-j-t-thompson-files-at-the-sta-it-also-appears-in-clans-originaux-verified-by-bw-in-2004-mentioned-in-correspondence-by-d-c-stewart-sending-this-count-to-life-member-andrew-pearson-in-october-1971-see-products-available-copyright-blair-urquhart-comrie-2015,G/72 R6 G6 R6 B18 R6 A4 R80 B6 R6 B4 R/12,A#5C8CA8 AZURE; B#2C2C80 BLUE; G#006818 GREEN; R#C80000 RED;,yes,368,60,Scottish Tartans Society,2,House of Tartan; Weddslist,2/2,yes,yes,House of Tartan,,,,none,,http://www.house-of-tartan.scotland.net/house/TartanViewjs.asp?colr=Def&tnam=881
237,"MacNichol Clan Tartan Tartan Number: 871. Earliest known date: 1850 This plate is taken from the manuscript of William and Andrew Smith's 'Authenticated Tartans of the Clans and Families of Scotland'. The Smith's sources included the findings of George Hunter, an Army clothier, who toured the Highlands in search of old tartans prior to 1822. See products available Copyright © Blair Urquhart, Comrie, 2015",macnichol-clan-tartan-tartan-number-871-earliest-known-date-1850-this-plate-is-taken-from-the-manuscript-of-william-and-andrew-smith-s-authenticated-tartans-of-the-clans-and-families-of-scotland-the-smith-s-sources-included-the-findings-of-george-hunter-an-army-clothier-who-toured-the-highlands-in-search-of-old-tartans-prior-to-1822-see-products-available-copyright-blair-urquhart-comrie-2015,G/4 R16 G24 R4 K8 B2 K16 R16 G4 R16 K/4,K#101010 BLACK; B#2C2C80 BLUE; G#006818 GREEN; R#C80000 RED;,yes,220,60,Scottish Tartans Society,2,House of Tartan; Weddslist,2/2,yes,yes,House of Tartan,,,,none,,http://www.house-of-tartan.scotland.net/house/TartanViewjs.asp?colr=Def&tnam=871
238,"MacPhee MacFie Clan Tartan Tartan Number: 1847. Earliest known date: 1906 Registered by Lord Lyon on August 29th, 1991 and approved by the Chief. The chief also approved a black and white MacPhee after consultation with the Scottish Tartans Society. MacPhees, MacFie, or MacDuffie held lands on the Isle of Colonsay until the mid seventeenth century but were later scattered by the Clearances. They were the hereditary Keeper of the Records to the Lords of the Isles. The present chief, Sandy MacFie, lives in Queensland, Australia. See products available Copyright © Blair Urquhart, Comrie, 2015",macphee-macfie-clan-tartan-tartan-number-1847-earliest-known-date-1906-registered-by-lord-lyon-on-august-29th-1991-and-approved-by-the-chief-the-chief-also-approved-a-black-and-white-macphee-after-consultation-with-the-scottish-tartans-society-macphees-macfie-or-macduffie-held-lands-on-the-isle-of-colonsay-until-the-mid-seventeenth-century-but-were-later-scattered-by-the-clearances-they-were-the-hereditary-keeper-of-the-records-to-the-lords-of-the-isles-the-present-chief-sandy-macfie-lives-in-queensland-australia-see-products-available-copyright-blair-urquhart-comrie-2015,W/2 R24 G4 R2 G32 R2 G4 R24 Y/2,G#006818 GREEN; R#C80000 RED; W#E0E0E0 WHITE; Y#E8C000 YELLOW;,yes,188,60,Scottish Tartans Society,2,House of Tartan; Weddslist,2/2,yes,yes,House of Tartan,,,,none,,http://www.house-of-tartan.scotland.net/house/TartanViewjs.asp?colr=Def&tnam=1847
239,"MacPherson Blue/White Clan Tartan Tartan Number: 1868. Earliest known date: 1980 There are a great number of variations of the Dress MacPherson, many of them modern trade designs which are popular with country dancers. Hugh Macpherson of Edinburgh, kiltmaker and tartan designer some decades ago, supplied samples of these to the Scottish Tartan Society around 1980. See products available Copyright © Blair Urquhart, Comrie, 2015",macpherson-blue-white-clan-tartan-tartan-number-1868-earliest-known-date-1980-there-are-a-great-number-of-variations-of-the-dress-macpherson-many-of-them-modern-trade-designs-which-are-popular-with-country-dancers-hugh-macpherson-of-edinburgh-kiltmaker-and-tartan-designer-some-decades-ago-supplied-samples-of-these-to-the-scottish-tartan-society-around-1980-see-products-available-copyright-blair-urquhart-comrie-2015,W/10 R6 W52 B42 W6 B16 Y/6,B#2C2C80 BLUE; R#C80000 RED; W#E0E0E0 WHITE; Y#E8C000 YELLOW;,yes,260,60,Scottish Tartans Society,2,House of Tartan; Weddslist,2/2,yes,yes,House of Tartan,,,,none,,http://www.house-of-tartan.scotland.net/house/TartanViewjs.asp?colr=Def&tnam=1868
240,"MacRae Hunting Clan Tartan Tartan Number: 800. Earliest known date: early 19th C Wilson's specimen of this sett is housed at the Smith Institute in Stirling. See products available Copyright © Blair Urquhart, Comrie, 2015",macrae-hunting-clan-tartan-tartan-number-800-earliest-known-date-early-19th-c-wilson-s-specimen-of-this-sett-is-housed-at-the-smith-institute-in-stirling-see-products-available-copyright-blair-urquhart-comrie-2015,G/52 K8 G12 SCR8 G12 K52 B52 K6 W14 K6 B52 K52 G52 K6 SCR/14,K#101010 BLACK; B#2C2C80 BLUE; SCR#A00048 CRIMSON; G#006818 GREEN; W#E0E0E0 WHITE;,yes,730,60,Scottish Tartans Society,2,House of Tartan; Weddslist,2/2,yes,yes,House of Tartan,,,,none,,http://www.house-of-tartan.scotland.net/house/TartanViewjs.asp?colr=Def&tnam=800
241,"MacRurie MacRory Tartan Tartan Number: 1498. Earliest known date: pre 2003 This sample comes from the MacGregor-Hastie collection which forms the basis of the cloth archive of the Scottish Tartans Society. Some of the samples, including this one, were unmarked. One can assume that the sample dates between 1930 and 1950. See products available Copyright © Blair Urquhart, Comrie, 2015",macrurie-macrory-tartan-tartan-number-1498-earliest-known-date-pre-2003-this-sample-comes-from-the-macgregor-hastie-collection-which-forms-the-basis-of-the-cloth-archive-of-the-scottish-tartans-society-some-of-the-samples-including-this-one-were-unmarked-one-can-assume-that-the-sample-dates-between-1930-and-1950-see-products-available-copyright-blair-urquhart-comrie-2015,R/20 G24 R6 G24 R24 G8 R10 G10 R24 Y8 R10 G24 R/8,G#006818 GREEN; R#C80000 RED; Y#E8C000 YELLOW;,yes,372,60,Scottish Tartans Society,2,House of Tartan; Weddslist,2/2,yes,yes,House of Tartan,,,,none,,http://www.house-of-tartan.scotland.net/house/TartanViewjs.asp?colr=Def&tnam=1498
242,"MacSporran Clan Tartan Tartan Number: 495. Earliest known date: 1978 Adopted by the Clan MacSporran Association in 1978 See products available Copyright © Blair Urquhart, Comrie, 2015",macsporran-clan-tartan-tartan-number-495-earliest-known-date-1978-adopted-by-the-clan-macsporran-association-in-1978-see-products-available-copyright-blair-urquhart-comrie-2015,B/34 R6 B8 R10 B40 R6 K40 G40 R10 G8 R6 K6 Y/22,K#101010 BLACK; B#3C3C60 BLUE; G#005028 GREEN; R#C80000 RED; Y#F0C800 YELLOW;,yes,416,60,Scottish Tartans Society,2,House of Tartan; Weddslist,2/2,yes,yes,House of Tartan,,,,none,,http://www.house-of-tartan.scotland.net/house/TartanViewjs.asp?colr=Def&tnam=495
243,Maier (Personal),maier-personal,K8 DY4 K74 R6 K6 R6 K44 R6 K6 R14,R#C80000 RED; DY#E8C000 GOLD; K#101010 BLACK;,no,174,60,Name,2,Scottish Register of Tartans; Scottish Tartans Authority,2/2,no,no,Scottish Register of Tartans,Geoffrey (Tailor) Highland Crafts,01/08/2003,2949.0,weaver_note,Yes.,https://www.tartanregister.gov.uk/tartanDetails.aspx?ref=2786
244,Majewski-White (Personal),majewski-white-personal,NB/10 W14 NB8 W4 NB4 W6 NB8 P12 NB6 P12 NB68 W4 NB8 W/4,NB#000080 NAVY BLUE; W#FFFFFF WHITE; P#800080 PURPLE;,yes,322,60,Name,2,Scottish Register of Tartans; Scottish Tartans Authority,1/2,no,no,Scottish Register of Tartans,"White, Joe",23/04/2013,,weaver_note,"Yes. Designed for the designer, his partner and their immediate family.",https://www.tartanregister.gov.uk/tartanDetails.aspx?ref=10823
245,"Margach, William (Dumbarton)",margach-william-dumbarton,P/8 K6 BB36 R6 NB68 W/6,NB#433A5A ILLINOIS NAVY; BB#5F749C BALMORAL BLUE; R#CA2625 BRIGHT SCARLET; K#1C1714 BLACK; P#86264D MAGENTA; W#F9F5EF PEROXIDE WHITE;,yes,246,60,Name,2,Scottish Register of Tartans; Scottish Tartans Authority,1/2,no,no,Scottish Register of Tartans,"Margach, William",20/10/2010,,weaver_note,Yes. Use and weaving must be authorised by the designer.,https://www.tartanregister.gov.uk/tartanDetails.aspx?ref=10319
246,"Maxwell Hunting Clan Tartan Tartan Number: 865. Earliest known date: 0 Tartans of the Lowland families were not named until the publication the 'Vestiarium Scoticum' in 1842. The authors, the Sobieski Stuart brothers, enjoyed a popular following amongst the Scottish gentry in the early Victorian era, and in the spirit of the times, added mystery, romance and some spurious historical documentation to the subject of tartans. The Maxwells have, nevertheless, a tartan of at least 150 years antiquity, probably designed by persons of great imagination and flair. The Maxwells come from Glasgow and the S.W. of Scotland. See products available Copyright © Blair Urquhart, Comrie, 2015",maxwell-hunting-clan-tartan-tartan-number-865-earliest-known-date-0-tartans-of-the-lowland-families-were-not-named-until-the-publication-the-vestiarium-scoticum-in-1842-the-authors-the-sobieski-stuart-brothers-enjoyed-a-popular-following-amongst-the-scottish-gentry-in-the-early-victorian-era-and-in-the-spirit-of-the-times-added-mystery-romance-and-some-spurious-historical-documentation-to-the-subject-of-tartans-the-maxwells-have-nevertheless-a-tartan-of-at-least-150-years-antiquity-probably-designed-by-persons-of-great-imagination-and-flair-the-maxwells-come-from-glasgow-and-the-s-w-of-scotland-see-products-available-copyright-blair-urquhart-comrie-2015,G/6 R2 G56 K12 G8 R32 G/6,K#101010 BLACK; G#006818 GREEN; R#C80000 RED;,yes,232,60,Scottish Tartans Society,2,House of Tartan; Weddslist,2/2,yes,yes,House of Tartan,,,,none,,http://www.house-of-tartan.scotland.net/house/TartanViewjs.asp?colr=Def&tnam=865
247,"Mayer, Chris (Personal)",mayer-chris-personal,RB/10 DN60 K60 SR/10,SR#FF0000 SCARLET RED; K#000000 BLACK; DN#808080 DARK GREY; RB#0000FF ROYAL BLUE;,yes,260,60,Name,2,Scottish Register of Tartans; Scottish Tartans Authority,1/2,no,no,Scottish Register of Tartans,"Mayer, Chris",28/06/2010,,weaver_note,"Yes. May be worn by any Mayer of Scottish origin or descent who uses this spelling of the surname. The use of this tartan is encouraged by pipe bands seeking a distinctive or uncommon tartan for their kilts.The designer requests correspondence from those who use the tartan, addressed to the email provided in this Register.",https://www.tartanregister.gov.uk/tartanDetails.aspx?ref=10244
248,McCuaig (Glenelg and the Western Isles),mccuaig-glenelg-and-the-western-isles,K/20 Y6 K4 BL40 K20 G30 K4 R6 W/6,K#101010 BLACK; Y#FFE600 YELLOW; BL#0000CD SEVENTEEN BLUE; G#008B00 BOTTLE GREEN; R#FF0000 SCARLET RED; W#FFFFFF PEROXIDE WHITE;,yes,246,60,Name,2,Scottish Register of Tartans; Scottish Tartans Authority,1/2,no,no,Scottish Register of Tartans,"McCuaig, James Carl",20/03/2010,,weaver_note,"Yes. For use by all those with the surname McCuaig, MacCuaig or MacLeod.",https://www.tartanregister.gov.uk/tartanDetails.aspx?ref=10265
249,McFadden (Personal),mcfadden-personal,RB/36 PH4 RB32 K26 G6 K4 G84 MY/6,K#101010 BLACK; G#006818 GREEN; PH#6C0070 HEATHER; MY#D09800 M YELLOW; RB#1C0070 ROYAL BLUE;,yes,354,60,Name,2,Scottish Register of Tartans; Scottish Tartans Authority,2/2,no,no,Scottish Register of Tartans,"McFadden, John",01/09/1999,2656.0,weaver_note,Yes.,https://www.tartanregister.gov.uk/tartanDetails.aspx?ref=2881
250,"McIntosh, Stuart (Personal)",mcintosh-stuart-personal,P/40 LB16 G16 DB16 P66 R/6,R#FF0000 RED; P#AA00FF PURPLE; DB#0000CD DARK BLUE; G#86C67C GREEN; LB#82CFFD LIGHT BLUE;,yes,274,60,Name,2,Scottish Register of Tartans; Scottish Tartans Authority,1/2,no,no,Scottish Register of Tartans,"Dalgliesh, Euan of DC Dalgliesh Ltd",01/03/2010,,weaver_note,"Yes. Can be used by any with the name (McIntosh) with family's permission. Contact by email at sjmmain@yahoo.co.uk or by post at 52 Granville Road, Westerham, TN16 1RS",https://www.tartanregister.gov.uk/tartanDetails.aspx?ref=10215
251,McMuldroch (2014),mcmuldroch-2014,P/6 DR16 W4 Y4 P4 Y4 W4 DR36 K36 G/38,Y#FCCC00 YELLOW; DR#960028 DARK RED; W#F8F8F8 WHITE; K#000000 BLACK; G#006818 GREEN; P#780078 PURPLE;,yes,260,60,Name,2,Scottish Register of Tartans; Scottish Tartans Authority,1/2,no,no,Scottish Register of Tartans,"McMuldroch, John",03/06/2014,,weaver_note,"Yes. Developed for weaving by House of Tartan Ltd, Scotland",https://www.tartanregister.gov.uk/tartanDetails.aspx?ref=11079
252,McPartlin (Personal),mcpartlin-personal,R/4 W28 K10 W58 K/54,K#101010 BLACK; W#F8E8D8 WHITE; R#C80000 RED;,yes,250,60,Name,2,Scottish Register of Tartans; Scottish Tartans Authority,2/2,no,no,Scottish Register of Tartans,Robertson/Dalgliesh,01/06/2007,,weaver_note,Yes. Prepared for weaving by D C Dalgliesh Ltd.,https://www.tartanregister.gov.uk/tartanDetails.aspx?ref=2901
253,"Meirhaeghe, Van",meirhaeghe-van,B/56 K12 Y4 R4 K12 B24 DB10 B10 DB10 B6 R16 W/6,B#00008C BLUE; K#000000 BLACK; Y#E0A126 YELLOW; R#880000 RED; DB#1C1C50 DARK BLUE; W#FFFFFF WHITE;,yes,278,60,Name,2,Scottish Register of Tartans; Scottish Tartans Authority,1/2,no,no,Scottish Register of Tartans,Meirhaeghe/ Van Meirhaeghe,30/11/2013,,weaver_note,Yes. Intended for those bearing the Van Meirhaeghe name and spelling variants thereof. Others are advised to seek written permission to wear or use this tartan.,https://www.tartanregister.gov.uk/tartanDetails.aspx?ref=11014
254,"Menzies Black & Red Clan Tartan Tartan Number: 1184. Earliest known date: 1906 The red and white Menzies tartan appears in the Cockburn Collection (c.1815) under the name, MacFarlane, but this is taken to be an error on the part of General Cockburn at a time when the establishment of clan names for tartan was in its infancy. The same sett was certified as Menzies, by the clan chief, in the collection of the Highland Society of London (c.1816). The tartan is woven in various colours, green, black, red and white to the same design. See products available Copyright © Blair Urquhart, Comrie, 2015",menzies-black-red-clan-tartan-tartan-number-1184-earliest-known-date-1906-the-red-and-white-menzies-tartan-appears-in-the-cockburn-collection-c-1815-under-the-name-macfarlane-but-this-is-taken-to-be-an-error-on-the-part-of-general-cockburn-at-a-time-when-the-establishment-of-clan-names-for-tartan-was-in-its-infancy-the-same-sett-was-certified-as-menzies-by-the-clan-chief-in-the-collection-of-the-highland-society-of-london-c-1816-the-tartan-is-woven-in-various-colours-green-black-red-and-white-to-the-same-design-see-products-available-copyright-blair-urquhart-comrie-2015,K/96 R8 K4 R8 K12 R4 K6 R/18,K#101010 BLACK; R#C80000 RED;,yes,198,60,Scottish Tartans Society,2,House of Tartan; Weddslist,2/2,yes,yes,House of Tartan,,,,none,,http://www.house-of-tartan.scotland.net/house/TartanViewjs.asp?colr=Def&tnam=1184
255,Meoni (Personal),meoni-personal,B2 G2 B36 G24 K36 R2 K2,K#000000 BLACK; B#2C2C80 BLUE; G#006818 GREEN; R#C80000 RED;,no,104,60,Clan; Family,2,Scottish Register of Tartans; Scottish Tartans Authority,2/2,no,no,Scottish Register of Tartans,House of Edgar - Macnaughton Holdings Ltd.,26/03/2001,2813.0,weaver_note,Yes.,https://www.tartanregister.gov.uk/tartanDetails.aspx?ref=2931
256,Merrilees Dress (Dance),merrilees-dress-dance,R/20 WW70 R10 K12 BL12 K/46,R#C80000 RED; K#101010 BLACK; WW#F8F8F8 WILSON WHITE; BL#1474B4 BALMORAL BLUE;,yes,274,60,Clan; Family,2,Scottish Register of Tartans; Scottish Tartans Authority,2/2,no,no,Scottish Register of Tartans,"Dalgliesh, D C",01/01/2000,,weaver_note,Yes. Prepared for weaving by D C Dalgliesh Ltd.,https://www.tartanregister.gov.uk/tartanDetails.aspx?ref=2939
257,Michaluk (Personal),michaluk-personal,K/12 BL16 WG80 K80 WG12 GO/12,BL#1474B4 BALMORAL BLUE; WG#408060 WTHRD GREEN; K#101010 BLACK; GO#BC8C00 DARK GOLD;,yes,400,60,Clan; Family,2,Scottish Register of Tartans; Scottish Tartans Authority,2/2,no,no,Scottish Register of Tartans,Geoffrey (Tailor) Highland Crafts,01/05/2003,2746.0,weaver_note,Yes.,https://www.tartanregister.gov.uk/tartanDetails.aspx?ref=2944
258,Milne (Personal),milne-personal,CB8 WW20 DBG8 WW48 LR68 WW48 DBG8 WW48,CB#6840FC CAROLINA BLUE; DBG#005448 DARK BLUE GREEN; LR#D05054 ROSE; WW#FCFCFC WILSON WHITE;,no,256,60,Name,2,Scottish Register of Tartans; Scottish Tartans Authority,2/2,no,no,Scottish Register of Tartans,"Dalgliesh, D.C",01/01/2003,634.0,weaver_note,Yes. Prepared for weaving by D C Dalgliesh Ltd.,https://www.tartanregister.gov.uk/tartanDetails.aspx?ref=2953
259,"Moray of Abercairney Clan Tartan Tartan Number: 51. Earliest known date: 1735 The sett is derived from the portrait of James, 14th Laird, painted about 1735. Historians have made different interpretations of the tartan. The tartan is similar to other Perthshire setts but not to the Clan Murray tartan. See products available Copyright © Blair Urquhart, Comrie, 2015",moray-of-abercairney-clan-tartan-tartan-number-51-earliest-known-date-1735-the-sett-is-derived-from-the-portrait-of-james-14th-laird-painted-about-1735-historians-have-made-different-interpretations-of-the-tartan-the-tartan-is-similar-to-other-perthshire-setts-but-not-to-the-clan-murray-tartan-see-products-available-copyright-blair-urquhart-comrie-2015,B/12 LB4 K4 R48 LR4 G36 R4 LB4 B/12,K#101010 BLACK; B#2C2C80 BLUE; G#006818 GREEN; LB#2888C4 LIGHT BLUE; R#C80000 RED; LR#D05054 ROSE;,yes,232,60,Scottish Tartans Society,2,House of Tartan; Weddslist,2/2,yes,yes,House of Tartan,,,,none,,http://www.house-of-tartan.scotland.net/house/TartanViewjs.asp?colr=Def&tnam=51
260,Mulholland (Personal),mulholland-personal,MY/8 K4 RB32 K24 MY4 G24 K4 G24 MY4 K24 RB12 K4 RB6 K4 RB/26,K#101010 BLACK; G#006818 GREEN; MY#D09800 M YELLOW; RB#1C0070 ROYAL BLUE;,yes,374,60,Clan; Family,2,Scottish Register of Tartans; Scottish Tartans Authority,2/2,no,no,Scottish Register of Tartans,"Dalgliesh, D C",01/01/2002,,weaver_note,Yes. Prepared for weaving by D C Dalgliesh Ltd.,https://www.tartanregister.gov.uk/tartanDetails.aspx?ref=3042
261,"Murdoch, Ellis (Personal)",murdoch-ellis-personal,K/4 W6 B50 P/40,K#101010 BLACK; B#28429F BLUE; W#FFFFFF WHITE; P#8642AF PURPLE;,yes,156,60,Name,2,Scottish Register of Tartans; Scottish Tartans Authority,1/2,no,no,Scottish Register of Tartans,Andrew C Murdoch,06/08/2004,3013.0,weaver_note,Yes. A personal tartan for the Murdoch family.,https://www.tartanregister.gov.uk/tartanDetails.aspx?ref=5368
262,"Murray of Elibank Clan Tartan Tartan Number: 340. Earliest known date: 1930-50 This sample comes from the MacGregor-Hastie collection which forms the basis of the cloth archive of the Scottish Tartans Society. Some of the samples, including this one, were unmarked. One can assume that the sample dates between 1930 and 1950. See products available Copyright © Blair Urquhart, Comrie, 2015",murray-of-elibank-clan-tartan-tartan-number-340-earliest-known-date-1930-50-this-sample-comes-from-the-macgregor-hastie-collection-which-forms-the-basis-of-the-cloth-archive-of-the-scottish-tartans-society-some-of-the-samples-including-this-one-were-unmarked-one-can-assume-that-the-sample-dates-between-1930-and-1950-see-products-available-copyright-blair-urquhart-comrie-2015,B56 K6 G24 K6 B8 K21 Y6 K21 B8 K6 G24 K6 B56,K#101010 BLACK; B#2C2C80 BLUE; G#006818 GREEN; Y#E8C000 YELLOW;,no,248,60,Scottish Tartans Society,2,House of Tartan; Weddslist,2/2,yes,yes,House of Tartan,,,,none,,http://www.house-of-tartan.scotland.net/house/TartanViewjs.asp?colr=Def&tnam=340
263,"Myles, Lee",myles-lee,DLR/2 K8 DN2 K66 DN26 K8 DN18 DLR2 DN6 DLR/4,DLR#C71585 DARK PINK; K#101010 BLACK; DN#575757 DARK GREY;,yes,278,60,Name,2,Scottish Register of Tartans; Scottish Tartans Authority,1/2,no,no,Scottish Register of Tartans,"Dalgliesh, Euan & Myles, Lee",27/09/2010,,weaver_note,"Yes. All of the name Myles can use this tartan with permission granted by Lee Myles via email or letter. If you wish to use this tartan please contact Lee Myles, 15 Cameron Grove, Inverkeithing Fife KY11 1AP. Email: lmds_ltd@hotmail.com",https://www.tartanregister.gov.uk/tartanDetails.aspx?ref=10352
264,Nery,nery,K/10 B90 R6 K40 R8 G56 Y/12,B#00008C BLUE; G#007800 GREEN; R#8C0000 RED; Y#C88C00 YELLOW; K#000000 BLACK;,yes,422,60,Name,2,Scottish Register of Tartans; Scottish Tartans Authority,2/2,no,no,Scottish Register of Tartans,"Dalgliesh, D C",01/01/2002,,weaver_note,Yes. Prepared for weaving by D C Dalgliesh Ltd.,https://www.tartanregister.gov.uk/tartanDetails.aspx?ref=3107
265,Nicolson of Assynt & Coigach,nicolson-of-assynt-coigach,B/16 R22 G10 DB6 Y6 W10 K/6,B#2C2C80 BLUE; R#C80000 RED; G#006818 GREEN; DB#1C1C50 DARK BLUE; Y#E8C000 YELLOW; W#E0E0E0 WHITE; K#101010 BLACK;,yes,130,60,Name,2,Scottish Register of Tartans; Scottish Tartans Authority,2/2,no,no,Scottish Register of Tartans,AL Bryan Nicolson,,,weaver_note,Yes. Copyright is held by the designer.,https://www.tartanregister.gov.uk/tartanDetails.aspx?ref=5754
266,Nicolson of Lewis,nicolson-of-lewis,W/12 R44 DG20 DN8 NB20 BN/12,W#E0E0E0 WHITE; R#C80000 RED; DG#003820 DARK GREEN; DN#5C5C5C DARK GREY; NB#003C64 NAVY BLUE; BN#344054 BLUE GREY;,yes,208,60,Clan; Family,2,Scottish Register of Tartans; Scottish Tartans Authority,2/2,no,no,Scottish Register of Tartans,AL Bryan Nicolson,,,weaver_note,Yes. Copyright is held by the designer.,https://www.tartanregister.gov.uk/tartanDetails.aspx?ref=5769
267,Nicolson of Taransay (Personal),nicolson-of-taransay-personal,W/12 G20 R44 B32 LG4 K8 K/10,R#C80000 RED; DB#1C1C50 DARK BLUE; B#2C2C80 BLUE; W#E0E0E0 WHITE; Y#E8C000 YELLOW; G#006818 GREEN; K#101010 BLACK; LG#289C18 LIGHT GREEN;,yes,238,60,Name,2,Scottish Register of Tartans; Scottish Tartans Authority,1/2,no,no,Scottish Register of Tartans,AL Bryan Nicolson,,,weaver_note,Yes. This tartan is a personal tartan for A L Bryan Nicolson and his immediate family.,https://www.tartanregister.gov.uk/tartanDetails.aspx?ref=5782
268,Nicolson of Tiree & Coll,nicolson-of-tiree-coll,LG/12 B32 R44 NB12 K8 P/8,LG#289C18 LIGHT GREEN; B#2C2C80 BLUE; R#C80000 RED; NB#003C64 NAVY BLUE; K#101010 BLACK; P#780078 PURPLE;,yes,212,60,Clan; Family,2,Scottish Register of Tartans; Scottish Tartans Authority,2/2,no,no,Scottish Register of Tartans,AL Bryan Nicolson,,,weaver_note,Yes. Copyright is held by the designer.,https://www.tartanregister.gov.uk/tartanDetails.aspx?ref=5817
269,Nicolson of the Isles (Personal),nicolson-of-the-isles-personal,Y/4 R8 B8 LSB70 LG10 R24 W/4,Y#E8C000 YELLOW; R#C80000 RED; LRB#1474B4 BALMORAL BLUE; LSB#98C8E8 LIGHT SKY; LG#80C86C LIGHT GREEN; W#E0E0E0 WHITE; B#6080D0 BLUE;,yes,248,60,Name,2,Scottish Register of Tartans; Scottish Tartans Authority,2/2,no,no,Scottish Register of Tartans,A L Bryan Nicolson,,,weaver_note,Yes. This tartan is a personal tartan for A L Bryan Nicolson and his immediate family.,https://www.tartanregister.gov.uk/tartanDetails.aspx?ref=5515
270,Noble (South Africa) (Personal),noble-south-africa-personal,DG/6 G4 K20 DG24 W2 G8 K12 DG4 DY6 Y/8,DG#003820 DARK GREEN; G#005448 GREEN; K#101010 BLACK; W#FFFFFF WHITE; DY#C89800 DARK YELLOW; Y#FFFF00 YELLOW;,yes,174,60,Name,2,Scottish Register of Tartans; Scottish Tartans Authority,2/2,no,no,Scottish Register of Tartans,Houston Kiltmakers,11/09/2013,,weaver_note,Yes. A personal tartan intended for Alan Noble and his immediate family. Please contact Alan Noble or Houston Kiltmakers for permission to use this tartan.,https://www.tartanregister.gov.uk/tartanDetails.aspx?ref=10903
271,O'Doherty (Glasgow) (Personal),o-doherty-glasgow-personal,W/4 NB20 BG6 NB4 BG6 K36 BG20 Y2 BG6 Y4 BG4 K4 Y/4,W#FFFFFF WHITE; NB#000080 NAVY BLUE; BG#006400 BOTTLE GREEN; Y#FFE600 CANARY YELLOW; K#101010 BLACK;,yes,232,60,Name,2,Scottish Register of Tartans; Scottish Tartans Authority,1/2,no,no,Scottish Register of Tartans,Geoffrey (Tailor) Ltd,08/09/2011,,weaver_note,Yes. Woven by Geoffrey (Tailor) Ltd,https://www.tartanregister.gov.uk/tartanDetails.aspx?ref=10566
272,"Ogilvie of Inverquharity Clan Tartan Tartan Number: 666. Earliest known date: 1842 Adam No 97. The Setts No: 209. See products available Copyright © Blair Urquhart, Comrie, 2015",ogilvie-of-inverquharity-clan-tartan-tartan-number-666-earliest-known-date-1842-adam-no-97-the-setts-no-209-see-products-available-copyright-blair-urquhart-comrie-2015,B/56 Y2 B4 K52 G48 K2 G4 R/6,K#101010 BLACK; B#2C2C80 BLUE; G#006818 GREEN; R#C80000 RED; Y#E8C000 YELLOW;,yes,286,60,Scottish Tartans Society,2,House of Tartan; Weddslist,2/2,yes,yes,House of Tartan,,,,none,,http://www.house-of-tartan.scotland.net/house/TartanViewjs.asp?colr=Def&tnam=666
273,"Ogilvy of Airlie Clan Tartan Tartan Number: 234. Earliest known date: 1830 Ogilvy of Airlie is the most usual form of the Ogilvy or Ogilvie tartan. The enormous complexity of the pattern makes it impossible to say whether accuracy of design has been maintained over the years, however, this count has been derived from an actual sample in the Paton collection housed at the Scottish Tartans Museum. The sett differs from the 'Drummond or Ogilvie' in detail but the overall design is the same. One full sett (repeat) of the pattern takes up the width of the loom. . See products available Copyright © Blair Urquhart, Comrie, 2015",ogilvy-of-airlie-clan-tartan-tartan-number-234-earliest-known-date-1830-ogilvy-of-airlie-is-the-most-usual-form-of-the-ogilvy-or-ogilvie-tartan-the-enormous-complexity-of-the-pattern-makes-it-impossible-to-say-whether-accuracy-of-design-has-been-maintained-over-the-years-however-this-count-has-been-derived-from-an-actual-sample-in-the-paton-collection-housed-at-the-scottish-tartans-museum-the-sett-differs-from-the-drummond-or-ogilvie-in-detail-but-the-overall-design-is-the-same-one-full-sett-repeat-of-the-pattern-takes-up-the-width-of-the-loom-see-products-available-copyright-blair-urquhart-comrie-2015,R/28 W4 DB6 W4 R28 K4 R4 DB4 Y4 A14 W4 A14 Y4 K8 R14 W2 R14 W2 R14 K8 Y10 A14 Y10 K4 R4 K4 R4 K4 R4 K4 Y4 A14 Y4 DB6 Y4 DB/6,A#5C8CA8 AZURE; K#101010 BLACK; DB#202060 DARK BLUE; R#C80000 RED; W#E0E0E0 WHITE; Y#E8C000 YELLOW;,yes,534,60,Scottish Tartans Society,2,House of Tartan; Weddslist,2/2,yes,yes,House of Tartan,,,,none,,http://www.house-of-tartan.scotland.net/house/TartanViewjs.asp?colr=Def&tnam=234
274,Patel (2013),patel-2013,DG/6 Y4 DR20 DG20 B40 DG24 R6 B20 W/4,W#FFFFFF WHITE; DR#781C38 DARK RED; DG#004028 DARK GREEN; Y#E0A126 YELLOW; R#960028 SCARLET; B#1870A4 BLUE;,yes,278,60,Name,2,Scottish Register of Tartans; Scottish Tartans Authority,1/2,no,no,Scottish Register of Tartans,Urquhart / Patel,31/07/2013,,weaver_note,"Yes. Developed for weaving by House of Tartan Ltd, Scotland.",https://www.tartanregister.gov.uk/tartanDetails.aspx?ref=10924
275,Paul Henry (Personal),paul-henry-personal,TB/8 DB6 DN14 AK18 DN26 MR4 TB26 DB18 DN14 AK6 DN/8,AK#1E1E1E BLACK; DN#515151 DARK GREY; DB#0B1245 DARK BLUE; TB#2F5980 BLUE; MR#B3020E RED;,yes,280,60,Name,2,Scottish Register of Tartans; Scottish Tartans Authority,2/2,no,no,Scottish Register of Tartans,"Henry, Paul",10/03/1961,,weaver_note,"Yes. No restrictions, but any interest in this tartan should be given to the designer.",https://www.tartanregister.gov.uk/tartanDetails.aspx?ref=10452
276,"Penman Clan Tartan Tartan Number: 166. Earliest known date: 1984 From design by the late William Penman. See products available Copyright © Blair Urquhart, Comrie, 2015",penman-clan-tartan-tartan-number-166-earliest-known-date-1984-from-design-by-the-late-william-penman-see-products-available-copyright-blair-urquhart-comrie-2015,B/10 G10 K2 R6 K2 N72 B12 G12 Y2 B4 Y2 G12 B12 N/22,K#101010 BLACK; B#2C2C80 BLUE; G#006818 GREEN; N#888888 GREY; R#C80000 RED; Y#E8C000 YELLOW;,yes,328,60,Scottish Tartans Society,2,House of Tartan; Weddslist,2/2,yes,yes,House of Tartan,,,,none,,http://www.house-of-tartan.scotland.net/house/TartanViewjs.asp?colr=Def&tnam=166
277,Perratt (Personal),perratt-personal,K/166 G8 R8 G20 K2 WW/6,WW#FCFCFC WILSON WHITE; R#C80000 RED; G#006818 GREEN; K#101010 BLACK;,yes,248,60,Name,2,Scottish Register of Tartans; Scottish Tartans Authority,2/2,no,no,Scottish Register of Tartans,Geoffrey (Tailor) Highland Crafts,01/05/2003,2747.0,weaver_note,Yes.,https://www.tartanregister.gov.uk/tartanDetails.aspx?ref=3319
278,"Perthshire District Tartan Tartan Number: 2060. Earliest known date: pre 1831 This is the sett woven today. It differs slightly in proportion to Wilson's original pattern, recorded in his accounts c.1831, which was known as Perthshire Rock and Wheel. Rock and Wheel was an early type of soft tartan. The sett is similar to the Drummond tartan. (The Wilson papers, Scottish Tartans Museum Collection) See products available Copyright © Blair Urquhart, Comrie, 2015",perthshire-district-tartan-tartan-number-2060-earliest-known-date-pre-1831-this-is-the-sett-woven-today-it-differs-slightly-in-proportion-to-wilson-s-original-pattern-recorded-in-his-accounts-c-1831-which-was-known-as-perthshire-rock-and-wheel-rock-and-wheel-was-an-early-type-of-soft-tartan-the-sett-is-similar-to-the-drummond-tartan-the-wilson-papers-scottish-tartans-museum-collection-see-products-available-copyright-blair-urquhart-comrie-2015,R/72 W2 B6 Y2 G32 R16 B6 A4 W/2,A#5C8CA8 AZURE; B#2C2C80 BLUE; G#006818 GREEN; R#C80000 RED; W#E0E0E0 WHITE; Y#E8C000 YELLOW;,yes,210,60,Scottish Tartans Society,2,House of Tartan; Weddslist,2/2,yes,yes,House of Tartan,,,,none,,http://www.house-of-tartan.scotland.net/house/TartanViewjs.asp?colr=Def&tnam=2060
279,"Philpotts, Brian",philpotts-brian,LO/2 T4 LN6 Y8 LG36 B42 LB48 LY/16,T#603800 BROWN; Y#E0A126 YELLOW; LN#C8C8C8 LIGHT GREY; LG#649848 LIGHT GREEN; B#2C2C80 BLUE; LB#00FCFC LIGHT BLUE; LO#E8CCB8 LIGHT ORANGE; LY#F9F5EF LIGHT YELLOW;,yes,306,60,Name,2,Scottish Register of Tartans; Scottish Tartans Authority,1/2,no,no,Scottish Register of Tartans,"Philpotts, Brian",09/10/2013,,weaver_note,Yes. Please consult the designer to weave this tartan.,https://www.tartanregister.gov.uk/tartanDetails.aspx?ref=10931
280,Pienaar (Personal),pienaar-personal,W/4 DG4 P14 R4 Y4 R8 DG64 G12 Y/6,Y#E8C000 YELLOW; G#006818 GREEN; DG#003820 DARK GREEN; R#C80000 RED; P#780078 PURPLE; W#E0E0E0 WHITE;,yes,230,60,Name,2,Scottish Register of Tartans; Scottish Tartans Authority,2/2,no,no,Scottish Register of Tartans,"Pienaar, Rob",01/01/2005,,weaver_note,Yes. A personal tartan intended for the designer and his immediate family only.,https://www.tartanregister.gov.uk/tartanDetails.aspx?ref=3335
281,Pitt (Glasgow),pitt-glasgow,LRB/46 NB36 W10 NB4 R28 NB/36,A#5C8CA8 AZURE; NB#003C64 NAVY BLUE; W#E0E0E0 WHITE; WR#780028 WINE RED; R#C80000 RED; LRB#406488 BALMORAL BLUE;,yes,238,60,Name,2,Scottish Register of Tartans; Scottish Tartans Authority,1/2,no,no,Scottish Register of Tartans,Pitt/Urquhart,02/07/2010,,weaver_note,Yes. Developed for weaving by House of Tartan,https://www.tartanregister.gov.uk/tartanDetails.aspx?ref=10376
282,"Pollock Clan Tartan Tartan Number: 867. Earliest known date: 1980 Based on the Maxwell sett which in turn comes from the Vestiarium Scoticum (1842). Details of the Clan Society's design came from Rhys A Pollock in America. Pollocks were feudal dependents of the Maxwells who lived in the Scottish Lowlands. See products available Copyright © Blair Urquhart, Comrie, 2015",pollock-clan-tartan-tartan-number-867-earliest-known-date-1980-based-on-the-maxwell-sett-which-in-turn-comes-from-the-vestiarium-scoticum-1842-details-of-the-clan-society-s-design-came-from-rhys-a-pollock-in-america-pollocks-were-feudal-dependents-of-the-maxwells-who-lived-in-the-scottish-lowlands-see-products-available-copyright-blair-urquhart-comrie-2015,G/6 R2 G56 K12 W8 R32 G/6,K#101010 BLACK; G#006818 GREEN; R#C80000 BASIC RED; W#E0E0E0 WHITE;,yes,232,60,Scottish Tartans Society,2,House of Tartan; Weddslist,2/2,yes,yes,House of Tartan,,,,none,,http://www.house-of-tartan.scotland.net/house/TartanViewjs.asp?colr=Def&tnam=867
283,Pounds,pounds,FSB/42 K6 FSB30 K8 N12 K6 FSB4 DR6 FSB2 DY4 FSB2 HP6 FSB36 K4 FSB4 K/4,K#101010 BLACK; N#888888 GRAY; DY#C8A438 MARIGOLD; FSB#3C6488 FS BLUE; HP#880078 MAGENTA; DR#8C0020 DARK RED;,yes,306,60,Name,2,Scottish Register of Tartans; Scottish Tartans Authority,1/2,no,no,Scottish Register of Tartans,Jeffrey Pounds,05/08/2009,,weaver_note,Yes. The design was prepared for weaving by House of Tartan.,https://www.tartanregister.gov.uk/tartanDetails.aspx?ref=10070
284,Pownall (2015),pownall-2015,P/60 LT14 W12 B60 Y/16,B#2C4084 BLUE; P#780078 PURPLE; Y#FCCC00 YELLOW; LT#A08858 LIGHT BROWN; W#F8F8F8 WHITE;,yes,248,60,Name,2,Scottish Register of Tartans; Scottish Tartans Authority,2/2,no,no,Scottish Register of Tartans,Jones/Trivett,04/02/2015,,weaver_note,"Yes. Prepared for weaving by House of Tartan Ltd, Scotland",https://www.tartanregister.gov.uk/tartanDetails.aspx?ref=11257
285,"Purdy, R Scott (Personal)",purdy-r-scott-personal,R/2 K2 LY2 K2 Y12 G6 DY14 LY2 Y24 K2 R42 LY2 K2 R2 Y/2,R#DC0000 RED; Y#D87C00 GOLD; DY#BE7832 DARK YELLOW; G#005020 GREEN; LY#F9F5EF LIGHT YELLOW; K#101010 BLACK;,yes,232,60,Name,2,Scottish Register of Tartans; Scottish Tartans Authority,1/2,no,no,Scottish Register of Tartans,"Purdy, R Scott",19/10/2013,,weaver_note,"Yes. Please contact the designer to wear, use or weave this tartan.",https://www.tartanregister.gov.uk/tartanDetails.aspx?ref=10934
286,"Queen Alexandra Tartan Tartan Number: 972. Earliest known date: pre 2003 The Scottish Tartans Society received a sample from A.C.Lumsden which is slightly different. (The black and the dark blue are almost indistinguishable). The colours of the tartan are taken from the Provincial Coat of Arms. The tartan is not registered with Lord Lyon. See products available Copyright © Blair Urquhart, Comrie, 2015",queen-alexandra-tartan-tartan-number-972-earliest-known-date-pre-2003-the-scottish-tartans-society-received-a-sample-from-a-c-lumsden-which-is-slightly-different-the-black-and-the-dark-blue-are-almost-indistinguishable-the-colours-of-the-tartan-are-taken-from-the-provincial-coat-of-arms-the-tartan-is-not-registered-with-lord-lyon-see-products-available-copyright-blair-urquhart-comrie-2015,G/8 R4 G4 R42 W4 R6 W4 R6 W16 R/8,G#006818 GREEN; R#C80000 RED; W#E0E0E0 WHITE;,yes,188,60,Scottish Tartans Society,2,House of Tartan; Weddslist,2/2,yes,yes,House of Tartan,,,,none,,http://www.house-of-tartan.scotland.net/house/TartanViewjs.asp?colr=Def&tnam=972
287,Redmond (2014),redmond-2014,R/8 K2 G16 LG4 G16 K8 LG16 K2 B4 K2 LG16 K8 G16 K4 G16 K2 Y/4,R#DC0000 RED; G#005020 GREEN; LG#007800 LIGHT GREEN; Y#E0A126 YELLOW; K#101010 BLACK; B#5C8CA8 BLUE;,yes,276,60,Name,2,Scottish Register of Tartans; Scottish Tartans Authority,1/2,no,no,Scottish Register of Tartans,"Redmond, Mark S",16/09/2011,,weaver_note,"Yes. Intended for all Redmonds to wear and enjoy but this tartan should not be exploited commercially.Written authorisation should be sought before weaving this tartan, and the tartan should be woven in Scotland or Nova Scotia, Canada.",https://www.tartanregister.gov.uk/tartanDetails.aspx?ref=11099
288,Richmond de Ellel (Personal),richmond-de-ellel-personal,WW/10 LT50 K20 R6 K20 LT50 K/10,R#C80000 RED; K#101010 BLACK; LT#A08858 LIGHT BROWN; WW#FCFCFC WILSON WHITE;,yes,312,60,Name,2,Scottish Register of Tartans; Scottish Tartans Authority,2/2,no,no,Scottish Register of Tartans,"Richmond, Alan",09/01/1999,2777.0,weaver_note,Yes.,https://www.tartanregister.gov.uk/tartanDetails.aspx?ref=3510
289,Ritchie,ritchie,LN/6 DR12 FSB12 DR12 G32 RB12 LN6 RB12 DR28 LN4 DR6 LN4 DR/6,DR#880000 DARK RED; FSB#2474E8 FS BLUE; G#006818 GREEN; LN#C0C0C0 LIGHT GRAY; RB#1C0070 ROYAL BLUE;,yes,292,60,Clan; Family,2,Scottish Register of Tartans; Scottish Tartans Authority,2/2,no,no,Scottish Register of Tartans,"Dalgliesh, D.C",01/01/2002,,weaver_note,Yes. Prepared for weaving by D C Dalgliesh Ltd.,https://www.tartanregister.gov.uk/tartanDetails.aspx?ref=3514
290,"Robertson Dress Clan Tartan Tartan Number: 539. Earliest known date: pre 2003 This is a phantom tartan. (STS archive) See products available Copyright © Blair Urquhart, Comrie, 2015",robertson-dress-clan-tartan-tartan-number-539-earliest-known-date-pre-2003-this-is-a-phantom-tartan-sts-archive-see-products-available-copyright-blair-urquhart-comrie-2015,B/48 R8 G48 R8 B8 W40 R20 G6 W/8,B#2C2C80 BLUE; G#006818 GREEN; R#C80000 RED; W#E0E0E0 WHITE;,yes,332,60,Scottish Tartans Society,2,House of Tartan; Weddslist,2/2,yes,yes,House of Tartan,,,,none,,http://www.house-of-tartan.scotland.net/house/TartanViewjs.asp?colr=Def&tnam=539
291,"Robertson Dress Hunting Clan Tartan Tartan Number: 1804. Earliest known date: pre 2003 Nothing See products available Copyright © Blair Urquhart, Comrie, 2015",robertson-dress-hunting-clan-tartan-tartan-number-1804-earliest-known-date-pre-2003-nothing-see-products-available-copyright-blair-urquhart-comrie-2015,W/8 G6 R20 W40 B8 R8 G52 R8 B52 R8 B8 W40 R20 G6 W/8,B#2C2C80 BLUE; G#006818 GREEN; R#C80000 RED; W#E0E0E0 WHITE;,yes,568,60,Scottish Tartans Society,2,House of Tartan; Weddslist,2/2,yes,yes,House of Tartan,,,,none,,http://www.house-of-tartan.scotland.net/house/TartanViewjs.asp?colr=Def&tnam=1804
292,"Robitaille, Jean-Francois (Personal)",robitaille-jean-francois-personal,DB/42 W4 LT6 W4 LT4 W4 K24 W4 G12 DB30 R4 Y/8,DB#000080 DARK BLUE; W#FFFFFF WHITE; LT#8B6508 LIGHT TAN; K#101010 BLACK; G#008B00 GREEN; R#FF0000 RED; Y#FFE600 YELLOW;,yes,242,60,Name,2,Scottish Register of Tartans; Scottish Tartans Authority,1/2,no,no,Scottish Register of Tartans,"MacDonald, Robert",01/04/2012,,weaver_note,"Yes. Permission to wear/use this tartan should be obtained from its owner, Jean-Francois Robitaille.Only to be woven by D.C. Dalgliesh Ltd.",https://www.tartanregister.gov.uk/tartanDetails.aspx?ref=10649
293,"Rose, Danny and Hanna (Personal)",rose-danny-and-hanna-personal,LB/22 B38 DB76 R14 K/14,R#A00048 RED; K#101010 BLACK; B#00008C BLUE; DB#141E46 DARK BLUE; LB#003C64 LIGHT BLUE;,yes,292,60,Name,2,Scottish Register of Tartans; Scottish Tartans Authority,1/2,no,no,Scottish Register of Tartans,"Rose, Hanna",19/01/2015,,weaver_note,Yes. For family use only.,https://www.tartanregister.gov.uk/tartanDetails.aspx?ref=11219
294,Ross (Clan),ross-clan,G/36 R4 G36 R36 G4 R8 G4 R36 B36 R4 B36 R36 B2 R2 B4 R2 B2 R36 B2 R2 G4 R2 B2 R36 G36 R4 G/36,R#C80000; B#2C2C80; G#006818;,yes,824,60,Robert Bradford,2,Scottish Tartans Authority; House of Tartan,1/2,yes,yes,Scottish Tartans Authority,,,,none,,http://www.tartansauthority.com/tartan-ferret/display/883/
295,Rourke-Frew Hunting,rourke-frew-hunting,DB/12 K6 R4 K6 DG62 K12 G4 K12 DY26 K4 G/4,K#1C1714 BLACK; DY#E0A126 DARK YELLOW; R#C8002C RED; DB#202060 DARK BLUE; DG#003C14 DARK GREEN; G#5C6428 GREEN;,yes,288,60,Name,2,Scottish Register of Tartans; Scottish Tartans Authority,1/2,no,no,Scottish Register of Tartans,James Rourke,13/09/2013,,weaver_note,"Yes. For those bearing the name Rourke, Frew, Rourke-Frew, the designer, extended family and descendants.",https://www.tartanregister.gov.uk/tartanDetails.aspx?ref=10982
296,"Scott Dress Tartan Tartan Number: 1006. Earliest known date: pre 2003 Based on the 'Red' Scott from the Vestiarium Scoticum. See products available Copyright © Blair Urquhart, Comrie, 2015",scott-dress-tartan-tartan-number-1006-earliest-known-date-pre-2003-based-on-the-red-scott-from-the-vestiarium-scoticum-see-products-available-copyright-blair-urquhart-comrie-2015,G/8 R4 K2 W60 R20 G28 R8 G10 W4 G10 R/8,K#101010 BLACK; G#006818 GREEN; R#C80000 RED; W#E0E0E0 WHITE;,yes,308,60,Scottish Tartans Society,2,House of Tartan; Weddslist,2/2,yes,yes,House of Tartan,,,,none,,http://www.house-of-tartan.scotland.net/house/TartanViewjs.asp?colr=Def&tnam=1006
297,"Scott Hunting Clan Tartan Tartan Number: 1546. Earliest known date: 1906 Also known as Green Scott, this tartan is generally available today. The Chief of the Scotts is His Grace the 9th Duke of Buccleuch and 10th of Queensberry who lives in Selkirk in the borders region of Scotland. See products available Copyright © Blair Urquhart, Comrie, 2015",scott-hunting-clan-tartan-tartan-number-1546-earliest-known-date-1906-also-known-as-green-scott-this-tartan-is-generally-available-today-the-chief-of-the-scotts-is-his-grace-the-9th-duke-of-buccleuch-and-10th-of-queensberry-who-lives-in-selkirk-in-the-borders-region-of-scotland-see-products-available-copyright-blair-urquhart-comrie-2015,R/2 G4 W4 G4 R4 G16 UT28 R/6,G#006818 GREEN; R#C80000 RED; UT#480800 UMBER; W#E0E0E0 WHITE;,yes,128,60,Scottish Tartans Society,2,House of Tartan; Weddslist,2/2,yes,yes,House of Tartan,,,,none,,http://www.house-of-tartan.scotland.net/house/TartanViewjs.asp?colr=Def&tnam=1546
298,Scragg Moran (Personal),scragg-moran-personal,RG/2 B56 K22 R10 W2 R10 K22 Y2 K4 RG/2,W#DDD5AF MUTED WHITE; Y#C1AE8C PUTTY YELLOW; R#89051B SCARLET; K#120A01 BLACK; B#14465C OLD BLUE; RG#509721 ROSS GREEN;,yes,260,60,Name,2,Scottish Register of Tartans; Scottish Tartans Authority,1/2,no,no,Scottish Register of Tartans,"Moran de Scragg, Claudia",09/03/2011,,weaver_note,Yes. A personal tartan for the designer's husband. Copyright owner: Claudia Moran de Scragg.,https://www.tartanregister.gov.uk/tartanDetails.aspx?ref=10381
299,Selby,selby,W/6 G48 K24 B6 K4 B4 K4 B24 LG2 B2 LG/6,K#101010 BLACK; B#2C2C80 BLUE; G#006818 GREEN; R#C80000 RED; W#E0E0E0 WHITE; LG#289C18 LIGHT GREEN;,yes,248,60,Name,2,Scottish Register of Tartans; Scottish Tartans Authority,1/2,no,no,Scottish Register of Tartans,"Selby, M, Haverhill, Suffolk",09/04/2009,,weaver_note,Yes. The designer would like the tartan to be freely available for anyone to wearDeveloped for weaving by House of Tartan,https://www.tartanregister.gov.uk/tartanDetails.aspx?ref=10040
300,Shandon (Personal),shandon-personal,MB36 RB8 MB8 RB8 MB36 K40 MG36 K4 Y4 K10 W4 K4 MG36 K40,Y#E8C000 YELLOW; W#FCFCFC WILSON WHITE; MG#408060 MILITARY GREEN; K#101010 BLACK; MB#2C2C80 MILITARY BLUE; RB#1474B4 ROYAL BLUE;,no,274,60,Name,2,Scottish Register of Tartans; Scottish Tartans Authority,1/2,no,no,Scottish Register of Tartans,"Horan Bt The Lord Shandon, Sir Niall",01/10/2001,2871.0,weaver_note,Yes.,https://www.tartanregister.gov.uk/tartanDetails.aspx?ref=3773
301,Shapiro (Personal),shapiro-personal,LY16 LSB4 LVP6 LY10 LSB3 LY28 LSB2 LY10 LSB4 LY10 LSB6 LY10 LSB6 LY10 LSB6 LY10 LSB10 LY4 LY10 LVP4 LSB10 LY2 LSB32 LY1 LY1 LSB10 LY4 LSB10 LY4 LSB10 LY6 LSB10 LY6 LSB4 LVP10 LY2 LVP2 LSB2 K16,AB#1870A4 ANC BLUE; K#101010 BLACK; GO#BC8C00 DARK GOLD; PH#6C0070 HEATHER; LSB#B4C4CC LIGHT SKY; LVP#D89CCC LGT VIOLET; LY#C4BC68 LGT YELLOW;,no,311,60,Name,2,Scottish Register of Tartans; Scottish Tartans Authority,1/2,no,no,Scottish Register of Tartans,"Dalgliesh, D C",,,weaver_note,Yes. Prepared for weaving by D C Dalgliesh Ltd.,https://www.tartanregister.gov.uk/tartanDetails.aspx?ref=4864
302,Shaw (Clan 1),shaw-clan-1,G/48 K4 B6 K4 B16 R/4,K#101010; R#C80000; B#2C2C80; G#006818;,yes,112,60,Robert Bradford,2,Scottish Tartans Authority; House of Tartan,2/2,yes,yes,Scottish Tartans Authority,,,,none,,http://www.tartansauthority.com/tartan-ferret/display/768/
303,Shedor (2013),shedor-2013,LB/50 G6 LB8 G8 LB10 G10 LB30 R12 LB10 G38 LB16 G52 LB8 W8 LB8 G14 LB8 B/42,LB#A8ACE8 LIGHT BLUE; R#C80000 RED; G#649848 GREEN; W#FFFFFF WHITE; B#5F749C BLUE;,yes,584,60,Name,2,Scottish Register of Tartans; Scottish Tartans Authority,1/2,no,no,Scottish Register of Tartans,"Shedor, Chase",16/05/2013,,weaver_note,"Yes. If worn or woven, the Shedor name should be associated with this tartan.",https://www.tartanregister.gov.uk/tartanDetails.aspx?ref=10898
304,Shirra (2013),shirra-2013,DB/80 K64 W/2,K#101010 BLACK; W#FFFFFF WHITE; DB#0000CD DARK BLUE;,yes,210,60,Name,2,Scottish Register of Tartans; Scottish Tartans Authority,1/2,no,no,Scottish Register of Tartans,"Shirra, A & Shirra-Morris, K",08/10/2013,,weaver_note,Yes. Intended for the sole use of the designers. Those seeking to use or reproduce this tartan should contact the designers for permission.Registered design reference #10436/2014 and registration #355588 in Australia. OHIM design registration #002500058.,https://www.tartanregister.gov.uk/tartanDetails.aspx?ref=10930
305,Sinclair Green (Personal),sinclair-green-personal,G/8 DR4 G60 DN30 CW4 RB30 DR/8,CW#FCFCFC CLEAR; DN#5C5C5C DARK GREY; DR#880000 DARK RED; G#006818 GREEN; RB#1C0070 ROYAL BLUE;,yes,272,60,Name,2,Scottish Register of Tartans; Scottish Tartans Authority,2/2,no,no,Scottish Register of Tartans,"Sinclair, R.M.",01/01/2002,890.0,weaver_note,Yes.,https://www.tartanregister.gov.uk/tartanDetails.aspx?ref=3795
306,"Skene of Cromar Clan Tartan Tartan Number: 535. Earliest known date: pre 2003 Count divided by 2 for display purposes. See products available Copyright © Blair Urquhart, Comrie, 2015",skene-of-cromar-clan-tartan-tartan-number-535-earliest-known-date-pre-2003-count-divided-by-2-for-display-purposes-see-products-available-copyright-blair-urquhart-comrie-2015,B/4 R40 G40 K42 R/2,K#101010 BLACK; B#2C2C80 BLUE; G#006818 GREEN; R#C80000 RED;,yes,250,60,Scottish Tartans Society,2,House of Tartan; Weddslist,2/2,yes,yes,House of Tartan,,,,none,,http://www.house-of-tartan.scotland.net/house/TartanViewjs.asp?colr=Def&tnam=535
307,Smeaton Hunting,smeaton-hunting,G/6 K4 MY6 K6 G6 K64 G88 LN6 G8 K/12,K#101010 BLACK; G#006818 GREEN; LN#C0C0C0 LIGHT GRAY; MY#D09800 M YELLOW;,yes,394,60,Clan; Family,2,Scottish Register of Tartans; Scottish Tartans Authority,2/2,no,no,Scottish Register of Tartans,"Dalgliesh, D C",,,weaver_note,Yes. Prepared for weaving by D C Dalgliesh Ltd.,https://www.tartanregister.gov.uk/tartanDetails.aspx?ref=5244
308,"Southdown Tartan Tartan Number: 1194. Earliest known date: pre 2003 Designed for the Glasgow conference in 2002 See products available Copyright © Blair Urquhart, Comrie, 2015",southdown-tartan-tartan-number-1194-earliest-known-date-pre-2003-designed-for-the-glasgow-conference-in-2002-see-products-available-copyright-blair-urquhart-comrie-2015,K/16 R2 K6 W10 K10 W6 K10 UT46 R/6,K#101010 BLACK; R#C80000 RED; UT#480800 UMBER; W#E0E0E0 WHITE;,yes,202,60,Scottish Tartans Society,2,House of Tartan; Weddslist,1/2,yes,yes,House of Tartan,,,,none,,http://www.house-of-tartan.scotland.net/house/TartanViewjs.asp?colr=Def&tnam=1194
309,"Special Saffron Tartan Tartan Number: 201. Earliest known date: pre 2003 Y = Saffron See products available Copyright © Blair Urquhart, Comrie, 2015",special-saffron-tartan-tartan-number-201-earliest-known-date-pre-2003-y-saffron-see-products-available-copyright-blair-urquhart-comrie-2015,LB/10 DG86 Y43 DG/21,DG#003820 DARK GREEN; LB#2888C4 LIGHT BLUE; Y#E8C000 YELLOW;,yes,289,60,Scottish Tartans Society,2,House of Tartan; Weddslist,1/2,yes,yes,House of Tartan,,,,none,,http://www.house-of-tartan.scotland.net/house/TartanViewjs.asp?colr=Def&tnam=201
310,Spirit of de Jong,spirit-of-de-jong,P/22 K5 P14 G32 NB5 B7 K5 W5 R5 W5 K5 B7 NB20 O12 NB/103,R#FF0000 RED; W#FFFFFF WHITE; K#101010 BLACK; B#272179 BLUE; NB#313950 NAVY; G#1D4A34 GREEN; P#452451 PURPLE; O#D0512E ORANGE;,yes,379,60,Name,2,Scottish Register of Tartans; Scottish Tartans Authority,1/2,no,no,Scottish Register of Tartans,de Jong,01/05/2012,,weaver_note,"Yes. Only to be woven by Marton Mills, Otley, West Yorkshire.",https://www.tartanregister.gov.uk/tartanDetails.aspx?ref=10611
311,"St Giles Check Tartan Tartan Number: 387. Earliest known date: 1984 St Giles Church is in the Royal Mile, Edinburgh See products available Copyright © Blair Urquhart, Comrie, 2015",st-giles-check-tartan-tartan-number-387-earliest-known-date-1984-st-giles-church-is-in-the-royal-mile-edinburgh-see-products-available-copyright-blair-urquhart-comrie-2015,B/6 N2 W2 N50 W2 N2 P/6,B#2C2C80 BLUE; N#888888 GREY; P#780078 PURPLE; W#E0E0E0 WHITE;,yes,128,60,Scottish Tartans Society,2,House of Tartan; Weddslist,2/2,yes,yes,House of Tartan,,,,none,,http://www.house-of-tartan.scotland.net/house/TartanViewjs.asp?colr=Def&tnam=387
312,Staley (2014),staley-2014,B/18 W4 DG50 DT20 K30 P/8,B#2C4084 BLUE; W#F8F4D0 WHITE; K#101010 BLACK; DG#002814 DARK GREEN; DT#441800 DARK BROWN; P#3D1130 PURPLE;,yes,234,60,Name,2,Scottish Register of Tartans; Scottish Tartans Authority,1/2,no,no,Scottish Register of Tartans,"Staley, Ian",06/11/2014,,weaver_note,Yes. May not be woven or produced without the designer's permission.Staley Design ID: 71159,https://www.tartanregister.gov.uk/tartanDetails.aspx?ref=11185
313,Stanners (Personal),stanners-personal,LN/16 K16 NB16 K16 G16 W4 G16 W4 NB12 R16 NB12 R16 W/4,B#2C2C80 ZLUE; K#101010 BLACK; NB#003C64 NAVY BLUE; G#006818 GREEN; W#E0E0E0 WHITE; R#C80000 RED; LN#A0A0A0 LIGHT GRAY;,yes,308,60,Name,2,Scottish Register of Tartans; Scottish Tartans Authority,1/2,no,no,Scottish Register of Tartans,"Stanners, Tom",02/11/2009,,weaver_note,Yes. Developed for weaving by House of Tartan.,https://www.tartanregister.gov.uk/tartanDetails.aspx?ref=10096
314,"Stewart Mourning Clan Tartan Tartan Number: 1247. Earliest known date: 1880 'Clan Originaux' was published in Paris in 1880 by J. Claude Fres Et Cie. It contains the earliest known record of a number of Irish tartans and many variations of Scottish Clan tartans. The only copy known to exist was discovered recently in America and is now in the possession of Pendleton Mills in Portland, Oregon. See products available Copyright © Blair Urquhart, Comrie, 2015",stewart-mourning-clan-tartan-tartan-number-1247-earliest-known-date-1880-clan-originaux-was-published-in-paris-in-1880-by-j-claude-fres-et-cie-it-contains-the-earliest-known-record-of-a-number-of-irish-tartans-and-many-variations-of-scottish-clan-tartans-the-only-copy-known-to-exist-was-discovered-recently-in-america-and-is-now-in-the-possession-of-pendleton-mills-in-portland-oregon-see-products-available-copyright-blair-urquhart-comrie-2015,K/86 W8 K12 W4 K6 W4 K6 W18 K10 W6 K6 W/6,K#101010 BLACK; W#E0E0E0 WHITE;,yes,252,60,Scottish Tartans Society,2,House of Tartan; Weddslist,2/2,yes,yes,House of Tartan,,,,none,,http://www.house-of-tartan.scotland.net/house/TartanViewjs.asp?colr=Def&tnam=1247
315,"Stewart Prince Charles Edward Clan Tartan Tartan Number: 1371. Earliest known date: 1810-15 Also known as the Earl of Moray. A piece exists in the Highland Society of London collection (c.1815) in which the Yellow and White are in silk. The Prince' sett is identical with the Royal Stewart but for the much reduced red square. D.C.Stewart says, 'the tartan becomes richer to the point of congestion.' It is reputed to have been worn by the Prince at Holyrood. Worn by Kirkliston, Bowhill and Seafield, Kinross and District, Strathclyde Fire Brigade and Strathkelvin pipe bands. See products available Copyright © Blair Urquhart, Comrie, 2015",stewart-prince-charles-edward-clan-tartan-tartan-number-1371-earliest-known-date-1810-15-also-known-as-the-earl-of-moray-a-piece-exists-in-the-highland-society-of-london-collection-c-1815-in-which-the-yellow-and-white-are-in-silk-the-prince-sett-is-identical-with-the-royal-stewart-but-for-the-much-reduced-red-square-d-c-stewart-says-the-tartan-becomes-richer-to-the-point-of-congestion-it-is-reputed-to-have-been-worn-by-the-prince-at-holyrood-worn-by-kirkliston-bowhill-and-seafield-kinross-and-district-strathclyde-fire-brigade-and-strathkelvin-pipe-bands-see-products-available-copyright-blair-urquhart-comrie-2015,R/28 A8 K12 Y2 K4 W4 K4 G24 R12 K4 R4 W/2,A#5C8CA8 AZURE; K#101010 BLACK; G#006818 GREEN; R#C80000 RED; W#E0E0E0 WHITE; Y#E8C000 YELLOW;,yes,186,60,Scottish Tartans Society,2,House of Tartan; Weddslist,2/2,yes,yes,House of Tartan,,,,none,,http://www.house-of-tartan.scotland.net/house/TartanViewjs.asp?colr=Def&tnam=1371
316,"Stewart of Appin Dress Clan Tartan Tartan Number: 481. Earliest known date: pre 2003 The Stewarts of Appin fueded relentlessly with the Campbells, and they were supported in these pursuits and other military activities by some of the Clan MacColl, whose tartan is very similar. The Stewarts of Ardshiel, a branch of the Appin Clan, have a certified tartan of their own dating back to the 1820's, which has elements of the Appin design. Stewarts of Appin are descended from Dugald, the son of Sir John Stewart of Lorne who was murdered in 1463. Dugald established the Appin branch of the family by dividing his lands between his five sons. The tartan is worn by the Stonehaven pipe bands. See products available Copyright © Blair Urquhart, Comrie, 2015",stewart-of-appin-dress-clan-tartan-tartan-number-481-earliest-known-date-pre-2003-the-stewarts-of-appin-fueded-relentlessly-with-the-campbells-and-they-were-supported-in-these-pursuits-and-other-military-activities-by-some-of-the-clan-maccoll-whose-tartan-is-very-similar-the-stewarts-of-ardshiel-a-branch-of-the-appin-clan-have-a-certified-tartan-of-their-own-dating-back-to-the-1820-s-which-has-elements-of-the-appin-design-stewarts-of-appin-are-descended-from-dugald-the-son-of-sir-john-stewart-of-lorne-who-was-murdered-in-1463-dugald-established-the-appin-branch-of-the-family-by-dividing-his-lands-between-his-five-sons-the-tartan-is-worn-by-the-stonehaven-pipe-bands-see-products-available-copyright-blair-urquhart-comrie-2015,B/16 R6 B68 LB6 K18 W62 R10 W6 R6 W/16,K#101010 BLACK; B#2C2C80 BLUE; LB#2888C4 LIGHT BLUE; R#C80000 RED; W#E0E0E0 WHITE;,yes,396,60,Scottish Tartans Society,2,House of Tartan; Weddslist,1/2,yes,yes,House of Tartan,,,,none,,http://www.house-of-tartan.scotland.net/house/TartanViewjs.asp?colr=Def&tnam=481
317,"Stewart of Ardshiel Clan Tartan Tartan Number: 73. Earliest known date: 1822 There are minor differences between the warp and weft in the blue not shown in the illustration. This is the earliest record of a Stewart of Ardshiel tartan. It differs from the Stewart of Appin in that the Red is interchanged with the blue. Ardshiel is part of Appin and it may be a variation on a sett common to the area. Stewarts of Ardshiel are regarded as a sept of the Appin branch. See products available Copyright © Blair Urquhart, Comrie, 2015",stewart-of-ardshiel-clan-tartan-tartan-number-73-earliest-known-date-1822-there-are-minor-differences-between-the-warp-and-weft-in-the-blue-not-shown-in-the-illustration-this-is-the-earliest-record-of-a-stewart-of-ardshiel-tartan-it-differs-from-the-stewart-of-appin-in-that-the-red-is-interchanged-with-the-blue-ardshiel-is-part-of-appin-and-it-may-be-a-variation-on-a-sett-common-to-the-area-stewarts-of-ardshiel-are-regarded-as-a-sept-of-the-appin-branch-see-products-available-copyright-blair-urquhart-comrie-2015,A/4 NB2 LR2 R12 G66 R4 NB2 A2 R6 NB34 R6 A2 NB2 R65 NB3 LR2 R6 G/14,A#5C8CA8 AZURE; G#006818 GREEN; NB#003C64 NAVY BLUE; R#C80000 RED; LR#D05054 ROSE;,yes,450,60,Scottish Tartans Society,2,House of Tartan; Weddslist,1/2,yes,yes,House of Tartan,,,,none,,http://www.house-of-tartan.scotland.net/house/TartanViewjs.asp?colr=Def&tnam=73
318,"Stewart of Athol Clan Tartan Tartan Number: 802. Earliest known date: pre 1842 (1745) Prepared for the Vestiarium Scoticum but not included in the published version. It was claimed to be the sett of a 'relic from the '45' and published as such by D.W.Stewart in his book 'Old and Rare Scottish Tartans' in 1893. It has become more widely known in recent times. There is also an Atholl district tartan. See products available Copyright © Blair Urquhart, Comrie, 2015",stewart-of-athol-clan-tartan-tartan-number-802-earliest-known-date-pre-1842-1745-prepared-for-the-vestiarium-scoticum-but-not-included-in-the-published-version-it-was-claimed-to-be-the-sett-of-a-relic-from-the-45-and-published-as-such-by-d-w-stewart-in-his-book-old-and-rare-scottish-tartans-in-1893-it-has-become-more-widely-known-in-recent-times-there-is-also-an-atholl-district-tartan-see-products-available-copyright-blair-urquhart-comrie-2015,G/44 K2 G4 K2 G6 K16 R40 K2 R/12,K#101010 BLACK; G#006818 GREEN; R#C80000 RED;,yes,200,60,Scottish Tartans Society,2,House of Tartan; Weddslist,2/2,yes,yes,House of Tartan,,,,none,,http://www.house-of-tartan.scotland.net/house/TartanViewjs.asp?colr=Def&tnam=802
319,"Stewart of Fingask Clan Tartan Tartan Number: 1553. Earliest known date: 1745 This tartan is almost identical to the Drummond of Perth. It was one of the valueable relics of the '45, treasured by the Murray-Threipland family of Fingask. It was said to be the pattern of a cloak of Prince Charles Edward, who left it at Fingask after staying there at the time of the '45. See products available Copyright © Blair Urquhart, Comrie, 2015",stewart-of-fingask-clan-tartan-tartan-number-1553-earliest-known-date-1745-this-tartan-is-almost-identical-to-the-drummond-of-perth-it-was-one-of-the-valueable-relics-of-the-45-treasured-by-the-murray-threipland-family-of-fingask-it-was-said-to-be-the-pattern-of-a-cloak-of-prince-charles-edward-who-left-it-at-fingask-after-staying-there-at-the-time-of-the-45-see-products-available-copyright-blair-urquhart-comrie-2015,R/72 G3 Y2 G26 R14 B6 A6 W/2,A#5C8CA8 AZURE; B#2C2C80 BLUE; G#006818 GREEN; R#C80000 RED; W#E0E0E0 WHITE; Y#E8C000 YELLOW;,yes,188,60,Scottish Tartans Society,2,House of Tartan; Weddslist,2/2,yes,yes,House of Tartan,,,,none,,http://www.house-of-tartan.scotland.net/house/TartanViewjs.asp?colr=Def&tnam=1553
320,"Stewart of Rothesay Clan Tartan Tartan Number: 847. Earliest known date: 1829 See Vestiarium Scoticum entry. Named `Duke of Rothesay' in a drawing by Charles Sobieski (Allen) in the Dick Lauder transcript in the Royal Library in Windsor. See products available Copyright © Blair Urquhart, Comrie, 2015",stewart-of-rothesay-clan-tartan-tartan-number-847-earliest-known-date-1829-see-vestiarium-scoticum-entry-named-duke-of-rothesay-in-a-drawing-by-charles-sobieski-allen-in-the-dick-lauder-transcript-in-the-royal-library-in-windsor-see-products-available-copyright-blair-urquhart-comrie-2015,G/4 R52 B8 R4 K8 R4 G16 R8 K2 R2 W/4,K#101010 BLACK; B#2C2C80 BLUE; G#006818 GREEN; R#C80000 RED; W#E0E0E0 WHITE;,yes,216,60,Scottish Tartans Society,2,House of Tartan; Weddslist,2/2,yes,yes,House of Tartan,,,,none,,http://www.house-of-tartan.scotland.net/house/TartanViewjs.asp?colr=Def&tnam=847
321,Stuart-Houghton Hunting (Personal),stuart-houghton-hunting-personal,DB/22 N8 DB8 W4 DB8 N8 DB22 G52 N8 W6 N8 W4 N28 DG20 DB32 DG/12,W#F8F4D0 WHITE; N#808080 GREY; DB#141E46 DARK BLUE; DG#003C14 DARK GREEN; G#003C14 GREEN;,yes,466,60,Name,2,Scottish Register of Tartans; Scottish Tartans Authority,2/2,no,no,Scottish Register of Tartans,"Stuart-Houghton, Andrew",01/01/2001,,weaver_note,"Yes. Intended as a personal tartan which is not to be used, copied or reproduced in any way without the owner's written consent. Certificate of anteriority and intellectual property #DEP635279015264155000, with copyright.com.de",https://www.tartanregister.gov.uk/tartanDetails.aspx?ref=11086
322,"Sutherland Old Clan Tartan Tartan Number: 930. Earliest known date: 1842 (1618) The earlier date refers to a letter from Gordon Earl of Sutherland instructing Murray of Dulrossie to 'remove the red and white lines from the plaids of the men so as to bring their dress into harmony with that of the other Septs.' This sett is also recorded by Smibert in 1850. Smiberts work lends greater authority to the accuracy of the tartan. Worn by the City of Nunawading Highland pipe band (Australia) (Strathallan 1994) See products available Copyright © Blair Urquhart, Comrie, 2015",sutherland-old-clan-tartan-tartan-number-930-earliest-known-date-1842-1618-the-earlier-date-refers-to-a-letter-from-gordon-earl-of-sutherland-instructing-murray-of-dulrossie-to-remove-the-red-and-white-lines-from-the-plaids-of-the-men-so-as-to-bring-their-dress-into-harmony-with-that-of-the-other-septs-this-sett-is-also-recorded-by-smibert-in-1850-smiberts-work-lends-greater-authority-to-the-accuracy-of-the-tartan-worn-by-the-city-of-nunawading-highland-pipe-band-australia-strathallan-1994-see-products-available-copyright-blair-urquhart-comrie-2015,G/12 W4 G48 K24 B6 K4 B4 K4 B24 R2 B2 R/6,K#101010 BLACK; B#2C2C80 BLUE; G#006818 GREEN; R#C80000 RED; W#E0E0E0 WHITE;,yes,262,60,Scottish Tartans Society,2,House of Tartan; Weddslist,2/2,yes,yes,House of Tartan,,,,none,,http://www.house-of-tartan.scotland.net/house/TartanViewjs.asp?colr=Def&tnam=930
323,Tait #1,tait-1,R/10 K4 B38 G8 K38 G56 K4 Y/10,B#2C2C80 BLUE; Y#E8C000 YELLOW; G#006818 GREEN; R#C80000 RED; K#101010 BLACK;,yes,316,60,Clan; Family,2,Scottish Register of Tartans; Scottish Tartans Authority,2/2,no,no,Scottish Register of Tartans,"Dalgliesh, D.C.",01/01/2003,,weaver_note,Yes. Prepared for weaving by D C Dalgliesh Ltd.,https://www.tartanregister.gov.uk/tartanDetails.aspx?ref=4063
324,"Thain Dress Tartan Tartan Number: 1256. Earliest known date: pre 2003 The colours of the Texas Bluebonnet district tartan owe their selection to the bluebonnet flower, a member of the lupin family, which is widespread in many parts of Texas. The flower changes colour with the passing of time, the 'brim' becoming flecked with wine red. The tartan was adopted as the Sequicentennial Tartan and Accredited by the Scottish Tartans Society. See products available Copyright © Blair Urquhart, Comrie, 2015",thain-dress-tartan-tartan-number-1256-earliest-known-date-pre-2003-the-colours-of-the-texas-bluebonnet-district-tartan-owe-their-selection-to-the-bluebonnet-flower-a-member-of-the-lupin-family-which-is-widespread-in-many-parts-of-texas-the-flower-changes-colour-with-the-passing-of-time-the-brim-becoming-flecked-with-wine-red-the-tartan-was-adopted-as-the-sequicentennial-tartan-and-accredited-by-the-scottish-tartans-society-see-products-available-copyright-blair-urquhart-comrie-2015,K/28 W2 K4 W4 K4 W2 K28 W2 K4 W4 Y4 W2 Y/44,K#101010 BLACK; W#E0E0E0 WHITE; Y#E8C000 YELLOW;,yes,192,60,Scottish Tartans Society,2,House of Tartan; Weddslist,2/2,yes,yes,House of Tartan,,,,none,,http://www.house-of-tartan.scotland.net/house/TartanViewjs.asp?colr=Def&tnam=1256
325,The Trew 40th,the-trew-40th,RR/8 RG6 K22 DN6 RB6 DN60 K2 W8 K2 DN6 K6 DN6 K6 DN24 RR/4,RR#A3120C ROTARY RED; RG#001910 ROTARY GREEN; K#101010 BLACK; DN#1C1C1E DARK GREY; W#F9F9D3 WHITE; RB#0B02D3 ROYAL BLUE;,yes,332,60,Name,2,Scottish Register of Tartans; Scottish Tartans Authority,1/2,no,no,Scottish Register of Tartans,Alasdair Macleod,01/05/2009,,weaver_note,Yes. Geoffrey (Tailor) Ltd have the sole right to weave the tartan,https://www.tartanregister.gov.uk/tartanDetails.aspx?ref=10033
326,Thomson (Personal),thomson-personal,A/6 K24 A24 LG12 T56 A/8,A#5C8CA8 AZURE; K#101010 BLACK; T#604000 BROWN; LG#289C18 LIGHT GREEN;,yes,246,60,Clan; Family,2,Scottish Register of Tartans; Scottish Tartans Authority,2/2,no,no,Scottish Register of Tartans,Bain/Bottomley,01/01/1965,231.0,weaver_note,Yes.,https://www.tartanregister.gov.uk/tartanDetails.aspx?ref=4120
327,Timmins (2013),timmins-2013,LG/8 DB4 B28 DB24 B64 Y2 DB24 P28 DB4 R/8,R#DC0000 RED; P#440044 PURPLE; DB#141E46 NAVY; Y#FCCC00 YELLOW; B#5C8CA8 BLUE; LG#408060 LIGHT GREEN;,yes,372,60,Name,2,Scottish Register of Tartans; Scottish Tartans Authority,1/2,no,no,Scottish Register of Tartans,"Timmins, P",09/11/2010,,weaver_note,"Yes. Please contact the designer to wear, use or weave this tartan.",https://www.tartanregister.gov.uk/tartanDetails.aspx?ref=10911
328,Totté (from Hofstade de Baerebeeck) (Personal),tott-from-hofstade-de-baerebeeck-personal,K/102 R42 Y8 R24 G16 B8 R/10,K#101010 BLACK; R#FF0000 RED; Y#FFE600 LIGHT YELLOW; G#008B00 LIGHT GREEN; B#0000CD BLUE;,yes,308,60,Name,2,Scottish Register of Tartans; Scottish Tartans Authority,1/2,no,no,Scottish Register of Tartans,"Totté, Erik Robert",22/01/2013,,weaver_note,Yes. Only for the Totté family from Hofstade de Baerebeeck and their descendants.,https://www.tartanregister.gov.uk/tartanDetails.aspx?ref=10770
329,Tough (Personal),tough-personal,DR/4 K8 G64 K8 YT2 DN/8,DR#8C0000 DARK RED; K#000000 BLACK; G#004C00 DARK GRN; YT#DCBC00 YELLOW; DN#646464 MEDIUM GREY;,yes,176,60,Name,2,Scottish Register of Tartans; Scottish Tartans Authority,2/2,no,no,Scottish Register of Tartans,"MacDonald, Peter",01/01/1998,2582.0,weaver_note,Yes.,https://www.tartanregister.gov.uk/tartanDetails.aspx?ref=4142
330,"Turnbull Dress Clan Tartan Tartan Number: 1035. Earliest known date: 1979 An unusual dress tartan having no white. See products available Copyright © Blair Urquhart, Comrie, 2015",turnbull-dress-clan-tartan-tartan-number-1035-earliest-known-date-1979-an-unusual-dress-tartan-having-no-white-see-products-available-copyright-blair-urquhart-comrie-2015,K/14 B6 G56 R56 Y/6,K#101010 BLACK; B#2C2C80 BLUE; G#006818 GREEN; R#C80000 RED; Y#E8C000 YELLOW;,yes,256,60,Scottish Tartans Society,2,House of Tartan; Weddslist,2/2,yes,yes,House of Tartan,,,,none,,http://www.house-of-tartan.scotland.net/house/TartanViewjs.asp?colr=Def&tnam=1035
331,"Unnamed No 14 Tartan Tartan Number: 1326. Earliest known date: 1870 This sett is taken from the records of Messrs Bolingbroke and Jones of Norwich, who were weavers around 1870. Some of the tartans have been adopted or modified in recent times as the copyright of the designs is now in the public domain. See products available Copyright © Blair Urquhart, Comrie, 2015",unnamed-no-14-tartan-tartan-number-1326-earliest-known-date-1870-this-sett-is-taken-from-the-records-of-messrs-bolingbroke-and-jones-of-norwich-who-were-weavers-around-1870-some-of-the-tartans-have-been-adopted-or-modified-in-recent-times-as-the-copyright-of-the-designs-is-now-in-the-public-domain-see-products-available-copyright-blair-urquhart-comrie-2015,R/22 A6 B10 Y4 R4 W4 G22 B8 Y/3,A#5C8CA8 AZURE; B#2C2C80 BLUE; G#006818 GREEN; R#C80000 RED; W#E0E0E0 WHITE; Y#E8C000 YELLOW;,yes,141,60,Scottish Tartans Society,2,House of Tartan; Weddslist,2/2,yes,yes,House of Tartan,,,,none,,http://www.house-of-tartan.scotland.net/house/TartanViewjs.asp?colr=Def&tnam=1326
332,"Unnamed No 5 Tartan Tartan Number: 1257. Earliest known date: 1870 This sett is taken from the records of Messrs Bolingbroke and Jones of Norwich, who were weavers around 1870. Some of the tartans have been adopted or modified in recent times as the copyright of the designs is now in the public domain. See products available Copyright © Blair Urquhart, Comrie, 2015",unnamed-no-5-tartan-tartan-number-1257-earliest-known-date-1870-this-sett-is-taken-from-the-records-of-messrs-bolingbroke-and-jones-of-norwich-who-were-weavers-around-1870-some-of-the-tartans-have-been-adopted-or-modified-in-recent-times-as-the-copyright-of-the-designs-is-now-in-the-public-domain-see-products-available-copyright-blair-urquhart-comrie-2015,K/20 Y4 G22 R22 W2 R2 W2 K/18,K#101010 BLACK; G#006818 GREEN; R#C80000 RED; W#E0E0E0 WHITE; Y#E8C000 YELLOW;,yes,146,60,Scottish Tartans Society,2,House of Tartan; Weddslist,2/2,yes,yes,House of Tartan,,,,none,,http://www.house-of-tartan.scotland.net/house/TartanViewjs.asp?colr=Def&tnam=1257
333,"Unnamed No 57 Tartan Tartan Number: 1317. Earliest known date: 1870 This sett is taken from the records of Messrs Bolingbroke and Jones of Norwich, who were weavers around 1870. Some of the tartans have been adopted or modified in recent times as the copyright of the designs is now in the public domain. See products available Copyright © Blair Urquhart, Comrie, 2015",unnamed-no-57-tartan-tartan-number-1317-earliest-known-date-1870-this-sett-is-taken-from-the-records-of-messrs-bolingbroke-and-jones-of-norwich-who-were-weavers-around-1870-some-of-the-tartans-have-been-adopted-or-modified-in-recent-times-as-the-copyright-of-the-designs-is-now-in-the-public-domain-see-products-available-copyright-blair-urquhart-comrie-2015,R/8 A8 B16 Y2 G24 R12 B4 R12 W2 R/12,A#5C8CA8 AZURE; B#2C2C80 BLUE; G#006818 GREEN; R#C80000 RED; W#E0E0E0 WHITE; Y#E8C000 YELLOW;,yes,180,60,Scottish Tartans Society,2,House of Tartan; Weddslist,2/2,yes,yes,House of Tartan,,,,none,,http://www.house-of-tartan.scotland.net/house/TartanViewjs.asp?colr=Def&tnam=1317
334,"Urquhart White Line Clan Tartan Tartan Number: 623. Earliest known date: 1842 Sample in Paton's collection. The Setts No: 249. Innes No 110. W & A K Johnston, 1906 It is interesting to note that much of the forged sixteenth century manuscript on which the Vestiarium Scoticum was based was supposedly transcribed by Sir Richard Urquhart in 1721. See products available Copyright © Blair Urquhart, Comrie, 2015",urquhart-white-line-clan-tartan-tartan-number-623-earliest-known-date-1842-sample-in-paton-s-collection-the-setts-no-249-innes-no-110-w-a-k-johnston-1906-it-is-interesting-to-note-that-much-of-the-forged-sixteenth-century-manuscript-on-which-the-vestiarium-scoticum-was-based-was-supposedly-transcribed-by-sir-richard-urquhart-in-1721-see-products-available-copyright-blair-urquhart-comrie-2015,B/4 W2 B24 K3 B3 K3 B8 K24 G48 K3 G3 R/2,K#101010 BLACK; B#2C2C80 BLUE; G#006818 GREEN; R#C80000 RED; W#E0E0E0 WHITE;,yes,248,60,Scottish Tartans Society,2,House of Tartan; Weddslist,2/2,yes,yes,House of Tartan,,,,none,,http://www.house-of-tartan.scotland.net/house/TartanViewjs.asp?colr=Def&tnam=623
335,Varrie,varrie,LB/220 B20 W20 Y/20,LB#2888C4 LIGHT BLUE; B#2C2C80 BLUE; W#E0E0E0 WHITE; Y#E8C000 YELLOW;,yes,320,60,Name,2,Scottish Register of Tartans; Scottish Tartans Authority,2/2,no,no,Scottish Register of Tartans,"Bush-Futcher, Noelleen",20/11/2009,,weaver_note,Yes. Designed for weaving by House of Tartan.,https://www.tartanregister.gov.uk/tartanDetails.aspx?ref=10113
336,"Walker, Evening (Personal)",walker-evening-personal,GO/8 VDB4 DR14 VDB30 DR6 VDB6 DR6 VDB14 DR56 G14 DR12 G/4,MY#C89800 DARKER YELLOW; RB#00008C BALMORAL; DR#8C0000 DARK RED; DR#8C0000 DARK RED; G#004C00 DARK GRN; G#004C00 DARK GRN; GO#9C7400 DARK GOLD; VDB#00002C MIDNIGHT;,yes,336,60,Clan; Family,2,Scottish Register of Tartans; Scottish Tartans Authority,2/2,no,no,Scottish Register of Tartans,"Hawks, Robert Walker",01/01/1993,2068.0,weaver_note,Yes.,https://www.tartanregister.gov.uk/tartanDetails.aspx?ref=4480
337,"Walker, Gauvin (Personal)",walker-gauvin-personal,LO/2 B6 MB4 G10 DP8 G2 MB28 B2 MB8 G50 B4 LO/2,LO#CFA543 LIGHT ORANGE; B#5E6D66 BLUE; G#30644D GREEN; MB#1C1C1C MIDNIGHT BLUE; DP#540A59 DARK PURPLE;,yes,248,60,Name,2,Scottish Register of Tartans; Scottish Tartans Authority,1/2,no,no,Scottish Register of Tartans,"Walker, Gauvin",10/10/2010,,weaver_note,Yes. Please contact the designer before using this design for any commercial purpose.,https://www.tartanregister.gov.uk/tartanDetails.aspx?ref=10304
338,Wallace Blue (Fashion),wallace-blue-fashion,A/4 B58 A24 G58 WW/4,A#5C8CA8; WW#F8F8F8; B#2C2C80; G#006818;,yes,288,60,Jim McBeath & Joseph Shelby,2,Scottish Tartans Authority; House of Tartan,2/2,yes,yes,Scottish Tartans Authority,,,,none,,http://www.tartansauthority.com/tartan-ferret/display/46/
339,"Wallace Hunting Clan Tartan Tartan Number: 1101. Earliest known date: pre 2003 The design comes from the Vestiarium Scoticum (1842). The authors, the Sobieski Stuart brothers, enjoyed a popular following among the Scottish gentry in the early Victorian era, and in the spirit of the times, added mystery, romance and some spurious historical documentation to the subject of tartan. Of the better known tartans, the book offers some minor variation, but in other cases it provides the only recorded version of many tartans in use today. See products available Copyright © Blair Urquhart, Comrie, 2015",wallace-hunting-clan-tartan-tartan-number-1101-earliest-known-date-pre-2003-the-design-comes-from-the-vestiarium-scoticum-1842-the-authors-the-sobieski-stuart-brothers-enjoyed-a-popular-following-among-the-scottish-gentry-in-the-early-victorian-era-and-in-the-spirit-of-the-times-added-mystery-romance-and-some-spurious-historical-documentation-to-the-subject-of-tartan-of-the-better-known-tartans-the-book-offers-some-minor-variation-but-in-other-cases-it-provides-the-only-recorded-version-of-many-tartans-in-use-today-see-products-available-copyright-blair-urquhart-comrie-2015,K/8 G66 K66 Y/8,K#101010 BLACK; G#006818 GREEN; Y#E8C000 YELLOW;,yes,280,60,Scottish Tartans Society,2,House of Tartan; Weddslist,2/2,yes,yes,House of Tartan,,,,none,,http://www.house-of-tartan.scotland.net/house/TartanViewjs.asp?colr=Def&tnam=1101
340,"Walls, Steve C (Personal)",walls-steve-c-personal,K/6 Y4 K4 Y28 DY6 K12 DR16 R28 W4 R/6,Y#FFFF00 YELLOW; W#F8F8F8 WHITE; R#C8002C RED; DY#E0A126 DARK YELLOW; K#000000 BLACK; DR#880000 DARK RED;,yes,216,60,Name,2,Scottish Register of Tartans; Scottish Tartans Authority,1/2,no,no,Scottish Register of Tartans,Scotweb,25/03/2014,,weaver_note,"Yes. For permission to use this tartan, please contact Jo Walls, jo@scotcheer.net.",https://www.tartanregister.gov.uk/tartanDetails.aspx?ref=11161
341,Walsh,walsh,Y/2 K2 LG2 DG32 R2 DG32 K2 LP4 K4 DG2 LG24 W/2,Y#E8C000 YELLOW; K#101010 BLACK; LG#2D833D LIGHT GREEN; DG#04411C DARK GREEN; R#C80000 RED; LP#8C6EB5 MAUVE; W#E0E0E0 WHITE;,yes,216,60,Clan; Family,2,Scottish Register of Tartans; Scottish Tartans Authority,1/2,no,no,Scottish Register of Tartans,"Walsh, Christopher",04/06/2003,2783.0,weaver_note,"Yes. Only to be worn by those with the Walsh surname.Permission to weave must be obtained from the designer.Permission to reproduce the pattern in any form must be obtained from the designer.This design, registration number: 4008599, was registered with the UKIPO on 9 August 2008.",https://www.tartanregister.gov.uk/tartanDetails.aspx?ref=4487
342,Waugh,waugh,DB/100 LB10 K5 LB10 R/8,K#000000 BLACK; DB#000080 DULL BLUE; LB#65909A LIGHT BLUE; R#B22222 RED;,yes,158,60,Name,2,Scottish Register of Tartans; Scottish Tartans Authority,1/2,no,no,Scottish Register of Tartans,Olga Waugh,08/05/2009,,weaver_note,"Yes. This tartan should be used/worn by those with the Waugh name, either by birth, marriage, extended family or association (Pipe Band, Cultural Society, etc).Exact thread count and colour palette should be used.",https://www.tartanregister.gov.uk/tartanDetails.aspx?ref=10028
343,Weiss-Halliwell (Personal),weiss-halliwell-personal,P12 K2 N2 K4 N2 K2 P12 K2 N44 K6 N2 K6 N20 K2 P6 N2 K12 N2 DG6 K2 N20 K6 N2 K6 N44 K2 DG12 K2 N2 K4 N2 K2 DG12 K2 N24 K2,K#101010 BLACK; N#646464 GREY; P#000048 PURPLE; DG#003820 DARK GREEN;,no,292,60,Name,2,Scottish Register of Tartans; Scottish Tartans Authority,1/2,no,no,Scottish Register of Tartans,"Ainsworth, Trudie",,,weaver_note,"Yes. Permission to wear/use this tartan must be sought from the Weiss-Halliwell family.Prepared for weaving by The House of Edgar, a division of Macnaughton Holdings Ltd.",https://www.tartanregister.gov.uk/tartanDetails.aspx?ref=11055
344,"Williams, Edmund (Personal)",williams-edmund-personal,P/30 LP30 LG30 DG30 K16 W/10,P#1C0070 PURPLE; LP#780078 MAGENTA; LG#00643C LIGHT GREEN; DG#043828 DARK GREEN; K#101010 BLACK; W#FFFFFF WHITE;,yes,252,60,Name,2,Scottish Register of Tartans; Scottish Tartans Authority,1/2,no,no,Scottish Register of Tartans,"Williams, Edmund",27/06/2013,,weaver_note,"Yes. Anyone wishing to use this tartan should contact the designer at: edmund644@ntlworld.comPrepared for weaving by House of Tartan Ltd, Scotland",https://www.tartanregister.gov.uk/tartanDetails.aspx?ref=10872
345,Woodcock (2014),woodcock-2014,B/60 P18 G12 P18 R8 B34 W/10,P#780078 PURPLE; G#005020 GREEN; R#FF0000 RED; B#141E46 BLUE; W#FCFCFC WHITE;,yes,250,60,Name,2,Scottish Register of Tartans; Scottish Tartans Authority,1/2,no,no,Scottish Register of Tartans,"Woodcock, Peter James",02/09/2014,,weaver_note,Yes. Please contact the designer if you wish to use this tartan.,https://www.tartanregister.gov.uk/tartanDetails.aspx?ref=11126
346,"York Puppet Tartan Tartan Number: 348. Earliest known date: York This sett comes from the MacGregor-Hastie collection which is housed at the Scottish Tartans Society. It was obtained from Andersons in 1947, one of several designs produced between 1930 and 1950 for Septs and Families of Scottish lineage. Wotherspoons are recorded in the Lowlands of Scotland from the beginning of the 14th century. The Rev. John Witherspoon (1722-94), born in Yester, East Lothian, was President of 'Princeton University' in 1768 and took an active part in the American Revolution. See products available Copyright © Blair Urquhart, Comrie, 2015",york-puppet-tartan-tartan-number-348-earliest-known-date-york-this-sett-comes-from-the-macgregor-hastie-collection-which-is-housed-at-the-scottish-tartans-society-it-was-obtained-from-andersons-in-1947-one-of-several-designs-produced-between-1930-and-1950-for-septs-and-families-of-scottish-lineage-wotherspoons-are-recorded-in-the-lowlands-of-scotland-from-the-beginning-of-the-14th-century-the-rev-john-witherspoon-1722-94-born-in-yester-east-lothian-was-president-of-princeton-university-in-1768-and-took-an-active-part-in-the-american-revolution-see-products-available-copyright-blair-urquhart-comrie-2015,P/22 K2 O8 R2 O2 R2 O6 W4 K4 Y4 K6 T4 W6 T6 B6 T4 W/4,K#101010 BLACK; B#2C2C80 BLUE; T#604000 BROWN; O#D87C00 ORANGE; P#780078 PURPLE; R#C80000 RED; W#E0E0E0 WHITE; Y#E8C000 YELLOW;,yes,158,60,Scottish Tartans Society,2,House of Tartan; Weddslist,1/2,yes,yes,House of Tartan,,,,none,,http://www.house-of-tartan.scotland.net/house/TartanViewjs.asp?colr=Def&tnam=348
347,Yusra (Malay) (Personal),yusra-malay-personal,R/4 NB48 Y4 NB20 W28 Y6 R/24,R#C80000 RED; NB#003C64 NAVY BLUE; Y#E8C000 YELLOW; W#E0E0E0 WHITE;,yes,240,60,Name,2,Scottish Register of Tartans; Scottish Tartans Authority,2/2,no,no,Scottish Register of Tartans,"Yusra, Fauzan",06/04/2011,,weaver_note,Yes. Developed for weaving by House of Tartan,https://www.tartanregister.gov.uk/tartanDetails.aspx?ref=10455
348,"degli Uberti, Baron of Cartsburn (Personal)",degli-uberti-baron-of-cartsburn-personal,DB/16 R2 K12 R2 DY16 R2 K90 DY/2,DY#BC933D DARK GOLD; K#101010 BLACK; R#BE3D3D RED; DB#000080 DARK BLUE;,yes,266,60,Name,2,Scottish Register of Tartans; Scottish Tartans Authority,1/2,no,no,Scottish Register of Tartans,"Wilton, Brian",03/04/2012,,weaver_note,"Yes. Only to be used by the Baron and Baroness of Cartsburn, their family, heirs and successors.Only those weavers authorised by the Baron of Cartsburn.",https://www.tartanregister.gov.uk/tartanDetails.aspx?ref=10635
349,Drambuie,drambuie,W/6 DR36 K48 LT4 K5 DY/6,DY#E8C000 GOLD; LT#A08858 LIGHT BROWN; K#101010 BLACK; DR#880000 DARK RED; W#E0E0E0 WHITE;,yes,198,57,Corporate,3,Scottish Register of Tartans; Scottish Tartans Authority; Weddslist,1/3,no,yes,Scottish Register of Tartans,Kinloch Anderson Ltd,01/01/1998,2474.0,weaver_note,Yes. Corporate tartan of the Drambuie Liqueur Co Ltd.,https://www.tartanregister.gov.uk/tartanDetails.aspx?ref=972
350,Drambuie Dress,drambuie-dress,W/6 T36 K48 XR4 K5 DY/6,DY#E8C000 GOLD; XR#C80000 BASIC RED; K#101010 BLACK; T#604000 BROWN; W#E0E0E0 WHITE;,yes,198,57,Corporate,3,Scottish Register of Tartans; Scottish Tartans Authority; Weddslist,1/3,no,yes,Scottish Register of Tartans,Kinloch Anderson Ltd,01/07/1998,2485.0,weaver_note,Yes. Corporate tartan of the Drambuie Liqueur Co Ltd.,https://www.tartanregister.gov.uk/tartanDetails.aspx?ref=973
351,Forbo Nairn,forbo-nairn,A/8 G32 K28 B48 R/8,R#C80000 RED; B#2C2C80 BLUE; K#101010 BLACK; G#006818 GREEN; A#5C8CA8 AZURE;,yes,232,57,Corporate,3,Scottish Register of Tartans; Scottish Tartans Authority; Weddslist,1/3,no,yes,Scottish Register of Tartans,Kinloch Anderson Ltd,01/11/1995,2298.0,weaver_note,Yes. Corporate tartan for Forbo Nairn.,https://www.tartanregister.gov.uk/tartanDetails.aspx?ref=1226
352,Glen Flesk,glen-flesk,DG4 LN4 DG4 LN8 K8 LN8 K8 LN8 K8 LN8 LT4 LN4 LT4,K#101010 BLACK; DG#003820 DARK GREEN; LN#C0C0C0 LIGHT GREY; LT#A08858 LIGHT BROWN;,no,80,57,Fashion,3,Scottish Register of Tartans; Scottish Tartans Authority; Weddslist,1/3,no,yes,Scottish Register of Tartans,"Robson-Bell, Dawn",01/02/1997,2369.0,weaver_note,Yes.,https://www.tartanregister.gov.uk/tartanDetails.aspx?ref=1379
353,Glenmorangie Check,glenmorangie-check,U/10 LU20 R/10,U#482800 BROWN; LU#703200 BROWN; R#DC0000 RED;,yes,60,57,Corporate,3,Scottish Register of Tartans; Scottish Tartans Authority; Weddslist,2/3,no,yes,Scottish Register of Tartans,"Lindley, Harry of Kinloch Anderson Ltd",01/01/1988,1663.0,weaver_note,Yes. Corporate tartan for Glenmorangie.,https://www.tartanregister.gov.uk/tartanDetails.aspx?ref=1426
354,Longniddry Dress (Dance),longniddry-dress-dance,P/8 W64 LB24 P10 SB4 W4 SB4 P/84,DP#440044 DARK PURPLE; LB#2888C4 LIGHT BLUE; LN#C0C0C0 LIGHT GRAY; SB#A8ACE8 SKY BLUE; P#780078 PURPLE; LP#B468AC MAUVE; W#E0E0E0 WHITE;,yes,312,57,Fashion,3,Scottish Register of Tartans; Scottish Tartans Authority; Weddslist,1/3,no,yes,Scottish Register of Tartans,"Dalgliesh, D C",01/01/2002,,weaver_note,Yes. Prepared for weaving by D C Dalgliesh Ltd.,https://www.tartanregister.gov.uk/tartanDetails.aspx?ref=2207
355,Longniddry Green (Dance),longniddry-green-dance,G/8 WW64 AK24 G10 LG4 WW4 LG4 G/84,AK#1C1C1C ANC BLACK; G#006818 GREEN; WW#FCFCFC WILSON WHITE; LG#289C18 LIGHT GREEN;,yes,312,57,Fashion,3,Scottish Register of Tartans; Scottish Tartans Authority; Weddslist,3/3,no,yes,Scottish Register of Tartans,"Dalgliesh, D C",01/01/2002,764.0,weaver_note,Yes. Prepared for weaving by D C Dalgliesh Ltd.,https://www.tartanregister.gov.uk/tartanDetails.aspx?ref=2208
356,Scotch House 2000 Antique,scotch-house-2000-antique,B/44 R6 B4 R6 B4 K34 T36 G/8,K#101010 BLACK; B#2C2C80 BLUE; T#604000 BROWN; G#006818 GREEN; R#C80000 RED;,yes,232,57,Fashion,3,Scottish Register of Tartans; Scottish Tartans Authority; Weddslist,1/3,no,yes,Scottish Register of Tartans,Kinloch Anderson Ltd,01/01/1999,2636.0,weaver_note,Yes. Designed for The Scotch House.,https://www.tartanregister.gov.uk/tartanDetails.aspx?ref=3668
357,Scotch House 2000 Dress,scotch-house-2000-dress,G/44 W6 K4 Y6 K38 R36 RB/8,K#101010 BLACK; G#006818 GREEN; R#C80000 RED; RB#1C0070 ROYAL BLUE; W#E0E0E0 WHITE; Y#E8C000 YELLOW;,yes,232,57,Fashion,3,Scottish Register of Tartans; Scottish Tartans Authority; Weddslist,1/3,no,yes,Scottish Register of Tartans,Kinloch Anderson Ltd,01/01/1999,2635.0,weaver_note,Yes. Designed for The Scotch House.,https://www.tartanregister.gov.uk/tartanDetails.aspx?ref=3669
358,Scotch House 2000 Original,scotch-house-2000-original,DB/44 R6 DB4 R6 DB4 K34 G36 LT/8,K#101010 BLACK; DB#202060 DARK BLUE; G#006818 GREEN; LT#A08858 LIGHT BROWN; R#C80000 RED;,yes,232,57,Fashion,3,Scottish Register of Tartans; Scottish Tartans Authority; Weddslist,1/3,no,yes,Scottish Register of Tartans,Kinloch Anderson Ltd,01/01/1999,2634.0,weaver_note,Yes. Designed for The Scotch House.,https://www.tartanregister.gov.uk/tartanDetails.aspx?ref=3670
359,Scotsman,scotsman,G/42 K28 G18 B42 K6 B24 P/6,K#101010 BLACK; B#2C2C80 BLUE; G#006818 GREEN; P#780078 PURPLE;,yes,284,57,Corporate,3,Scottish Register of Tartans; Scottish Tartans Authority; Weddslist,1/3,no,yes,Scottish Register of Tartans,Kinloch Anderson Ltd,01/11/1999,2645.0,weaver_note,Yes. A corporate tartan for The Scotsman.,https://www.tartanregister.gov.uk/tartanDetails.aspx?ref=3687
360,Scottish Airports,scottish-airports,LP/8 MB36 K34 MB6 G36 MB/8,G#006818 GREEN; K#101010 BLACK; MB#3C505C MID BLUE; LP#9058D8 LAVENDER;,yes,240,57,Corporate,3,Scottish Register of Tartans; Scottish Tartans Authority; Weddslist,1/3,no,yes,Scottish Register of Tartans,Kinloch Anderson Ltd,01/11/1998,2510.0,weaver_note,Yes. A corporate tartan for Scottish Airports.,https://www.tartanregister.gov.uk/tartanDetails.aspx?ref=3705
361,Antigua & Barbuda,antigua-barbuda,R/60 LG6 O6 LG6 O6 LG6 O6 LG6 O6 LG6 O6 LG6 O20 R/10,K#101010 BLACK; G#006818 GREEN; R#C80000 RED; O#D87C00 ORANGE; W#E0E0E0 WHITE; LG#289C18 LIGHT GREEN;,yes,242,55,District,2,Scottish Register of Tartans; Scottish Tartans Authority,2/2,no,no,Scottish Register of Tartans,"Doram, Heather",01/01/2007,,none,,https://www.tartanregister.gov.uk/tartanDetails.aspx?ref=96
362,Clanton (Personal),clanton-personal,P/4 K8 DR28 N16 DR8 K16 DR28 N8 P/4,K#101010 BLACK; DR#880000 DARK RED; P#780078 PURPLE; N#888888 GRAY;,yes,232,55,Name,2,Scottish Register of Tartans; Scottish Tartans Authority,2/2,no,no,Scottish Register of Tartans,,01/09/2000,2734.0,weaver_note,Yes.,https://www.tartanregister.gov.uk/tartanDetails.aspx?ref=663
363,Crieff & Strathearn #1,crieff-strathearn-1,NB/8 DY6 NB8 G24 DR48 B14 G/110,DR#880000 DARK RED; NB#003C64 NAVY BLUE; G#006818 GREEN; DY#E8C000 GOLD; B#2C2C80 BLUE;,yes,318,55,District,2,Scottish Register of Tartans; Scottish Tartans Authority,2/2,no,no,Scottish Register of Tartans,"Lindley, Harry",01/01/1988,664.0,none,,https://www.tartanregister.gov.uk/tartanDetails.aspx?ref=804
364,Dunbartonshire,dunbartonshire,B/4 LSB8 B52 M16 B4 M16 G4 K8 G/44,LSB#5C8CA8 AZURE; K#101010 BLACK; B#2C2C80 BLUE; G#006818 GREEN; M#901C38 MARROON;,yes,264,55,District,2,Scottish Register of Tartans; Weddslist,1/2,no,yes,Scottish Register of Tartans,David McGill of International Tartans,01/02/1998,2507.0,weaver_note,Yes. Anyone with the designer's consent,https://www.tartanregister.gov.uk/tartanDetails.aspx?ref=1013
365,Elmore (Personal),elmore-personal,K/8 W10 Y10 K6 OX10 DG6 W4 R6 K2 R6 W12 DG12 O6 K2 R/58,K#101010 BLACK; DG#003820 DARK GREEN; O#D87C00 ORANGE; OX#303070 OXFORD; R#C80000 RED; W#E0E0E0 WHITE; Y#E8C000 YELLOW;,yes,250,55,Name,2,Scottish Register of Tartans; Scottish Tartans Authority,2/2,no,no,Scottish Register of Tartans,,01/07/2001,2838.0,weaver_note,Yes.,https://www.tartanregister.gov.uk/tartanDetails.aspx?ref=1104
366,Flower of Scotland,flower-of-scotland,BL/6 EG50 BL6 K32 BL50 R/6,K#101010 BLACK; G#006818 GREEN; R#C80000 RED; EG#009468 EMERALD GREEN; BL#1474B4 BALMORAL BLUE;,yes,288,55,District,2,Scottish Register of Tartans; Scottish Tartans Authority,2/2,no,yes,Scottish Register of Tartans,House of Edgar - Macnaughton Holdings Ltd.,01/01/1990,2059.0,weaver_note,"Yes. Not specifiedCopyright is held by Macnaughton Holdings Ltd. Registered design with the UK Intellectual Property Office #600421, certificate granted 22/10/1990.",https://www.tartanregister.gov.uk/tartanDetails.aspx?ref=1210
367,Marion (Personal),marion-personal,R/4 W4 DB64 K10 G16 PB/10,R#C80000 RED; W#E0E0E0 WHITE; DB#1C1C50 DARK BLUE; K#101010 BLACK; G#006818 GREEN; PB#9050D8 PURPLEBLUE;,yes,202,55,Clan; Family,2,Scottish Register of Tartans; Scottish Tartans Authority,2/2,no,no,Scottish Register of Tartans,,01/01/2003,2966.0,weaver_note,Yes.,https://www.tartanregister.gov.uk/tartanDetails.aspx?ref=2835
368,Midlothian,midlothian,B/62 LA8 B10 K38 G40 LO/8,K#101010 BLACK; LA#2474E8 FS BLUE; G#006818 GREEN; LO#D09800 M YELLOW; B#1C0070 BLUE;,yes,262,55,District,2,Scottish Register of Tartans; Weddslist,1/2,no,yes,Scottish Register of Tartans,David McGill of International Tartans,01/01/1998,2446.0,weaver_note,Yes. Anyone with the designer's consent,https://www.tartanregister.gov.uk/tartanDetails.aspx?ref=2949
369,Nithsdale,nithsdale,DB/40 R8 G8 R24 G64 R4 G8 R4 G12 R/24,G#5C6428 GREEN; AS#CC4438 ANC SCARLET; DB#005448 DARK BLUE; DG#003820 DARK GREEN; R#A00000 RED;,yes,328,55,District,2,Scottish Register of Tartans; Scottish Tartans Authority,1/2,no,yes,Scottish Register of Tartans,Galt/Hannay,01/01/1930,533.0,weaver_note,Yes.,https://www.tartanregister.gov.uk/tartanDetails.aspx?ref=3142
370,Renfrewshire,renfrewshire,P/8 B4 A16 B50 K16 G26 DY/8,A#5C8CA8 AZURE; K#101010 BLACK; B#2C2C80 BLUE; DY#E8C000 GOLD; G#006818 GREEN; P#780078 PURPLE;,yes,240,55,District,2,Scottish Register of Tartans; Weddslist,2/2,no,yes,Scottish Register of Tartans,David McGill of International Tartans,01/02/1998,2560.0,weaver_note,Yes. Anyone with the designer's consent,https://www.tartanregister.gov.uk/tartanDetails.aspx?ref=3500
371,Coopers & Lybrand,coopers-lybrand,LB/8 G8 R2 B48 LB8 K4 G48 R2 B20 LB8 B/4,R#C80000 RED; B#2C2C80 BLUE; G#006818 GREEN; LB#2888C4 LIGHT BLUE; K#101010 BLACK;,yes,308,52,Corporate,2,Scottish Register of Tartans; Scottish Tartans Authority,2/2,no,yes,Scottish Register of Tartans,"Nicholls, Deirdre",01/01/1996,2303.0,none,,https://www.tartanregister.gov.uk/tartanDetails.aspx?ref=756
372,Brooks Brothers Signature (Corporate,brooks-brothers-signature-corporate,VDB/10 GO2 DG14 DR2 VDB90 DR10 GO6 VDB8 GO/6,GO#BC8C00; DG#003820; VDB#00002C; DR#880000;,yes,280,50,Other,2,Scottish Tartans Authority; House of Tartan,1/2,yes,no,Scottish Tartans Authority,,,,none,,http://www.tartansauthority.com/tartan-ferret/display/10652/
373,Crichton (Clan),crichton-clan,DG/4 GO4 VDB16 DN10 LN2 DR8 VDB4 DG2 VDB/160,DN#5C5C5C; GO#BC8C00; VDB#000048; LN#A0A0A0; DG#005430; DR#880000;,yes,256,50,Other,2,Scottish Tartans Authority; House of Tartan,2/2,yes,no,Scottish Tartans Authority,,,,none,,http://www.tartansauthority.com/tartan-ferret/display/7784/
374,Hardie (Name),hardie-name,LP/8 DG18 W4 DG48 EGM74 R/6,DG#003820; R#C80000; W#E0E0E0; EGM#202044; LP#B468AC;,yes,302,50,Other,2,Scottish Tartans Authority; House of Tartan,2/2,yes,no,Scottish Tartans Authority,,,,none,,http://www.tartansauthority.com/tartan-ferret/display/3903/
375,MacCormick (Name),maccormick-name,Y/6 K2 B40 K32 G40 K2 W/6,Y#E8C000; K#101010; B#2C2C80; G#006818; W#E0E0E0;,yes,244,50,Other,2,Scottish Tartans Authority; House of Tartan,2/2,yes,no,Scottish Tartans Authority,,,,none,,http://www.tartansauthority.com/tartan-ferret/display/7161/
376,Moffat (1950),moffat-1950,K/2 R4 B4 R16 G32 R24 B2 R2 B32 R/128,K#101010 BLACK; B#2C2C80 BLUE; G#006818 GREEN; R#C80000 RED;,yes,362,50,District,2,Scottish Register of Tartans; Weddslist,2/2,no,yes,Scottish Register of Tartans,,01/01/1950,1139.0,weaver_note,Yes.,https://www.tartanregister.gov.uk/tartanDetails.aspx?ref=2974
377,Muir (Clan),muir-clan,MY/8 K2 G20 DR4 G20 DR4 G20 DR4 G20 K30 DB/120,MY#E8C000; K#101010; DR#C80000; DB#2C2C80; G#006818;,yes,376,50,Other,2,Scottish Tartans Authority; House of Tartan,2/2,yes,no,Scottish Tartans Authority,,,,none,,http://www.tartansauthority.com/tartan-ferret/display/345/
378,Soroptimist International (Corporate,soroptimist-international-corporate,GO/4 AB24 K12 MP20 K2 W/4,GO#BC8C00; K#101010; AB#1870A4; MP#9C68A4; W#E0E0E0;,yes,124,50,Other,2,Scottish Tartans Authority; House of Tartan,1/2,yes,no,Scottish Tartans Authority,,,,none,,http://www.tartansauthority.com/tartan-ferret/display/3097/
379,Strathspey District (District),strathspey-district-district,K/4 BL4 K4 BL20 K20 HG20 K/4,BL#407C84; K#101010; HG#648038;,yes,144,50,Other,2,Scottish Tartans Authority; House of Tartan,1/2,yes,no,Scottish Tartans Authority,,,,none,,http://www.tartansauthority.com/tartan-ferret/display/1039/
380,Sultan of Qaboo's Air Force,sultan-of-qaboo-s-air-force,DY/6 RB64 A12 RB20 A12 RB/48,A#5C8CA8 AZURE; DY#E8C000 GOLD; RB#1C0070 ROYAL BLUE;,yes,270,50,Military,2,Scottish Register of Tartans; Scottish Tartans Authority,2/2,no,no,Scottish Register of Tartans,Lochcarron of Scotland,01/01/1996,,none,,https://www.tartanregister.gov.uk/tartanDetails.aspx?ref=4037
381,Harmony 2 & 3,harmony-2-3,DG/22 A6 DG8 Y6 DG6 Y8 DG6 T26 LG6 A6 LG8 DG/6,DG#002814 GREEN; A#3C82AF BLUE; Y#E8C000 YELLOW; T#503C14 BROWN; LG#309C18 GREEN;,yes,200,47,Fashion,2,Scottish Register of Tartans; Weddslist,1/2,no,yes,Scottish Register of Tartans,,,695.0,none,,https://www.tartanregister.gov.uk/tartanDetails.aspx?ref=1609
382,Menzies Brown & White,menzies-brown-white,T/62 W10 T4 W10 T8 W6 T4 W/14,T#503C14 BROWN; W#E0E0E0 WHITE;,yes,160,47,Fashion,2,Scottish Register of Tartans; Weddslist,1/2,no,yes,Scottish Register of Tartans,,,1752.0,none,,https://www.tartanregister.gov.uk/tartanDetails.aspx?ref=2926
383,Wilson's Folio 131,wilson-s-folio-131,B24 K34 G38 W4 K10,B#2C4084 BLUE; K#101010 BLACK; G#005020 MOD GREEN; W#E0E0E0 WHITE;,no,110,47,Fashion,2,Scottish Register of Tartans; Weddslist,2/2,no,yes,Scottish Register of Tartans,,,1985.0,none,,https://www.tartanregister.gov.uk/tartanDetails.aspx?ref=4637
384,Wilson's No 108,wilson-s-no-108,K/4 P28 A4 K28 G28 K4 G28 K/28,K#101010 BLACK; P#5A008C PURPLE; A#3C82AF BLUE; G#005020 MOD GREEN;,yes,272,47,Fashion,2,Scottish Register of Tartans; Weddslist,2/2,no,yes,Scottish Register of Tartans,,,1023.0,none,,https://www.tartanregister.gov.uk/tartanDetails.aspx?ref=4638
385,Wilson's No 220,wilson-s-no-220,P16 K22 G18 W4,P#5A008C PURPLE; K#101010 BLACK; G#005020 MOD GREEN; W#E0E0E0 WHITE;,no,60,47,Fashion,2,Scottish Register of Tartans; Weddslist,2/2,no,yes,Scottish Register of Tartans,,,1942.0,none,,https://www.tartanregister.gov.uk/tartanDetails.aspx?ref=4640
386,Wilson's No 97,wilson-s-no-97,W/6 P24 K24 G24 K4 G24 K/22,W#E0E0E0 WHITE; P#5A008C PURPLE; K#101010 BLACK; G#005020 MOD GREEN;,yes,228,47,Fashion,2,Scottish Register of Tartans; Weddslist,2/2,no,yes,Scottish Register of Tartans,,,1098.0,none,,https://www.tartanregister.gov.uk/tartanDetails.aspx?ref=4641
387,Wilson's No.100,wilson-s-no-100,G/6 P34 K36 Y4 G34 K/6,G#005020 MOD GREEN; P#5A008C PURPLE; K#101010 BLACK; Y#E8C000 YELLOW;,yes,228,47,Fashion,2,Scottish Register of Tartans; Weddslist,2/2,no,yes,Scottish Register of Tartans,,,729.0,none,,https://www.tartanregister.gov.uk/tartanDetails.aspx?ref=4674
388,Wilson's No.95,wilson-s-no-95,A/4 P12 R4 G12 A/4,A#3C82AF BLUE; P#5A008C PURPLE; R#DC0000 RED; G#005020 MOD GREEN;,yes,64,47,Corporate,2,Scottish Register of Tartans; Weddslist,2/2,no,yes,Scottish Register of Tartans,,,67.0,none,,https://www.tartanregister.gov.uk/tartanDetails.aspx?ref=4762
389,Arundel County (Dalgleish),arundel-county-dalgleish,G/8 K12 B64 K16 Y4 K16 A20 R/8,B#00008C BLUE; G#007800 GREEN; R#8C0000 RED; Y#C88C00 YELLOW; K#000000 BLACK; W#C8C8C8 WHITE; A#788CB4 AZURE; P#64008C PURPLE;,yes,280,45,District,2,Scottish Register of Tartans; Scottish Tartans Authority,1/2,no,no,Scottish Register of Tartans,"Dalgliesh, D C",01/01/2002,,weaver_note,Yes. Prepared for weaving by D C Dalgliesh Ltd.,https://www.tartanregister.gov.uk/tartanDetails.aspx?ref=120
390,"Bethlehem, City of",bethlehem-city-of,RB/12 N40 DG36 DR4 DG/12,DG#003820 DARK GREEN; DR#880000 DARK RED; N#888888 GREY; RB#1C0070 ROYAL BLUE;,yes,184,45,District,2,Scottish Register of Tartans; Scottish Tartans Authority,2/2,no,no,Scottish Register of Tartans,"Gardner, Neville",01/01/1995,,weaver_note,Yes. Prior permission must be obtained from the designer before weaving this tartan.,https://www.tartanregister.gov.uk/tartanDetails.aspx?ref=4988
391,Canmore Highland Games,canmore-highland-games,G/140 B6 K18 W8 K8 M8 K6 B24 G18 K8 G8 Y/8,G#006666 GREEN; B#000099 BLUE; K#101010 BLACK; W#FFFFFF WHITE; M#660066 MAGENTA; Y#996600 YELLOWGOLD;,yes,372,45,District,2,Scottish Register of Tartans; Scottish Tartans Authority,1/2,no,no,Scottish Register of Tartans,"Garen, Dorothy",,,weaver_note,Yes. Tartan available through the Three Sisters Scottish Festival Society who organise the Canmore Highland Games.,https://www.tartanregister.gov.uk/tartanDetails.aspx?ref=10008
392,Canmore Highland Games Dress,canmore-highland-games-dress,W/104 B4 K14 W6 K4 P4 K2 B18 G16 K4 G6 Y/4,G#006666 GREEN; B#000099 BLUE; K#101010 BLACK; W#FFFFFF WHITE; P#660066 PURPLE; Y#996600 YELLOWGOLD;,yes,264,45,District,2,Scottish Register of Tartans; Scottish Tartans Authority,1/2,no,no,Scottish Register of Tartans,"Garen, Dorothy",,,weaver_note,Yes. The tartan can be ordered through the Three Sisters Scottish Festival Society who organise the Canmore Highland Games.,https://www.tartanregister.gov.uk/tartanDetails.aspx?ref=10009
393,Carinthian National,carinthian-national,W/6 BN32 E30 HG36 E6 DWR6 E6 HG36 E30 BN32 DY/6,DY#E8C000 GOLD; HG#285800 HUNTING GREEN; E#4C3428 DRAB; DWR#800028 DARK RUBY; BN#14283C BLUE GREY; W#E0E0E0 WHITE;,yes,440,45,District,2,Scottish Register of Tartans; Scottish Tartans Authority,2/2,no,no,Scottish Register of Tartans,Lochcarron of Scotland,01/05/2000,,weaver_note,"Yes. Only to be used with permission from Mr T Rettl, Freihausgasses 12, Villach, Austria.",https://www.tartanregister.gov.uk/tartanDetails.aspx?ref=5042
394,"Causeway, The",causeway-the,K/6 N2 B10 W2 N2 P3 N2 K2 G6 K2 N42 DN20 B3 N8 DN/38,K#101010 BLACK; DN#2F4F4F CHARCOAL GREY; N#778899 SLATE GREY; G#639F6B GREEN; B#69A2C0 BLUE; P#DD56F0 PURPLE; W#FFFFFF WHITE;,yes,252,45,District,2,Scottish Register of Tartans; Scottish Tartans Authority,1/2,no,no,Scottish Register of Tartans,"Balmer, Martin",26/10/2011,,weaver_note,Yes. Marton Mills will be the sole weavers.,https://www.tartanregister.gov.uk/tartanDetails.aspx?ref=10508
395,Chestico,chestico,B/40 T2 B2 T2 DG16 K2 W/6,B#000080 BLUE; T#98481C TAN; DG#005020 DARK GREEN; K#101010 BLACK; W#FFFFFF WHITE;,yes,94,45,District,2,Scottish Register of Tartans; Scottish Tartans Authority,1/2,no,no,Scottish Register of Tartans,"Smith, Mary, Ann & Rachel",01/07/1993,,weaver_note,"Yes. Permission to weave this tartan can be sought from: Chestico Museum & Historical Society PO Box 144, 8095 Route 19 Port Hood, Nova Scotia, Canada B0E 2W0 phone: 902-787-2244 web: chesticoplace.com email: chesticomuseum@ns.aliantzinc.ca",https://www.tartanregister.gov.uk/tartanDetails.aspx?ref=10867
396,City of Pointe-Claire,city-of-pointe-claire,B/16 W4 T4 K8 B16 T8 W4 T4 W4 T/4,T#866C5A TAN; B#285E99 BLUE; W#FFFFFF WHITE; K#000000 BLACK;,yes,124,45,District,2,Scottish Register of Tartans; Scottish Tartans Authority,1/2,no,no,Scottish Register of Tartans,Lakeshore Weavers Guild,08/08/2011,,weaver_note,"Yes. Weaving to be controlled by Lakeshore Weavers Guild, Pointe-Claire, Quebec, Canada.",https://www.tartanregister.gov.uk/tartanDetails.aspx?ref=10509
397,Cowal,cowal,RB/12 NB44 K24 P20 G6 K2 G6 P20 RB4 W/4,RB#0000CD ROYAL BLUE; NB#000080 NAVY BLUE; K#101010 BLACK; P#551A8B PURPLE; G#548B54 GREEN; W#FFFFFF WHITE;,yes,268,45,District,2,Scottish Register of Tartans; Scottish Tartans Authority,1/2,no,no,Scottish Register of Tartans,"Dalgliesh, D C",20/08/2009,,weaver_note,"Yes. Right to weave reserved by DC Dalgliesh Ltd, Dunsdale Mill, Selkirk TD7 5EB, Scotland.",https://www.tartanregister.gov.uk/tartanDetails.aspx?ref=10157
398,Crofters (Personal),crofters-personal,B/40 R4 LG18 W12 Y8 K4 LG/16,LG#309C18 GREEN; K#101010 BLACK; Y#E8C000 YELLOW; W#E0E0E0 WHITE; R#DC0000 RED; B#2C4084 BLUE;,yes,148,45,District,2,Scottish Register of Tartans; Scottish Tartans Authority,2/2,no,no,Scottish Register of Tartans,F & M Lawson,01/03/2005,3146.0,weaver_note,Yes. Use and production controlled by F & M Lawson of Crofters Weaving Mill.,https://www.tartanregister.gov.uk/tartanDetails.aspx?ref=5879
399,Ellis Island,ellis-island,R/136 K2 G12 B8 G2 B24 W2 G12 Y2 G48 Y2 G4 Y/6,R#8A3324 RV SCARLET; G#3D5B43 FRASER GREEN; K#101010 BLACK; W#FFFFFF BLEACHED WHITE; B#4372AA ANC BLUE; Y#EEB422 MCINNES GOLD;,yes,378,45,District,2,Scottish Register of Tartans; Scottish Tartans Authority,1/2,no,no,Scottish Register of Tartans,"Newsome, Matt",06/02/2011,,weaver_note,Yes. The copyright for this design is held by the Clan Currie Society.,https://www.tartanregister.gov.uk/tartanDetails.aspx?ref=10364
400,Eusa,eusa,K/14 W14 B14 VG6 R32 Y32 K/32,K#101010 BLACK; Y#E8C000 YELLOW; R#C80000 RED; B#2C2C80 BLUE; W#E0E0E0 WHITE; VG#288028 VERDANT;,yes,242,45,District,2,Scottish Register of Tartans; Scottish Tartans Authority,2/2,no,no,Scottish Register of Tartans,"Cariou, Serge",03/02/2010,,weaver_note,Yes. Developed for weaving by House of Tartan,https://www.tartanregister.gov.uk/tartanDetails.aspx?ref=10236
401,Manor of Wrentnall (Personal),manor-of-wrentnall-personal,R/62 NB66 DG24 W/4,R#FF0000 BRIGHT SCARLET; W#FFFFFF PEROXIDE WHITE; NB#000080 ILLINOIS NAVY; DG#006400 BOTTLE GREEN;,yes,246,45,District,2,Scottish Register of Tartans; Scottish Tartans Authority,1/2,no,no,Scottish Register of Tartans,"Sprules, Robbie D",01/10/2009,,weaver_note,Yes. Use to be controlled by Robbie D Sprules.,https://www.tartanregister.gov.uk/tartanDetails.aspx?ref=10353
402,Spirit of Hoxa,spirit-of-hoxa,DG/4 P38 DG4 DP92 A4 P20 DG6 LP4 LR/4,LR#FF6A6A LIGHT PINK; LP#8547C2 DLIGHT PURPLE; DG#00611C DARK GREEN; P#4D0066 PURPLE; A#99CCFF AZURE; DP#440066 DARK PURPLE;,yes,344,45,District,2,Scottish Register of Tartans; Scottish Tartans Authority,1/2,no,no,Scottish Register of Tartans,Allison Dearness/Lochcarron of Scotland,13/09/2012,,weaver_note,Yes. Only to be woven by Lochcarron of Scotland.,https://www.tartanregister.gov.uk/tartanDetails.aspx?ref=10705
403,"Stratford (Ontario), City of",stratford-ontario-city-of,B/168 W20 B4 W4 Y36 B4 AG8 W4 B4 R/4,R#FF0000 SCOTCH RED; B#000080 ITALIAN BLUE; W#FFFFFF WHITE; AG#008B00 ANCIENT GREEN; Y#FFE700 GOLD;,yes,340,45,District,2,Scottish Register of Tartans; Scottish Tartans Authority,1/2,no,no,Scottish Register of Tartans,"Brown, Jonathan",01/10/2010,,weaver_note,"Yes. Woven by Strathmore Woollen Co Ltd, Forfar.",https://www.tartanregister.gov.uk/tartanDetails.aspx?ref=10363
404,Strathdon,strathdon,A/6 T16 M4 T16 B22 M4 T8 R8 M54 B2 M4 B4 M4 B26 M/4,M#4D1A3A MAROON; B#401A4F BLUEBELL SLATE; T#DA8D24 TARA BROWN; R#7C0000 REP RED; A#D8E9FF AZURE;,yes,354,45,District,2,Scottish Register of Tartans; Scottish Tartans Authority,1/2,no,no,Scottish Register of Tartans,Jonathan Brown,26/11/2009,,weaver_note,"Yes. Only to be woven by Strathmore Woollen Co Ltd, Station Works, North Street, Forfar, Angus, DD8 3BN",https://www.tartanregister.gov.uk/tartanDetails.aspx?ref=10117
405,Strathmore,strathmore,LG/6 R30 AG4 R4 AG4 R4 AG36 LT4 AG4 LT4 AG4 LT54 K4 LT4 K12 OG/4,LG#4C5419 LIGHT GREEN; R#87041C REP RED; AG#344625 ANC GREEN; LT#3C2118 LGHT BROWN; K#101010 BLACK; OG#FF8A00 OLD GOLD;,yes,354,45,District,2,Scottish Register of Tartans; Scottish Tartans Authority,1/2,no,no,Scottish Register of Tartans,Jonathan Brown,20/11/2009,,weaver_note,"Yes. Only to be woven by Strathmore Woollen Co Ltd, Station Works, North Street, Forfar, DD8 3BN",https://www.tartanregister.gov.uk/tartanDetails.aspx?ref=10118
406,Strathtay,strathtay,A/12 DG4 A4 DG10 M40 SR4 M4 SR50 R4 SR4 R8 G20 M/4,M#220300 MAROON; G#4C330B GREEN; R#4C0000 REP RED; DG#033126 MARINE GREEN; A#4A6753 AZURE; SR#712201 ANC SCARLET;,yes,320,45,District,2,Scottish Register of Tartans; Scottish Tartans Authority,1/2,no,no,Scottish Register of Tartans,Jonathan Brown,26/11/2009,,weaver_note,"Yes. Only Strathmore Woollen Co Ltd, Station Works, North Street, Forfar, Angus, DD8 3BN",https://www.tartanregister.gov.uk/tartanDetails.aspx?ref=10115
407,Strathtummel,strathtummel,DL/26 AG18 DL4 AG4 DL4 AG2 DL20 W4 DL20 K26 DL6 B4 DL4 B/74,K#101010 BLACK; AG#434F04 ANCIENT GREEN; DL#23001F DARK LILAC; W#FFFFFF WHITE; B#000680 BLUEBELL BLUE;,yes,332,45,District,2,Scottish Register of Tartans; Scottish Tartans Authority,1/2,no,no,Scottish Register of Tartans,Jonathan Brown,26/11/2009,,weaver_note,"Yes. Only to be woven by Strathmore Woollen Co Ltd, Station Works, North Street, Forfar, Angus, DD8 3BN",https://www.tartanregister.gov.uk/tartanDetails.aspx?ref=10116
408,Alyssa's Theme,alyssa-s-theme,B/4 K26 B16 K4 R2 N2 R42 K2 R2 N4 K16 R26 K/4,K#000000 BLACK; R#800300 MAROON; N#7D7D7D GREY; B#38558F TORY BLUE;,yes,292,42,Fashion,2,Scottish Register of Tartans; Scottish Tartans Authority,1/2,no,no,Scottish Register of Tartans,"Orr, John",10/07/2012,,none,,https://www.tartanregister.gov.uk/tartanDetails.aspx?ref=10656
409,Carroll O'Reed,carroll-o-reed,SW/4 DR8 KK4 DR8 GG8 KK2 SW2 KK2 DR2 DG8 LB2 DG/56,SW#B0B0B0 SOFT WHITE; DR#8C0000 DARK RED; KK#000000 BLACK; GG#007C00 LIME GREEN; LB#3474FC LIGHT BLUE; DG#004C00 DARK GRN;,yes,152,42,Fashion,2,Scottish Register of Tartans; Scottish Tartans Authority,2/2,no,no,Scottish Register of Tartans,Aljean of Vancouver,01/01/1985,,none,,https://www.tartanregister.gov.uk/tartanDetails.aspx?ref=578
410,Chieftain's,chieftain-s,B/32 BG32 K4 KR4 YY4 B8 BG8 K4 KR4 YY4 B32 BG/32,K#101010 BLACK; KR#C80000 RED; YY#E0E0A0 YELLOW; BG#549C68 ANC GREEN; B#1870A4 ANC BLUE;,yes,272,42,Corporate,2,Scottish Register of Tartans; Scottish Tartans Authority,2/2,no,no,Scottish Register of Tartans,"Michael Gradl,",01/01/2007,,none,,https://www.tartanregister.gov.uk/tartanDetails.aspx?ref=632
411,Drambuie Hunting,drambuie-hunting,LT/6 DT36 K48 R4 K5 RY/6,K#101010 BLACK; DT#68381C DARK BROWN; LT#A08858 LIGHT BROWN; R#C80000 RED; RY#BC8C00 DARK GOLD;,yes,198,42,Corporate,2,Scottish Register of Tartans; Weddslist,1/2,no,yes,Scottish Register of Tartans,Kinloch Anderson Ltd,01/01/1998,2475.0,weaver_note,Yes. Corporate tartan of the Drambuie Liqueur Co Ltd.,https://www.tartanregister.gov.uk/tartanDetails.aspx?ref=974
412,Edinburgh Marketing,edinburgh-marketing,RB/24 R4 RB4 R8 WW4 R8 RB4 R/12,RB#1C0070 ROYAL BLUE; WW#FCFCFC WILSON WHITE; R#C80000 RED;,yes,100,42,Corporate,2,Scottish Register of Tartans; Scottish Tartans Authority,2/2,no,yes,Scottish Register of Tartans,Kinloch Anderson Ltd,01/01/2002,2106.0,weaver_note,Yes. A corporate tartan for Edinburgh Marketing.,https://www.tartanregister.gov.uk/tartanDetails.aspx?ref=1082
413,Ford & Etal,ford-etal,WW/4 K24 BL36 WG84 K4 R64 WW4 K/12,R#C80000 RED; WG#408060 WTHRD GREEN; BL#1474B4 BALMORAL BLUE; K#101010 BLACK; WW#FCFCFC WILSON WHITE;,yes,448,42,Corporate,2,Scottish Register of Tartans; Scottish Tartans Authority,2/2,no,no,Scottish Register of Tartans,"Hek, Ronnie",01/01/2002,2903.0,none,,https://www.tartanregister.gov.uk/tartanDetails.aspx?ref=1227
414,Glasgow's Miles Better,glasgow-s-miles-better,Y/24 LN8 N8 Y8 N8 R8 N30 LN30 R30 Y/16,N#888888 GREY; R#C80000 RED; Y#E8C000 YELLOW; LN#A0A0A0 LIGHT GREY;,yes,300,42,Corporate,2,Scottish Register of Tartans; Scottish Tartans Authority,2/2,no,no,Scottish Register of Tartans,MacDonald/Buchan,01/01/1988,1887.0,none,,https://www.tartanregister.gov.uk/tartanDetails.aspx?ref=1361
415,Irn Bru,irn-bru,O/98 B32 K4 CW6 B4 CW4 B6 O/4,K#101010 BLACK; B#0000FF BLUE; CW#FCFCFC CLEAR; O#FF5F04 ORANGE;,yes,214,42,Corporate,2,Scottish Register of Tartans; Scottish Tartans Authority,1/2,no,yes,Scottish Register of Tartans,Kinloch Anderson Ltd,01/08/1997,2395.0,weaver_note,Yes. This is a corporate tartan for Barr's Irn Bru.,https://www.tartanregister.gov.uk/tartanDetails.aspx?ref=1856
416,Justerini & Brooks,justerini-brooks,FG/6 LC20 BBG12 LC22 K12 FG28 LC18 WY28 LC/96,FG#146400 FOREST GREEN; LC#C82800 GOV CRIMSON; WY#DCBC00 YELLOW; K#000000 BLACK; BBG#50783C GREEN OLD ALT;,yes,382,42,Corporate,2,Scottish Register of Tartans; Scottish Tartans Authority,2/2,no,no,Scottish Register of Tartans,"Hutcheson, Colin",01/01/2002,,none,,https://www.tartanregister.gov.uk/tartanDetails.aspx?ref=1915
417,Kingsbarns Golf Links,kingsbarns-golf-links,K/8 DR3 SB4 G4 SB48 K48 G4 K4 DY3 SB/8,SB#0A394D BALMORAL BLUE; K#101010 BLACK; DR#880000 DARK RED; DY#E0A126 GOLD; G#00643C GREEN; LG#289C18 LIGHT GREEN;,yes,252,42,Corporate,2,Scottish Register of Tartans; Weddslist,1/2,no,yes,Scottish Register of Tartans,Kinloch Anderson Ltd,01/04/1999,2532.0,weaver_note,Yes. A corporate tartan for Kingbarns Golf Links.,https://www.tartanregister.gov.uk/tartanDetails.aspx?ref=1986
418,Ladybird (Personal),ladybird-personal,DR/52 ET2 DR2 NB4 DR2 ET2 DR10 NB10 G4 NB10 G4 NB10 G48 DR2 ET/4,DR#880000 DARK RED; ET#4C0000 EARTH; G#006818 GREEN; NB#003C64 NAVY BLUE;,yes,276,42,Fashion,2,Scottish Register of Tartans; Scottish Tartans Authority,2/2,no,yes,Scottish Register of Tartans,"Robson-Bell, Dawn",01/02/1997,2371.0,weaver_note,Yes.,https://www.tartanregister.gov.uk/tartanDetails.aspx?ref=2022
419,Land's End Blue,land-s-end-blue,NB/4 G18 M4 G18 NB4 G4 NB52 DG/4,DG#003820 DARK GREEN; G#006818 GREEN; M#901C38 MARROON; NB#003C64 NAVY BLUE;,yes,208,42,Fashion,2,Scottish Register of Tartans; Scottish Tartans Authority,2/2,no,no,Scottish Register of Tartans,"Hird, Fiona J.",01/01/1992,2579.0,none,,https://www.tartanregister.gov.uk/tartanDetails.aspx?ref=2040
420,Land's End Camel,land-s-end-camel,DT/8 LT40 DG30 DT4 LT6 T12 LT6 DT4 LT/48,T#604000 BROWN; DG#003820 DARK GREEN; LT#A08858 LIGHT BROWN; DT#441800 DARK BROWN;,yes,260,42,Fashion,2,Scottish Register of Tartans; Scottish Tartans Authority,2/2,no,no,Scottish Register of Tartans,"Hird, Fiona J.",01/01/1992,2577.0,none,,https://www.tartanregister.gov.uk/tartanDetails.aspx?ref=2041
421,Land's End Maroon,land-s-end-maroon,NB46 GO4 M6 B14 M6 GO4 G30 M42 GO10,B#2C2C80 BLUE; GO#BC8C00 DARK GOLD; G#006818 GREEN; M#901C38 MARROON; NB#003C64 NAVY BLUE;,no,162,42,Fashion,2,Scottish Register of Tartans; Scottish Tartans Authority,2/2,no,no,Scottish Register of Tartans,"Hird, Fiona J.",01/01/1992,2578.0,none,,https://www.tartanregister.gov.uk/tartanDetails.aspx?ref=2042
422,"Marist School, The",marist-school-the,RB/116 B8 RB4 B4 RB4 B4 A32 MY/4,A#5C8CA8 AZURE; B#2C2C80 BLUE; MY#D09800 M YELLOW; RB#1C0070 ROYAL BLUE;,yes,232,42,Corporate,2,Scottish Register of Tartans; Weddslist,1/2,no,yes,Scottish Register of Tartans,Kinloch Anderson Ltd,01/01/1996,2376.0,weaver_note,"Yes. Use of this tartan is controlled by the Marist School, Sunninghill, Berks.",https://www.tartanregister.gov.uk/tartanDetails.aspx?ref=2836
423,"McEwan '1856', The",mcewan-1856-the,B/4 T6 B32 K36 G36 K4 S/4,G#006818 GREEN; B#2C2C80 BLUE; K#101010 BLACK; T#604000 BROWN; S#C8002C SCARLET;,yes,236,42,Corporate,2,Scottish Register of Tartans; Scottish Tartans Authority,2/2,no,yes,Scottish Register of Tartans,Kinloch Anderson Ltd,01/01/1995,2299.0,weaver_note,Yes. Use of this tartan is controlled by Scottish Brewers.,https://www.tartanregister.gov.uk/tartanDetails.aspx?ref=2880
424,O'Connor Dress,o-connor-dress,T/20 CLR20 LSB44 CLR4 T/4,LSB#98C8E8 LIGHT SKY; CLR#E87878 CORAL; LR#E08070 ROSE; DO#B84C00 DARK ORANGE; A#5C8CA8 AZURE; AL#48A4C0 ANDERSON BLUE; T#604000 BROWN;,yes,160,42,Fashion,2,Scottish Register of Tartans; Scottish Tartans Authority,2/2,no,no,Scottish Register of Tartans,Scotch Corner (England),01/01/2004,,none,,https://www.tartanregister.gov.uk/tartanDetails.aspx?ref=3218
425,O'Donoghue,o-donoghue,G/124 K80 Y6 K6 WW/6,K#101010 BLACK; G#006818 GREEN; Y#E8C000 YELLOW; WW#F8F8F8 WILSON WHITE;,yes,314,42,Fashion,2,Scottish Register of Tartans; Scottish Tartans Authority,2/2,no,no,Scottish Register of Tartans,Scotch Corner (England),01/01/2003,,none,,https://www.tartanregister.gov.uk/tartanDetails.aspx?ref=3219
426,O'Reilly (Estimated threadcount),o-reilly-estimated-threadcount,R/8 BL6 LN4 K4 LN24 K4 B20 A50 WW/4,R#C80000 RED; A#5C8CA8 AZURE; K#101010 BLACK; N#888888 GRAY; LN#A0A0A0 LIGHT GRAY; B#2C2C80 BLUE; BL#1474B4 BALMORAL BLUE; WW#F8F8F8 WILSON WHITE;,yes,236,42,Fashion,2,Scottish Register of Tartans; Scottish Tartans Authority,2/2,no,no,Scottish Register of Tartans,Scotch Corner (England),01/01/2005,,none,,https://www.tartanregister.gov.uk/tartanDetails.aspx?ref=3262
427,O'Rourke (Estimated threadcount),o-rourke-estimated-threadcount,A/100 K4 OT24 K4 LN40 WW12 LN40 K4 Y/12,OT#603800 OLIVE BROWN; ST#98481C SHALE BROWN; A#5C8CA8 AZURE; T#604000 BROWN; WW#F8F8F8 WILSON WHITE; N#888888 GRAY; LN#A0A0A0 LIGHT GRAY; K#101010 BLACK; Y#E8C000 YELLOW;,yes,368,42,Fashion,2,Scottish Register of Tartans; Scottish Tartans Authority,2/2,no,no,Scottish Register of Tartans,Scotch Corner (England),01/01/2005,,none,,https://www.tartanregister.gov.uk/tartanDetails.aspx?ref=3267
428,O'Shaughnessy (Estimated threadcount),o-shaughnessy-estimated-threadcount,B120 WW6 P16 Y4 K4 WW4 K4 G28 B8 T20 WW4,B#2C2C80 BLUE; P#780078 PURPLE; Y#E8C000 YELLOW; K#101010 BLACK; G#006818 GREEN; BL#1474B4 BALMORAL BLUE; T#604000 BROWN; WW#F8F8F8 WILSON WHITE;,no,218,42,Fashion,2,Scottish Register of Tartans; Scottish Tartans Authority,2/2,no,no,Scottish Register of Tartans,Scotch Corner (England),01/01/2005,,none,,https://www.tartanregister.gov.uk/tartanDetails.aspx?ref=3269
429,O'Shaughnessy Memorial,o-shaughnessy-memorial,B/114 LSB6 K18 Y4 K4 W6 K4 G20 B12 K4 B4 R/6,B#445080 BLUE; R#C80000 RED; K#101010 BLACK; LB#2888C4 LIGHT BLUE; W#E0E0E0 WHITE; G#448C28 GREEN; Y#E8C000 YELLOW; AA#789484 ANC AZURE; A#5C8CA8 AZURE; LSB#C8D8DC LIGHT SKY;,yes,284,42,Corporate,2,Scottish Register of Tartans; Scottish Tartans Authority,2/2,no,no,Scottish Register of Tartans,"Rawson, Jim",01/01/2006,,none,,https://www.tartanregister.gov.uk/tartanDetails.aspx?ref=3270
430,"Palmer, General W.J.",palmer-general-w-j,CLR/8 XDT4 W4 XDT46 W4 XDT4 CLR8 XDT4 W4 XDT4 W24 NB12 Y4 K8 NN4 W/4,K#000000 BLACK; W#C8C8C8 WHITE; XDT#743838 DARK BROWN; NN#646464 MEDIUM GREY; CLR#E87878 CORAL; Y#E8C000 YELLOW; NB#003C64 NAVY BLUE;,yes,280,42,Corporate,2,Scottish Register of Tartans; Scottish Tartans Authority,2/2,no,no,Scottish Register of Tartans,"Pahls, Rev. John B.",01/01/1995,,none,,https://www.tartanregister.gov.uk/tartanDetails.aspx?ref=3289
431,Peterhead (Personal),peterhead-personal,G/36 A4 G8 K16 G/8,K#101010 BLACK; G#407058 GREEN; A#487088 AZURE;,yes,100,42,Fashion,2,Scottish Register of Tartans; Scottish Tartans Authority,2/2,no,yes,Scottish Register of Tartans,"Robson-Bell, Dawn",01/02/1997,2368.0,weaver_note,Yes.,https://www.tartanregister.gov.uk/tartanDetails.aspx?ref=3331
432,Press & Journal,press-journal,K/18 B6 K56 B50 W/4,K#101010 BLACK; B#4C5484 BLUE; W#E0E0E0 WHITE;,yes,246,42,Corporate,2,Scottish Register of Tartans; Scottish Tartans Authority,2/2,no,no,Scottish Register of Tartans,"Howie, Carol",01/02/2007,,none,,https://www.tartanregister.gov.uk/tartanDetails.aspx?ref=3368
433,Puffin (Personal),puffin-personal,K/16 CW4 K4 CW36 G4 CW4 G4 CW4 T/16,K#101010 BLACK; T#946400 BROWN; CW#FCFCFC CLEAR; G#006818 GREEN;,yes,152,42,Fashion,2,Scottish Register of Tartans; Scottish Tartans Authority,2/2,no,yes,Scottish Register of Tartans,"Robson-Bell, Dawn",01/02/1997,2374.0,weaver_note,Yes.,https://www.tartanregister.gov.uk/tartanDetails.aspx?ref=3419
434,Riley's Theme,riley-s-theme,B/40 K8 G10 P28 W2 B/4,K#292929 NERO; G#6F8070 LAUREL; B#667AA3 CHETWODE BLUE; W#CCC7AD PARCHMENT; P#683C66 SEANCE;,yes,140,42,Fashion,2,Scottish Register of Tartans; Scottish Tartans Authority,1/2,no,no,Scottish Register of Tartans,"Orr, John",04/07/2012,,none,,https://www.tartanregister.gov.uk/tartanDetails.aspx?ref=10657
435,Rosslyn Chapel,rosslyn-chapel,R/8 W20 MU6 W4 MU6 W4 MU6 B60 P8 B2 G/24,B#2C2C80 BLUE; MU#BC8C00 DARK GOLD; G#006818 GREEN; P#780078 PURPLE; R#C80000 RED; W#E0E0E0 WHITE;,yes,264,42,Corporate,2,Scottish Register of Tartans; Weddslist,2/2,no,yes,Scottish Register of Tartans,David McGill of International Tartans,01/08/1999,2628.0,weaver_note,Yes. Anyone with the designer's consent,https://www.tartanregister.gov.uk/tartanDetails.aspx?ref=3569
436,"Royal College of Surgeons of Edinburgh, The",royal-college-of-surgeons-of-edinburgh-the,A/8 DB32 K4 DB4 K4 DB4 K26 N40 WW/8,A#5C8CA8 AZURE; K#101010 BLACK; DB#305870 DARK BLUE; N#888888 GREY; WW#FCFCFC WILSON WHITE;,yes,244,42,Corporate,2,Scottish Register of Tartans; Weddslist,1/2,no,yes,Scottish Register of Tartans,Kinloch Anderson Ltd,01/05/1998,2457.0,weaver_note,Yes. A corporate tartan for the Royal College of Surgeons of Edinburgh.,https://www.tartanregister.gov.uk/tartanDetails.aspx?ref=3598
437,"Royal and Ancient, The",royal-and-ancient-the,B/12 T4 B4 T6 B32 G/98,B#2C2C80 BLUE; T#604000 BROWN; G#006818 GREEN;,yes,202,42,Corporate,2,Scottish Register of Tartans; Weddslist,1/2,no,yes,Scottish Register of Tartans,Kinloch Anderson Ltd,01/01/1993,2193.0,weaver_note,Yes. A corporate tartan for the Ancient and Royal Golf Club.,https://www.tartanregister.gov.uk/tartanDetails.aspx?ref=3584
438,Scotland's Lionheart,scotland-s-lionheart,K/156 N32 K4 DN4 K4 N4 K6 R4 K/20,K#101010 BLACK; G#006818 GREEN; DB#1C1C50 DARK BLUE; LB#28283C LIGHT BLUE; R#AC0034 RED; N#686868 GRAY; DN#4C4C4C DARK GREY;,yes,292,42,Fashion,2,Scottish Register of Tartans; Scottish Tartans Authority,2/2,no,no,Scottish Register of Tartans,House of Edgar - Macnaughton Holdings Ltd.,01/01/2007,,none,,https://www.tartanregister.gov.uk/tartanDetails.aspx?ref=3681
439,Scotland's People,scotland-s-people,LG/8 LP8 LG6 LP16 K6 LP10 K6 LP10 K28 R54 Y6 R/14,LG#289C18 LIGHT GREEN; Y#E8C000 YELLOW; K#101010 BLACK; LP#B468AC MAUVE; R#C80000 RED; O#D87C00 ORANGE;,yes,322,42,Fashion,2,Scottish Register of Tartans; Scottish Tartans Authority,2/2,no,no,Scottish Register of Tartans,Kinloch Anderson Ltd,01/11/2003,2979.0,none,,https://www.tartanregister.gov.uk/tartanDetails.aspx?ref=3685
440,St Andrew's College,st-andrew-s-college,B/36 W4 B4 R6 B42 K56 DY2 K2 LG/4,B#2C2C80 BLUE; W#F8F8F8 WILSON WHITE; DY#E8C000 DARK YELLOW; LG#289C18 LIGHT GREEN; K#101010 BLACK; R#C80000 RED;,yes,272,42,Corporate,2,Scottish Register of Tartans; Scottish Tartans Authority,2/2,no,no,Scottish Register of Tartans,Yellowley & Wilton,01/03/2006,,none,,https://www.tartanregister.gov.uk/tartanDetails.aspx?ref=3877
441,Terre De'Ecosse,terre-de-ecosse,W/6 K6 AG32 K26 DG32 GO8 DG32 K26 AG6 K6 AG6 K6 AG14 W/6,GO#BC8C00 DARK GOLD; W#E0E0E0 WHITE; DG#003820 DARK GREEN; AG#00643C ANC GREEN; K#101010 BLACK;,yes,412,42,Corporate,2,Scottish Register of Tartans; Scottish Tartans Authority,2/2,no,no,Scottish Register of Tartans,Lochcarron of Scotland,01/01/2000,,none,,https://www.tartanregister.gov.uk/tartanDetails.aspx?ref=4095
442,Thomas Newcomen's Combustion Engine,thomas-newcomen-s-combustion-engine,B8 W12 R20 K28,K#101010 BLACK; R#FF0000 RED; W#FFFFFF WHITE; B#0000CD BLUE;,no,68,42,Fashion,2,Scottish Register of Tartans; Scottish Tartans Authority,1/2,no,no,Scottish Register of Tartans,"Voth, J William",03/04/2013,,none,,https://www.tartanregister.gov.uk/tartanDetails.aspx?ref=10849
443,U.S. Law Enforcement,u-s-law-enforcement,AA/8 K6 DB12 B8 DB114 N6 DB6 N6 DB6 R/6,K#101010 BLACK; N#888888 GREY; B#2C2C80 BLUE; DB#202060 DARK BLUE; A#5C8CA8 AZURE; R#C80000 RED; AA#9CB0A8 ANC AZURE;,yes,342,42,Corporate,2,Scottish Register of Tartans; Scottish Tartans Authority,2/2,no,no,Scottish Register of Tartans,Clifford/Yestrebsky,01/04/2007,,none,,https://www.tartanregister.gov.uk/tartanDetails.aspx?ref=4186
444,Yorkland (Personal),yorkland-personal,OX72 R4 OX8 W2 T28 G8 Y4 G36,T#805400 BROWN; OX#2C6074 OXFORD; Y#E8C000 YELLOW; G#006818 GREEN; R#C80000 RED; W#E0E0E0 WHITE;,no,162,42,Fashion,2,Scottish Register of Tartans; Scottish Tartans Authority,2/2,no,yes,Scottish Register of Tartans,Lochcarron of Scotland,01/02/1997,2370.0,weaver_note,Yes.,https://www.tartanregister.gov.uk/tartanDetails.aspx?ref=4794
445,HMS Neptune,hms-neptune,LG/8 K2 B18 K2 LG6 K2 DB54 R2 DB54 W2 R/6,LG#289C18 LIGHT GREEN; K#101010 BLACK; B#2C4084 BLUE; DB#1C1C50 DARK BLUE; R#DC0000 RED; W#FFFFFF WHITE;,yes,298,40,Military,2,Scottish Register of Tartans; Scottish Tartans Authority,2/2,no,no,Scottish Register of Tartans,"Wilton, Brian",05/02/2015,,weaver_note,Yes. Only those authorised by the Commanding Officer of HMS Neptune may wear/use/weave this tartan.,https://www.tartanregister.gov.uk/tartanDetails.aspx?ref=11238
446,Psychological Operations Regiment,psychological-operations-regiment,DN/8 LN4 DN24 K42 DG24 K8 DG8 K8 DR8 K8 DG8 K8 DG24 K42 DN24 LN4 DN/10,DN#202020 DARK GREY; LN#D3D3D3 LIGHT GREY; K#101010 BLACK; DG#092E20 DARK GREEN; DR#800000 DARK RED;,yes,506,40,Military,2,Scottish Register of Tartans; Scottish Tartans Authority,1/2,no,no,Scottish Register of Tartans,Duprey & Nordan,16/10/2012,,weaver_note,"Yes. The tartan is intended for wear by all soldiers and civilians of the United States Army who now hold or have once held a military operations specialty for Psychological Operations (CMF 37);all Soldiers, Sailors, Airmen, Marines of civilians who are currently assigned to a United States armed force organisation whose mission is to conduct Military Information Support Operations for as long as they are assigned to the said organisation; andall service members, military and civilian, of countries allied to the United States and specialising in Psychological Operations.",https://www.tartanregister.gov.uk/tartanDetails.aspx?ref=10822
447,Royal Air Force,royal-air-force,M/6 BL4 LB14 BL6 LB40 RB8 NB16 BL40 M6 BL14 W/4,BL#1474B4 BALMORAL BLUE; LB#2888C4 LIGHT BLUE; M#901C38 MAROON; NB#003C64 NAVY BLUE; RB#1C0070 ROYAL BLUE; W#E0E0E0 WHITE;,yes,306,40,Military,2,Scottish Register of Tartans; Scottish Tartans Authority,2/2,no,no,Scottish Register of Tartans,"Mackie, Arthur H",01/01/1988,2123.0,weaver_note,"Yes. Production of this tartan must be authorised by Arthur Mackie or Mactartan (UK).Registered design with the UK Intellectual Property Office, no. 0515445, expires 2014",https://www.tartanregister.gov.uk/tartanDetails.aspx?ref=3586
448,Fed. of Circles & Solitaries,fed-of-circles-solitaries,G6 DB10 Y6 DB10 R6 DB10 LB6 DB18 K60 DB18,R#C80000 RED; K#101010 BLACK; DB#202060 DARK BLUE; G#006818 GREEN; LB#2888C4 LIGHT BLUE; Y#E8C000 YELLOW;,no,150,37,Corporate,2,Scottish Register of Tartans; Scottish Tartans Authority,2/2,no,no,Scottish Register of Tartans,,,3011.0,none,,https://www.tartanregister.gov.uk/tartanDetails.aspx?ref=5351
449,Holland & Sherry,holland-sherry,NB/40 BB6 NB8 RR6 NB6 K20 G42 K8 RR/40,NB#003C64 NAVY BLUE; BB#3850C8 OLD BLUE; RR#901C38 MARROON; K#101010 BLACK; G#006818 GREEN;,yes,272,37,Corporate,2,Scottish Register of Tartans; Scottish Tartans Authority,2/2,no,no,Scottish Register of Tartans,,,,none,,https://www.tartanregister.gov.uk/tartanDetails.aspx?ref=5706
450,Little's,little-s,DB/6 N48 W6 DB24 RR48 W/6,DB#1C1C50 DARK BLUE; N#888888 GRAY; W#E0E0E0 WHITE; RR#901C38 MARROON;,yes,264,37,Corporate,2,Scottish Register of Tartans; Scottish Tartans Authority,2/2,no,no,Scottish Register of Tartans,,,,none,,https://www.tartanregister.gov.uk/tartanDetails.aspx?ref=5477
451,Rabbie's Dram,rabbie-s-dram,LT/120 DT6 LT8 ZR/6,LT#A08858 LIGHT BROWN; DT#441800 DARK BROWN; ZR#A00000 RUST;,yes,154,37,Fashion,2,Scottish Register of Tartans; Scottish Tartans Authority,2/2,no,no,Scottish Register of Tartans,,,,none,,https://www.tartanregister.gov.uk/tartanDetails.aspx?ref=5566
452,"Starrett Company, L.S.",starrett-company-l-s,N/10 K10 N4 K6 N3 K8 R34 Y3 R6 Y4 R4 Y6 R4 Y8 R26 Y8 R4 Y6 R4 Y4 R6 Y3 R/34,N#888888 GRAY; K#101010 BLACK; R#C80000 RED; Y#E8C000 YELLOW;,yes,366,37,Corporate,2,Scottish Register of Tartans; Scottish Tartans Authority,2/2,no,no,Scottish Register of Tartans,,,,none,,https://www.tartanregister.gov.uk/tartanDetails.aspx?ref=5641
453,Abbotsford (Commemorative),abbotsford-commemorative,G/10 K4 W6 K6 DY4 B8 K6 W6 K6 W6 K6 W6 K6 W6 K6 W6 K6 G8 R6 G6 W4 G4 K/10,R#C80000; B#2C2C80; W#E0E0E0; G#007C1C; DY#E8C000; K#101010;,yes,264,35,Scottish Tartans Society,2,Scottish Tartans Authority; Weddslist,2/2,no,yes,Scottish Tartans Authority,,,,none,,http://www.tartansauthority.com/tartan-ferret/display/57/
454,Bowlers (Commemorative),bowlers-commemorative,G/4 P16 G26 K12 G4 CW6 G4 K12 G10 B40 CW/8,P#780078; K#101010; B#2C2C80; CW#FCFCFC; G#006818;,yes,272,35,Scottish Tartans Society,2,Scottish Tartans Authority; Weddslist,2/2,no,yes,Scottish Tartans Authority,,,,none,,http://www.tartansauthority.com/tartan-ferret/display/2625/
455,Clanedin (Commemorative),clanedin-commemorative,WW/6 KK20 BDY4 KK8 WW4 KK6 WW4 KK4 WW12 BB6 WW12 KK4 WW4 KK6 WW4 KK16 DR/6,WW#C89800; KK#C8C8C8; BDY#C8C8C8; DR#C89800; BB#64340C;,yes,240,35,Scottish Tartans Society,2,Scottish Tartans Authority; Weddslist,1/2,no,yes,Scottish Tartans Authority,,,,none,,http://www.tartansauthority.com/tartan-ferret/display/1619/
456,Cornish National (District),cornish-national-district,R/6 K6 LB14 RY52 K52 WW/10,WW#FCFCFC; K#000000; R#C80000; LB#4C809C; RY#BC8C00;,yes,264,35,Scottish Tartans Society,2,Scottish Tartans Authority; Weddslist,1/2,no,yes,Scottish Tartans Authority,,,,none,,http://www.tartansauthority.com/tartan-ferret/display/1567/
457,Cornish National Day (District),cornish-national-day-district,K/10 WW4 Y72 LB94 R/6,WW#FCFCFC; Y#E8C000; K#101010; R#C80000; LB#2888C4;,yes,356,35,Scottish Tartans Society,2,Scottish Tartans Authority; Weddslist,1/2,no,yes,Scottish Tartans Authority,,,,none,,http://www.tartansauthority.com/tartan-ferret/display/1262/
458,"Culture, The (Corporate)",culture-the-corporate,R/12 G4 R4 G42 K4 WW8 K4 B46 Y4 B4 Y/12,WW#FCFCFC; R#C80000; B#2C2C80; G#006818; Y#E8C000; K#101010;,yes,264,35,Scottish Tartans Society,2,Scottish Tartans Authority; Weddslist,2/2,no,yes,Scottish Tartans Authority,,,,none,,http://www.tartansauthority.com/tartan-ferret/display/1534/
459,Dunbar of Pitgaveny (Clan),dunbar-of-pitgaveny-clan,C/2 N38 WW/2,WW#FCFCFC; C#A00048; N#888888;,yes,80,35,Scottish Tartans Society,2,Scottish Tartans Authority; Weddslist,2/2,no,yes,Scottish Tartans Authority,,,,none,,http://www.tartansauthority.com/tartan-ferret/display/1634/
460,Essex County Ontario (District),essex-county-ontario-district,WW/4 DR4 AZ12 AGG8 DG10 GG6 KK2 DR8 KK2 BDY/60,WW#C8C8C8; AGG#003000; DG#005800; DR#8C0000; GG#007C00; KK#000000; AZ#788CB4; BDY#C89800;,yes,168,35,Scottish Tartans Society,2,Scottish Tartans Authority; Weddslist,1/2,no,yes,Scottish Tartans Authority,,,,none,,http://www.tartansauthority.com/tartan-ferret/display/1840/
461,Gayre Bodyguard (Clan),gayre-bodyguard-clan,K/8 R10 G6 W8 G8 R10 K8 W8 G32 DB8 G32 W8 K8 G8 R/36,K#101010; R#C80000; DB#1C1C50; G#006818; W#E0E0E0;,yes,352,35,Scottish Tartans Society,2,Scottish Tartans Authority; Weddslist,1/2,no,yes,Scottish Tartans Authority,,,,none,,http://www.tartansauthority.com/tartan-ferret/display/1154/
462,"Gordon, Red (Clan/District)",gordon-red-clan-district,MP/32 WW4 CLR14 WW4 K28 LSB12 WW4 MP30 WW4 HG34 LSB12 HG12 SCR16 K12 SCR16 K/4,WW#E0E0E0; LSB#5C8CA8; MP#780078; K#101010; HG#285800; CLR#E87878; SCR#C8002C;,yes,440,35,Scottish Tartans Society,2,Scottish Tartans Authority; Weddslist,1/2,no,yes,Scottish Tartans Authority,,,,none,,http://www.tartansauthority.com/tartan-ferret/display/652/
463,Gracie (Name),gracie-name,G/94 DR6 G12 RB70 MY/6,DR#880000; MY#D09800; G#006818; RB#1C0070;,yes,276,35,Scottish Tartans Society,2,Scottish Tartans Authority; Weddslist,1/2,no,yes,Scottish Tartans Authority,,,,none,,http://www.tartansauthority.com/tartan-ferret/display/2337/
464,Hallingdal (District),hallingdal-district,G/4 DY2 R4 K24 R4 K4 R4 K4 R26 K4 DY2 R/4,K#101010; R#C80000; G#006818; DY#E8C000;,yes,164,35,Scottish Tartans Society,2,Scottish Tartans Authority; Weddslist,2/2,no,yes,Scottish Tartans Authority,,,,none,,http://www.tartansauthority.com/tartan-ferret/display/1021/
465,Hannay (Clan),hannay-clan,K/18 AW8 K4 AW8 K4 AW60 K18 AW8 BB28 MY/4,K#101010; MY#D09800; AW#E8CCB8; BB#3850C8;,yes,298,35,Scottish Tartans Society,2,Scottish Tartans Authority; Weddslist,1/2,no,yes,Scottish Tartans Authority,,,,none,,http://www.tartansauthority.com/tartan-ferret/display/1255/
466,Harmony (Fashion),harmony-fashion,DB/22 A6 DB8 SW6 DB6 LT8 DB6 B26 LB68 DBG6 LB8 DB/6,A#5C8CA8; LT#A08858; B#2C2C80; LB#2888C4; SW#FCFCFC; DB#202060; DBG#005448;,yes,324,35,Scottish Tartans Society,2,Scottish Tartans Authority; Weddslist,1/2,no,yes,Scottish Tartans Authority,,,,none,,http://www.tartansauthority.com/tartan-ferret/display/31/
467,Harmony Eildon (Dance),harmony-eildon-dance,B/82 A4 W4 A4 B10 LB24 W62 B/8,A#5C8CA8; B#2C2C80; LB#2888C4; W#E0E0E0;,yes,306,35,Scottish Tartans Society,2,Scottish Tartans Authority; Weddslist,1/2,no,yes,Scottish Tartans Authority,,,,none,,http://www.tartansauthority.com/tartan-ferret/display/87/
468,Harrods (Corporate),harrods-corporate,R/4 T6 DT18 LT4 DT10 LT8 W2 T2 W2 T2 W24 K4 W4 T/4,LT#A08858; R#C80000; T#604000; W#E0E0E0; K#101010; DT#441800;,yes,180,35,Scottish Tartans Society,2,Scottish Tartans Authority; Weddslist,1/2,no,yes,Scottish Tartans Authority,,,,none,,http://www.tartansauthority.com/tartan-ferret/display/2551/
469,Henderson Dress (Clan?),henderson-dress-clan,Y/2 K12 G8 K2 WW32 LB2 WW8 LB12 WW/2,Y#E8C000; WW#FCFCFC; K#101010; LB#2888C4; G#006818;,yes,156,35,Scottish Tartans Society,2,Scottish Tartans Authority; Weddslist,1/2,no,yes,Scottish Tartans Authority,,,,none,,http://www.tartansauthority.com/tartan-ferret/display/2549/
470,Hunnisett/Edinchip (Name),hunnisett-edinchip-name,DB/76 W4 DB4 K20 G4 DY4 G44 K6 R6 K6 R/6,R#C80000; W#E0E0E0; G#006818; DY#E8C000; K#101010; DB#202060;,yes,278,35,Scottish Tartans Society,2,Scottish Tartans Authority; Weddslist,2/2,no,yes,Scottish Tartans Authority,,,,none,,http://www.tartansauthority.com/tartan-ferret/display/624/
471,Hynde (Sir John) (Artefact),hynde-sir-john-artefact,G/56 DR4 G56 DR28 LN4 DR28 LN4 DR28 K20 PH12 LN/4,LN#C0C0C0; K#101010; DR#880000; PH#6C0070; G#006818;,yes,428,35,Scottish Tartans Society,2,Scottish Tartans Authority; Weddslist,1/2,no,yes,Scottish Tartans Authority,,,,none,,http://www.tartansauthority.com/tartan-ferret/display/976/
472,Jardine Dress (Clan),jardine-dress-clan,R/26 K2 R6 K2 R6 K20 DW2 B44 DW2 K6 DG64 K/3,DW#B8B8B8; K#101010; R#C80000; B#2C2C80; DG#005030;,yes,337,35,Scottish Tartans Society,2,Scottish Tartans Authority; Weddslist,1/2,no,yes,Scottish Tartans Authority,,,,none,,http://www.tartansauthority.com/tartan-ferret/display/2084/
473,Joss (Clan),joss-clan,R/6 HG2 B4 HG8 B60 K4 B8 K4 B60 HG54 Y6 K6 W/6,R#C80000; B#2C2C80; W#E0E0E0; Y#E8C000; K#101010; HG#285800;,yes,444,35,Scottish Tartans Society,2,Scottish Tartans Authority; Weddslist,2/2,no,yes,Scottish Tartans Authority,,,,none,,http://www.tartansauthority.com/tartan-ferret/display/2598/
474,Jubilation (Commemorative),jubilation-commemorative,RB/4 R22 W26 RB60 W26 RB22 W4 RB/16,R#C80000; RB#1C0070; W#E0E0E0;,yes,340,35,Scottish Tartans Society,2,Scottish Tartans Authority; Weddslist,1/2,no,yes,Scottish Tartans Authority,,,,none,,http://www.tartansauthority.com/tartan-ferret/display/2566/
475,Junior Chamber International (Corp),junior-chamber-international-corp,DR/8 HG32 K32 RB8 HG6 RB24 MY/4,DR#880000; K#101010; MY#D09800; HG#285800; RB#1C0070;,yes,216,35,Scottish Tartans Society,2,Scottish Tartans Authority; Weddslist,1/2,no,yes,Scottish Tartans Authority,,,,none,,http://www.tartansauthority.com/tartan-ferret/display/2331/
476,Kilburnie (Fashion),kilburnie-fashion,B/24 K4 B4 K4 R6 K4 A12 K4 W4 K4 A12 K4 Y4 K4 B12 K4 R/4,A#5C8CA8; R#C80000; B#2C2C80; W#E0E0E0; Y#E8C000; K#101010;,yes,200,35,Scottish Tartans Society,2,Scottish Tartans Authority; Weddslist,2/2,no,yes,Scottish Tartans Authority,,,,none,,http://www.tartansauthority.com/tartan-ferret/display/284/
477,Kilgour (Clan),kilgour-clan,B24 K12 R56 K12 G56 K12 B24 Y4,Y#E8C000; K#101010; R#C80000; B#2C2C80; G#006818;,no,200,35,Scottish Tartans Society,2,Scottish Tartans Authority; Weddslist,1/2,no,yes,Scottish Tartans Authority,,,,none,,http://www.tartansauthority.com/tartan-ferret/display/1979/
478,Kinnaird (Australia) (Name),kinnaird-australia-name,N/66 K8 N8 K10 N8 K14 B82 R/8,K#101010; R#C80000; B#2C2C80; N#888888;,yes,334,35,Scottish Tartans Society,2,Scottish Tartans Authority; Weddslist,1/2,no,yes,Scottish Tartans Authority,,,,none,,http://www.tartansauthority.com/tartan-ferret/display/2242/
479,Loch Lomond (1999) (Fashion),loch-lomond-1999-fashion,DP/8 P30 G20 DP16 DR8 B6 DR6 Y6 DR/56,P#780078; B#2C2C80; G#006818; Y#E8C000; DR#880000; DP#440044;,yes,248,35,Scottish Tartans Society,2,Scottish Tartans Authority; Weddslist,1/2,no,yes,Scottish Tartans Authority,,,,none,,http://www.tartansauthority.com/tartan-ferret/display/2616/
480,MacDuck (Corporate),macduck-corporate,K/4 G16 Y42 K4 R10 K/8,Y#E8C000; K#101010; R#C80000; G#006818;,yes,156,35,Scottish Tartans Society,2,Scottish Tartans Authority; Weddslist,1/2,no,yes,Scottish Tartans Authority,,,,none,,http://www.tartansauthority.com/tartan-ferret/display/1121/
481,"Manx Laxey, Red (District)",manx-laxey-red-district,R/48 DY4 N6 T4 W20 R8 N6 T6 W/4,R#C80000; DY#E8C000; T#604000; W#E0E0E0; N#888888;,yes,160,35,Scottish Tartans Society,2,Scottish Tartans Authority; Weddslist,1/2,no,yes,Scottish Tartans Authority,,,,none,,http://www.tartansauthority.com/tartan-ferret/display/1721/
482,Moran (Name),moran-name,K/8 Y4 K22 S18 K34 G/110,Y#E8C000; K#101010; S#C8002C; G#006818;,yes,274,35,Scottish Tartans Society,2,Scottish Tartans Authority; Weddslist,2/2,no,yes,Scottish Tartans Authority,,,,none,,http://www.tartansauthority.com/tartan-ferret/display/675/
483,Murdoch (Name),murdoch-name,K/8 WR4 NB68 WR68 DB4 Y/8,Y#E8C000; K#101010; DB#202060; NB#003C64; WR#680028;,yes,304,35,Scottish Tartans Society,2,Scottish Tartans Authority; Weddslist,2/2,no,yes,Scottish Tartans Authority,,,,none,,http://www.tartansauthority.com/tartan-ferret/display/2525/
484,Nova Scotia (District),nova-scotia-district,R/2 Y4 G16 LG8 G4 LG4 G4 XB40 CW/4,LG#289C18; R#C80000; Y#E8C000; G#006818; XB#38409C; CW#FCFCFC;,yes,166,35,Scottish Tartans Society,2,Scottish Tartans Authority; Weddslist,2/2,no,yes,Scottish Tartans Authority,,,,none,,http://www.tartansauthority.com/tartan-ferret/display/1713/
485,O'Brien (Name),o-brien-name,WG/12 R6 WG24 SB6 WG4 SB6 WG12 Y4 WG6 Y4 WG12 O/26,WG#408060; SB#A8ACE8; R#C80000; Y#E8C000; O#D87C00;,yes,206,35,Scottish Tartans Society,2,Scottish Tartans Authority; Weddslist,1/2,no,yes,Scottish Tartans Authority,,,,none,,http://www.tartansauthority.com/tartan-ferret/display/2225/
486,O'Farrell (Name),o-farrell-name,W/4 LT28 Y6 K12 W4 K4 W4 K4 G16 LT12 K4 LT6 W/2,Y#E8C000; W#E0E0E0; LT#A08858; K#101010; G#006818;,yes,206,35,Scottish Tartans Society,2,Scottish Tartans Authority; Weddslist,1/2,no,yes,Scottish Tartans Authority,,,,none,,http://www.tartansauthority.com/tartan-ferret/display/1875/
487,O'Keefe (Name),o-keefe-name,K/16 R4 K6 Y4 K4 W6 K4 LT24 TK44 R4 TK4 K/2,LT#A08858; R#C80000; TK#8C7038; W#E0E0E0; Y#E8C000; K#101010;,yes,226,35,Scottish Tartans Society,2,Scottish Tartans Authority; Weddslist,1/2,no,yes,Scottish Tartans Authority,,,,none,,http://www.tartansauthority.com/tartan-ferret/display/1176/
488,O'Neill (Australia) (Name),o-neill-australia-name,G/18 ST40 G80 W/10,G#006818; W#E0E0E0; ST#98481C;,yes,268,35,Scottish Tartans Society,2,Scottish Tartans Authority; Weddslist,1/2,no,yes,Scottish Tartans Authority,,,,none,,http://www.tartansauthority.com/tartan-ferret/display/2464/
489,Otago (District),otago-district,GO/32 K4 GO12 K4 R4 K4 B30 G2 B2 W/4,R#C80000; B#2C2C80; W#E0E0E0; G#006818; GO#BC8C00; K#101010;,yes,160,35,Scottish Tartans Society,2,Scottish Tartans Authority; Weddslist,2/2,no,yes,Scottish Tartans Authority,,,,none,,http://www.tartansauthority.com/tartan-ferret/display/2317/
490,Oxford University Dress (Corporate),oxford-university-dress-corporate,LY/8 RB88 G10 CW4 G4 RB4 G4 S4 RB6 LY/6,S#C8002C; CW#FCFCFC; RB#1C0070; G#006818; LY#C4BC68;,yes,262,35,Scottish Tartans Society,2,Scottish Tartans Authority; Weddslist,1/2,no,yes,Scottish Tartans Authority,,,,none,,http://www.tartansauthority.com/tartan-ferret/display/2653/
491,Peacock (Name),peacock-name,A/80 P12 B28 DY/4,A#5C8CA8; P#780078; B#2C2C80; DY#E8C000;,yes,164,35,Scottish Tartans Society,2,Scottish Tartans Authority; Weddslist,2/2,no,yes,Scottish Tartans Authority,,,,none,,http://www.tartansauthority.com/tartan-ferret/display/2655/
492,Queen of Scots (Commemorative)),queen-of-scots-commemorative,M/32 P16 M2 P16 G4 K6 G2 K6 G/44,P#780078; K#101010; M#901C38; G#006818;,yes,180,35,Scottish Tartans Society,2,Scottish Tartans Authority; Weddslist,2/2,no,yes,Scottish Tartans Authority,,,,none,,http://www.tartansauthority.com/tartan-ferret/display/2627/
493,Rainbow (Fashion),rainbow-fashion,B/36 P36 R36 O36 Y36 LG/72,LG#289C18; B#2C2C80; P#780078; Y#E8C000; R#C80000; O#D87C00;,yes,396,35,Scottish Tartans Society,2,Scottish Tartans Authority; Weddslist,2/2,no,yes,Scottish Tartans Authority,,,,none,,http://www.tartansauthority.com/tartan-ferret/display/2647/
494,Red Remony (Fashion),red-remony-fashion,RB/4 G34 RB4 DR4 RB26 DR4 RB4 DR/34,DR#880000; RB#1C0070; G#006818;,yes,190,35,Scottish Tartans Society,2,Scottish Tartans Authority; Weddslist,1/2,no,yes,Scottish Tartans Authority,,,,none,,http://www.tartansauthority.com/tartan-ferret/display/2235/
495,Salt Lake County (District),salt-lake-county-district,K/8 DWR80 K2 DWR6 K2 W6 K/8,DWR#800028; K#101010; W#E0E0E0;,yes,208,35,Scottish Tartans Society,2,Scottish Tartans Authority; Weddslist,2/2,no,yes,Scottish Tartans Authority,,,,none,,http://www.tartansauthority.com/tartan-ferret/display/2394/
496,Sarna (District),sarna-district,G/14 T4 R2 T4 G4 T4 R2 T22 R10 T4 R2 T4 R4 T4 R2 T/26,R#C80000; T#604000; G#006818;,yes,184,35,Scottish Tartans Society,2,Scottish Tartans Authority; Weddslist,1/2,no,yes,Scottish Tartans Authority,,,,none,,http://www.tartansauthority.com/tartan-ferret/display/2039/
497,Saskatchewan (District),saskatchewan-district,CW/4 K2 G12 T22 GO52 R4 GO2 Y/4,GO#BC8C00; R#C80000; T#604000; G#006818; Y#E8C000; K#101010; CW#FCFCFC;,yes,196,35,Scottish Tartans Society,2,Scottish Tartans Authority; Weddslist,1/2,no,yes,Scottish Tartans Authority,,,,none,,http://www.tartansauthority.com/tartan-ferret/display/1817/
498,Scotland the Brave (Fashion),scotland-the-brave-fashion,DB/12 WW2 DB80 LP2 K24 HG24 LP12 HG4 P4 HG/8,WW#F8F8F8; P#780078; LP#B468AC; K#101010; DB#202060; HG#285800;,yes,324,35,Scottish Tartans Society,2,Scottish Tartans Authority; Weddslist,1/2,no,yes,Scottish Tartans Authority,,,,none,,http://www.tartansauthority.com/tartan-ferret/display/2563/
499,Scotland's Own (Fashion),scotland-s-own-fashion,B/4 P4 B8 K20 B4 K4 B4 P8 K30 B60 ZZ2 B/8,P#780078; K#101010; B#2C2C80; ZZ#808080;,yes,300,35,Scottish Tartans Society,2,Scottish Tartans Authority; Weddslist,1/2,no,yes,Scottish Tartans Authority,,,,none,,http://www.tartansauthority.com/tartan-ferret/display/2592/
500,Scottish Highlander Dress (Fashion),scottish-highlander-dress-fashion,DB/8 N6 M4 N52 DB30 PB6 CW4 PB/52,PB#9058D8; CW#FCFCFC; DB#202060; M#901C38; N#888888;,yes,264,35,Scottish Tartans Society,2,Scottish Tartans Authority; Weddslist,1/2,no,yes,Scottish Tartans Authority,,,,none,,http://www.tartansauthority.com/tartan-ferret/display/2408/
501,Scottish Scouts (1922) (Corporate),scottish-scouts-1922-corporate,DN/22 AK4 DN4 AK4 DN4 AK24 LSB24 AK4 LSB24 AK24 DN22 AK4 DN/4,DN#5C5C5C; AK#1C1C1C; LSB#888888;,yes,310,35,Scottish Tartans Society,2,Scottish Tartans Authority; Weddslist,1/2,no,yes,Scottish Tartans Authority,,,,none,,http://www.tartansauthority.com/tartan-ferret/display/1294/
502,Semple (Name),semple-name,R/8 BL22 K6 BL6 K6 BL8 K30 G72 WW/6,BL#1474B4; WW#FCFCFC; K#101010; R#C80000; G#006818;,yes,314,35,Scottish Tartans Society,2,Scottish Tartans Authority; Weddslist,1/2,no,yes,Scottish Tartans Authority,,,,none,,http://www.tartansauthority.com/tartan-ferret/display/2292/
503,Simple Technology (Corporate),simple-technology-corporate,R/6 G56 B18 DG36 W/6,DG#003820; R#C80000; B#2C2C80; G#006818; W#E0E0E0;,yes,232,35,Scottish Tartans Society,2,Scottish Tartans Authority; Weddslist,2/2,no,yes,Scottish Tartans Authority,,,,none,,http://www.tartansauthority.com/tartan-ferret/display/2320/
504,Skibo (Corporate),skibo-corporate,R/4 GN46 B22 BL44 R/4,BL#1474B4; GN#406054; R#C80000; B#2C2C80;,yes,232,35,Scottish Tartans Society,2,Scottish Tartans Authority; Weddslist,1/2,no,yes,Scottish Tartans Authority,,,,none,,http://www.tartansauthority.com/tartan-ferret/display/2550/
505,Southwick (Name),southwick-name,R/4 K2 CW4 K20 LN8 K4 LN8 K4 LN8 K4 LN20 K10 R4 K4 G4 CW10 G4 K24 R/4,LN#C0C0C0; K#101010; R#C80000; CW#FCFCFC; G#006818;,yes,292,35,Scottish Tartans Society,2,Scottish Tartans Authority; Weddslist,2/2,no,yes,Scottish Tartans Authority,,,,none,,http://www.tartansauthority.com/tartan-ferret/display/2642/
506,Stewart Ancient (Fashion),stewart-ancient-fashion,DB/17 G4 K4 G4 DB17 R6 K12 R4 K12 R6 G17 K4 DB2 K4 G/17,K#101010; R#C80000; DB#1C1C50; G#006818;,yes,226,35,Scottish Tartans Society,2,Scottish Tartans Authority; Weddslist,1/2,no,yes,Scottish Tartans Authority,,,,none,,http://www.tartansauthority.com/tartan-ferret/display/159/
507,Stirling & Bannockburn Dress (Dist),stirling-bannockburn-dress-dist,R/10 W56 R10 LSB6 R10 K42 R10 LSB56 W6 Y/10,Y#E8C000; K#101010; R#C80000; LSB#98C8E8; W#E0E0E0;,yes,412,35,Scottish Tartans Society,2,Scottish Tartans Authority; Weddslist,1/2,no,yes,Scottish Tartans Authority,,,,none,,http://www.tartansauthority.com/tartan-ferret/display/1705/
508,Strange of Balcaskie (Clan),strange-of-balcaskie-clan,G/64 T14 G14 T32 B64 Y6 T/16,Y#E8C000; B#2C2C80; T#604000; G#006818;,yes,340,35,Scottish Tartans Society,2,Scottish Tartans Authority; Weddslist,1/2,no,yes,Scottish Tartans Authority,,,,none,,http://www.tartansauthority.com/tartan-ferret/display/2259/
509,Suffolk County Police (Corporate),suffolk-county-police-corporate,B/148 R12 K24 Y6 K6 W6 R32 B16 K6 R8 W/6,Y#E8C000; B#2C2C80; R#C80000; K#101010; W#E0E0E0;,yes,386,35,Scottish Tartans Society,2,Scottish Tartans Authority; Weddslist,1/2,no,yes,Scottish Tartans Authority,,,,none,,http://www.tartansauthority.com/tartan-ferret/display/2461/
510,Tennant (Clan),tennant-clan,R/4 DT28 BL28 K28 G28 DT28 R/4,BL#1474B4; DT#604000; R#C80000; K#101010; G#006818;,yes,288,35,Scottish Tartans Society,2,Scottish Tartans Authority; Weddslist,1/2,no,yes,Scottish Tartans Authority,,,,none,,http://www.tartansauthority.com/tartan-ferret/display/1653/
511,Tokyo Bluebells (Corporate),tokyo-bluebells-corporate,BL/72 R4 BL4 R4 BL4 K28 BL52 W/8,BL#1474B4; K#101010; R#C80000; W#E0E0E0;,yes,272,35,Scottish Tartans Society,2,Scottish Tartans Authority; Weddslist,1/2,no,yes,Scottish Tartans Authority,,,,none,,http://www.tartansauthority.com/tartan-ferret/display/2538/
512,Unidentified Fisherwife's Plaid,unidentified-fisherwife-s-plaid,R/8 W4 R48 A18 R28 A2 W/160,R#DC0000 RED; W#E0E0E0 WHITE; A#3C82AF BLUE;,yes,368,35,Other,2,Scottish Register of Tartans; Weddslist,2/2,no,yes,Scottish Register of Tartans,,,1692.0,none,,https://www.tartanregister.gov.uk/tartanDetails.aspx?ref=4293
513,Unidentified Lady's kilt,unidentified-lady-s-kilt,B/78 T6 K28 T6 A28 Y8 W4 DT/4,B#2C4084 BLUE; T#503C14 BROWN; K#101010 BLACK; A#3C82AF BLUE; Y#E8C000 YELLOW; W#E0E0E0 WHITE; DT#2A2303 BROWN;,yes,242,35,Other,2,Scottish Register of Tartans; Weddslist,1/2,no,yes,Scottish Register of Tartans,,,609.0,none,,https://www.tartanregister.gov.uk/tartanDetails.aspx?ref=4302
514,United States (Corporate),united-states-corporate,BL/7 DB5 SW6 DB5 R7 DB2 BL2 DB70 SW/2,BL#1474B4; DB#202060; R#C80000; SW#FCFCFC;,yes,203,35,Scottish Tartans Society,2,Scottish Tartans Authority; Weddslist,1/2,no,yes,Scottish Tartans Authority,,,,none,,http://www.tartansauthority.com/tartan-ferret/display/2126/
515,Wagland (Name),wagland-name,R/6 B12 Y4 B30 G24 HG78 W/6,B#2C2C80; W#E0E0E0; G#006818; Y#E8C000; R#C80000; HG#285800;,yes,308,35,Scottish Tartans Society,2,Scottish Tartans Authority; Weddslist,1/2,no,yes,Scottish Tartans Authority,,,,none,,http://www.tartansauthority.com/tartan-ferret/display/2470/
516,Wallace Dress (Clan),wallace-dress-clan,K/28 WW24 K4 WW/24,WW#FCFCFC; K#101010;,yes,108,35,Scottish Tartans Society,2,Scottish Tartans Authority; Weddslist,2/2,no,yes,Scottish Tartans Authority,,,,none,,http://www.tartansauthority.com/tartan-ferret/display/1251/
517,Weisfeld (Name),weisfeld-name,K/12 B6 AG56 W2 DB56 B4 W/6,K#101010; B#2C2C80; DB#202060; AG#00643C; W#E0E0E0;,yes,266,35,Scottish Tartans Society,2,Scottish Tartans Authority; Weddslist,2/2,no,yes,Scottish Tartans Authority,,,,none,,http://www.tartansauthority.com/tartan-ferret/display/2617/
518,Welsh Assembly (Fashion),welsh-assembly-fashion,G/10 N18 G8 W10 G60 XR4 G8 XR/4,XR#C80000; G#006818; W#E0E0E0; N#888888;,yes,230,35,Scottish Tartans Society,2,Scottish Tartans Authority; Weddslist,2/2,no,yes,Scottish Tartans Authority,,,,none,,http://www.tartansauthority.com/tartan-ferret/display/2524/
519,Wilson's No.221,wilson-s-no-221,A/2 B28 R4 K28 G28 R/2,A#3C82AF BLUE; B#2C4084 BLUE; R#DC0000 RED; K#101010 BLACK; G#005020 MOD GREEN;,yes,180,35,Other,2,Scottish Register of Tartans; Weddslist,2/2,no,yes,Scottish Register of Tartans,,,76.0,none,,https://www.tartanregister.gov.uk/tartanDetails.aspx?ref=4749
520,"Wilson, Janet (1780 Original)",wilson-janet-1780-original,DP/60 W4 A6 HG6 A6 HG6 A6 HG32 R6 HG6 R6 HG6 R6 HG6 R6 HG50 R30 HG8 A8 R16 W4 R/30,A#5C8CA8; R#C80000; DP#440044; W#E0E0E0; HG#285800;,yes,538,35,Scottish Tartans Society,2,Scottish Tartans Authority; Weddslist,1/2,no,yes,Scottish Tartans Authority,,,,none,,http://www.tartansauthority.com/tartan-ferret/display/625/
521,Accenture,accenture,W/6 B50 P42 N6 G42 R4 G4 B8 N2 P/6,B#2C2C80 BLUE; P#780078 PURPLE; G#006818 GREEN; R#C80000 RED; W#E0E0E0 WHITE; N#888888 GRAY;,yes,328,32,Corporate,2,Scottish Register of Tartans; Scottish Tartans Authority,2/2,no,no,Scottish Register of Tartans,"Yellowley, Heather",01/02/2008,,weaver_note,Yes. A corporate tartan for Accenture.,https://www.tartanregister.gov.uk/tartanDetails.aspx?ref=5564
522,Allied Facenna,allied-facenna,MB34 NB34 DB6 NB6 DB6 NB6 DB38 NB6 DB6 NB6 DB6 NB34 MB34 LB6 MB34 NB34 DB34 NB6 DB6 NB6 DB34 NB34 MB34 Y6,MB#759B84 MBLUE; NB#000033 NAVY BLUE; DB#00009C MIDNIGHT BLUE; Y#FBEC5D GOLD; LB#5B90F6 LIGHT BLUE;,no,456,32,Corporate,2,Scottish Register of Tartans; Scottish Tartans Authority,1/2,no,no,Scottish Register of Tartans,"Stewart, Annie",05/10/2010,,weaver_note,Yes. This tartan can only be woven by ANTA Scotland Ltd.Registered with Annie Stewart 2010 Copyright ANTA Scotland Ltd,https://www.tartanregister.gov.uk/tartanDetails.aspx?ref=10443
523,Angle Blue,angle-blue,AW/4 AL44 K24 AL12 AW4 AL4 AW/4,AW#E8CCB8 ANC WHITE; AL#48A4C0 ANDERSON BLUE; K#101010 BLACK;,yes,184,32,Fashion,2,Scottish Register of Tartans; Scottish Tartans Authority,2/2,no,no,Scottish Register of Tartans,"Dalgliesh, D C",,,weaver_note,Yes. Prepared for weaving by D C Dalgliesh Ltd.,https://www.tartanregister.gov.uk/tartanDetails.aspx?ref=4882
524,Angle Dress,angle-dress,K/20 WG32 GO20 WG12 GO/20,K#101010 BLACK; GO#BC8C00 DARK GOLD; WG#408060 WTHRD GREEN;,yes,168,32,Fashion,2,Scottish Register of Tartans; Scottish Tartans Authority,2/2,no,no,Scottish Register of Tartans,"Dalgliesh, D C",,,weaver_note,Yes. Prepared for weaving by D C Dalgliesh Ltd.,https://www.tartanregister.gov.uk/tartanDetails.aspx?ref=5266
525,Angle Green,angle-green,GO/4 HG44 K24 HG12 GO4 HG4 GO/4,K#101010 BLACK; GO#BC8C00 DARK GOLD; HG#285800 HUNTING GREEN;,yes,184,32,Fashion,2,Scottish Register of Tartans; Scottish Tartans Authority,2/2,no,no,Scottish Register of Tartans,"Dalgliesh, D C",,,weaver_note,Yes. Prepared for weaving by D C Dalgliesh Ltd.,https://www.tartanregister.gov.uk/tartanDetails.aspx?ref=5264
526,Anglicare,anglicare,B/12 W4 B4 K12 RB12 K4 RB8 B12 LB12 W11 R4 W/8,W#FFFFFF WHITE; R#FF0000 RED; LB#82CFFD LIGHT BLUE; B#0000CD BLUE; RB#000080 DARK BLUE; K#101010 BLACK;,yes,186,32,Corporate,2,Scottish Register of Tartans; Scottish Tartans Authority,1/2,no,no,Scottish Register of Tartans,"Johnston, Betty",20/08/2011,,weaver_note,Yes. The tartan can only be purchased from the Anglicare organisation who have created the tartan to raise funds.Marton Mills and Ingles Buchan have been approved to weave this tartan.,https://www.tartanregister.gov.uk/tartanDetails.aspx?ref=10485
527,Ar Lenn Vor,ar-lenn-vor,B/15 Y30 W30 K20 W20 K15 W10 Y4 B94 W4 LR/10,B#0000FF BLUE; Y#FCCC00 YELLOW; W#FFFFFF WHITE; K#101010 BLACK; LR#E87878 LIGHT RED;,yes,479,32,Fashion,2,Scottish Register of Tartans; Scottish Tartans Authority,1/2,no,no,Scottish Register of Tartans,"Halmel, Jean-Marie",02/01/2015,,weaver_note,Yes. Permission to weave this tartan must be granted from the designer.,https://www.tartanregister.gov.uk/tartanDetails.aspx?ref=11207
528,"Asheville Firefighters, The",asheville-firefighters-the,G/4 B12 R10 Y4 G48 K/17,K#101010 BLACK; G#004028 GREEN; Y#FFE600 YELLOW; R#C80000 RED; B#A8ACE8 BLUE;,yes,169,32,Corporate,2,Scottish Register of Tartans; Scottish Tartans Authority,1/2,no,no,Scottish Register of Tartans,"House, David",01/10/2011,,weaver_note,Yes. This tartan is intended for use by the Asheville Firefighter Pipes and Drums. Others wishing to use it should seek permission from the Asheville Firefighters Pipes and Drums.,https://www.tartanregister.gov.uk/tartanDetails.aspx?ref=10866
529,Australian Heavy Horse,australian-heavy-horse,LN/8 G4 LN36 K4 DN10 DT32 W4 DN4 MT4 LN/8,LN#817D8C LIGHT GREY; DN#676278 DARK GREY; K#101010 BLACK; DT#4F2817 DARK BROWN; W#FFFFFF WHITE; G#2B6072 GREEN; MT#B98A76 MID TAN;,yes,212,32,Fashion,2,Scottish Register of Tartans; Scottish Tartans Authority,1/2,no,no,Scottish Register of Tartans,"Lawson, FJ, of Crofter's Weaving Mill",30/07/2009,,weaver_note,Yes. Permission is required from the designer to weave this tartan.,https://www.tartanregister.gov.uk/tartanDetails.aspx?ref=10136
530,Bagpipe Shop (Switzerland),bagpipe-shop-switzerland,DN/100 W30 LN30 G10 R/10,DN#646464 DARK GREY; W#F8F4D0 AM BEIGE; LN#A4A8A8 LIGHT GREY; G#4CA412 GREEN; R#FF0000 RED;,yes,250,32,Corporate,2,Scottish Register of Tartans; Scottish Tartans Authority,1/2,no,no,Scottish Register of Tartans,"Irman, Nicole",22/01/2013,,weaver_note,"Yes. By request from Bagpipe Shop in SwitzerlandOnly to be woven by House of Edgar, a division of Macnaughton Holdings in Perth.",https://www.tartanregister.gov.uk/tartanDetails.aspx?ref=10773
531,Bedford Academy,bedford-academy,N/8 DB42 N8 DB4 B16 DB4 N70 Y8 N/16,N#707070 GREY; DB#000080 DARK BLUE; B#86C3E3 BLUE; Y#EEC327 YELLOW;,yes,328,32,Corporate,2,Scottish Register of Tartans; Scottish Tartans Authority,1/2,no,no,Scottish Register of Tartans,Groganshaell Design (www.groganshaelldesign.com),01/05/2009,,weaver_note,Yes. A corporate tartan to be used by and for the Bedford Academy.,https://www.tartanregister.gov.uk/tartanDetails.aspx?ref=10226
532,Berry Tribute,berry-tribute,G/86 P6 T6 P4 T8 R6 LG4 G26 LG4 T18 G2 LT/4,G#005020 GREEN; P#64008C PURPLE; T#98481C BROWN; R#C8002C RED; LG#408060 LIGHT GREEN; LT#A08858 LIGHT BROWN;,yes,258,32,Fashion,2,Scottish Register of Tartans; Scottish Tartans Authority,1/2,no,no,Scottish Register of Tartans,"Amyot, Robert & Chrystel",25/01/2015,,weaver_note,Yes. Permission must be sought from the designers to weave this tartan.,https://www.tartanregister.gov.uk/tartanDetails.aspx?ref=11226
533,Billy Apple® Yellow,billy-apple-yellow,G/6 K48 Y78 R/6,R#DC0000 RED; Y#FFE600 YELLOW; K#101010 BLACK; G#006818 GREEN;,yes,264,32,Corporate,2,Scottish Register of Tartans; Scottish Tartans Authority,2/2,no,no,Scottish Register of Tartans,Apple & Morrison,27/09/2013,,weaver_note,"Yes. This tartan will be available to family and art collectors. Otherwise, please contact: Mary Morrison, Director Billy Apple® Archive 20 George Street Auckland 1024 new Zealand +649 623 3550 Email: mary@billyapple.comDeveloped for weaving by Robin Elliot, Andrew Elliot (Fine Fabrics) Ltd, Forest Mill, Dunsdale Road, Selkirk TD7 5EA Tel: +44 (0) 1750 720412, Email: enquiries@elliot-weave.co.uk www.elliot-weave.co.uk",https://www.tartanregister.gov.uk/tartanDetails.aspx?ref=11180
534,Blue Pride,blue-pride,B/76 K8 B4 G12 P22 DB6 P4 LR4 B22 K2 W/4,W#FCFCFC WHITE; K#101010 BLACK; B#3850C3 BLUE; LR#EC34C4 LIGHT RED; P#9058D8 PURPLE; DB#141E46 DARK BLUE; G#00643C GREEN;,yes,248,32,Fashion,2,Scottish Register of Tartans; Scottish Tartans Authority,1/2,no,no,Scottish Register of Tartans,"Teviotdale, Gemma",28/04/2014,,weaver_note,"Yes. Prepared for weaving by The House of Edgar, a division of Mcnaughton Holdings Ltd.",https://www.tartanregister.gov.uk/tartanDetails.aspx?ref=11054
535,Boxer Beauty,boxer-beauty,K/26 W36 K36 T56 Y26 T56 K/26,K#101010 BLACK; W#FFFFFF WHITE; Y#CC7F32 GOLD; T#603800 BROWN;,yes,472,32,Fashion,2,Scottish Register of Tartans; Scottish Tartans Authority,2/2,no,no,Scottish Register of Tartans,"Brenchley, Amanda",14/09/2013,,weaver_note,Yes. Anyone wishing to use this sett for commercial purposes should contact the designer first.,https://www.tartanregister.gov.uk/tartanDetails.aspx?ref=10914
536,Bronte House Check,bronte-house-check,LR/10 T60 B13 W24 B24 T/8,LR#FC0FC0 PINK; T#6B380D BROWN; B#2C294F NAVY; W#D4AD7D CREAM;,yes,260,32,Fashion,2,Scottish Register of Tartans; Scottish Tartans Authority,1/2,no,no,Scottish Register of Tartans,"Bradley-Gill, Holly",09/12/2011,,weaver_note,Yes. Only to be woven by Abraham Moon & Sons Ltd.,https://www.tartanregister.gov.uk/tartanDetails.aspx?ref=10815
537,"Broons, The (DC Thomson)",broons-the-dc-thomson,K/2 OT50 OG38 DY2 T14 DY2 OG16 K2 R/6,K#101010 BLACK; OT#8B6508 OLIVE BROWN; OG#556B2F OLIVE GREEN; DY#FFD700 GOLD; T#603311 BROWN; R#FF0000 RED;,yes,256,32,Corporate,2,Scottish Register of Tartans; Scottish Tartans Authority,1/2,no,no,Scottish Register of Tartans,"Wilton, Brian",11/10/2010,,weaver_note,Yes. Only to be woven by weavers approved by D C Thomson.,https://www.tartanregister.gov.uk/tartanDetails.aspx?ref=10357
538,Bruce of Kinnaird Dress (Dance),bruce-of-kinnaird-dress-dance,W/4 P24 B16 K20 Y2 K4 W16 K4 R18 W/90,R#C80000 RED; Y#E8C000 YELLOW; K#101010 BLACK; B#2C2C80 BLUE; P#780078 PURPLE; W#F8F8F8 WILSON WHITE;,yes,302,32,Fashion,2,Scottish Register of Tartans; Scottish Tartans Authority,2/2,no,no,Scottish Register of Tartans,"Dalgliesh, D C",01/01/2005,,weaver_note,Yes. Prepared for weaving by D C Dalgliesh Ltd.,https://www.tartanregister.gov.uk/tartanDetails.aspx?ref=404
539,Caitriot,caitriot,W/6 B4 DN26 DB32 B28 N16 DN28 B4 W/6,W#FFFFFF WHITE; B#5F749C BLUE; DB#000048 DARK BLUE; N#A0A0A0 GREY; DN#505050 DARK GREY;,yes,288,32,Corporate,2,Scottish Register of Tartans; Scottish Tartans Authority,2/2,no,no,Scottish Register of Tartans,"Targove, Susan",01/08/2014,,weaver_note,Yes. This tartan may not be woven or re-produced without the express written permission from Caitrionation.,https://www.tartanregister.gov.uk/tartanDetails.aspx?ref=11111
540,Caledonian Labrador Retrievers,caledonian-labrador-retrievers,P/42 LG8 T10 LG8 P10 K42 G42 Y/10,G#00643C GREEN; K#101010 BLACK; P#9C68A4 PURPLE; LG#86C67C LIGHT GREEN; T#441800 BROWN; Y#E0A126 YELLOW;,yes,292,32,Fashion,2,Scottish Register of Tartans; Scottish Tartans Authority,1/2,no,no,Scottish Register of Tartans,"Givan, Maurice",10/03/2005,,weaver_note,"Yes. Intended for Scottish Labrador enthusiasts.Prepared for weaving by Andrew Elliot Ltd of Selkirk.Decisions regarding the manufacture, design, production, sale and advertisement of The Caledonian Labrador Retrievers Tartan will be referred to the registrant.",https://www.tartanregister.gov.uk/tartanDetails.aspx?ref=11077
541,Canfor,canfor,R/124 DR2 R12 DR18 N4 K4 DR18 W12 N2 W12 N40 W/4,R#DD072F RED; DR#A90725 DARK RED; N#757778 GREY; K#101010 BLACK; W#FFFFFF WHITE;,yes,376,32,Corporate,2,Scottish Register of Tartans; Scottish Tartans Authority,1/2,no,no,Scottish Register of Tartans,"Helm, Janet",01/02/2013,,weaver_note,Yes. This tartan is only to be used or produced with the designer's permission.,https://www.tartanregister.gov.uk/tartanDetails.aspx?ref=10786
542,Cape Breton Polish Society,cape-breton-polish-society,K/4 W42 R10 G16 Y6 K2 N10 K2 R56 W/6,W#F8F8F8 WHITE; R#FF0000 RED; K#000000 BLACK; N#A0A0A0 GREY; Y#E0A126 YELLOW; G#005020 GREEN;,yes,298,32,Corporate,2,Scottish Register of Tartans; Scottish Tartans Authority,1/2,no,no,Scottish Register of Tartans,"Lloy, Deana",,,weaver_note,"Yes. Written authorisation to wear/use this must be sought from the Parish Council St. Mary's Polish Parish, Sydney, Nova Scotia.Prepared for weaving by Lochcarron of Scotland.",https://www.tartanregister.gov.uk/tartanDetails.aspx?ref=11244
543,Celtic Norse Heritage Society,celtic-norse-heritage-society,N/60 K6 B18 G18 Y/6,K#101010 BLACK; N#888888 GREY; Y#FFE600 YELLOW; G#289C18 GREEN; B#00008C BLUE;,yes,150,32,Corporate,2,Scottish Register of Tartans; Scottish Tartans Authority,1/2,no,no,Scottish Register of Tartans,"Horvath, Chris",17/03/2014,,weaver_note,Yes. Permission to weave this tartan must be granted by the Board of Directors of Celtic Norse Heritage Society.,https://www.tartanregister.gov.uk/tartanDetails.aspx?ref=11093
544,Christmas,christmas,DG/2 R30 G8 DG34 Y/4,DG#0E3923 DARK GREEN; G#207449 GREEN; R#BB001A RED; Y#E3B235 YELLOW;,yes,150,32,Fashion,2,Scottish Register of Tartans; Scottish Tartans Authority,1/2,no,no,Scottish Register of Tartans,"Murison-McGowan, Ina",25/12/2011,,weaver_note,"Yes. Woven by Tartans 4 Africa, South Africa.Copyright held by Tartans4Africa.",https://www.tartanregister.gov.uk/tartanDetails.aspx?ref=10554
545,Clarks No.1,clarks-no-1,DB/10 A4 DB22 G4 DB4 G12 R34 Y18 DB2 R/2,R#A73E1D ANCIENT SCARLET; DB#32485C SLATE BLUE; Y#B07D0F GOLD; G#5E633E BAILIES GREEN; A#6D8399 AZURE;,yes,212,32,Fashion,2,Scottish Register of Tartans; Scottish Tartans Authority,1/2,no,no,Scottish Register of Tartans,"Brown, Jonathan",17/08/2012,,weaver_note,Yes. Only to be woven by Strathmore Woollen Co Ltd in Wool Quality.,https://www.tartanregister.gov.uk/tartanDetails.aspx?ref=10678
546,Colonial Marine (Aliens Legacy),colonial-marine-aliens-legacy,G/112 T26 Y26 N/10,G#008B45 ROSS GREEN; T#5C4033 UMBER BROWN; Y#FFC125 GOLD; N#E6E6FA MORNING GREY;,yes,226,32,Corporate,2,Scottish Register of Tartans; Scottish Tartans Authority,1/2,no,no,Scottish Register of Tartans,"Krook III, Russ",25/07/2011,,weaver_note,"Yes. Only to be worn by USCM/UKCM members in good standing. All others, please contact the designer for authorisation.",https://www.tartanregister.gov.uk/tartanDetails.aspx?ref=10487
547,Coppa Romana (Switzerland),coppa-romana-switzerland,K/34 Y4 K4 Y4 K18 LN22 K4 LN22 K40 Y/4,K#101010 BLACK; Y#F9BC17 YELLOW; LN#DFD9CA LIGHT GREY;,yes,274,32,Corporate,2,Scottish Register of Tartans; Scottish Tartans Authority,2/2,no,no,Scottish Register of Tartans,House of Edgar/Kilts & More,01/01/2013,,weaver_note,"Yes. Only to be woven by House of Edgar, Perth, Scotland.",https://www.tartanregister.gov.uk/tartanDetails.aspx?ref=10804
548,Delta Lambda Phi,delta-lambda-phi,Y/4 K2 G60 W2 G6 W2 G6 W2 G40 Y12 K2 Y/10,Y#FFCC33 GOLD; K#101010 BLACK; G#006400 GREEN; W#FFFFFF WHITE;,yes,282,32,Corporate,2,Scottish Register of Tartans; Scottish Tartans Authority,1/2,no,no,Scottish Register of Tartans,Quigley/Dick,17/07/2011,,weaver_note,Yes. This tartan is intended for use and wear by Brothers and Alumni of Delta Lambda Phi Social Fraternity in accordance with the Fraternity's National By-Laws.,https://www.tartanregister.gov.uk/tartanDetails.aspx?ref=10511
549,Doon Valley Crafters,doon-valley-crafters,LB/6 K2 G20 K14 B20 G4 B4 G4 B20 K14 G20 K2 Y/6,G#006400 GREEN; K#101010 BLACK; B#0000CD BLUE; LB#C8D3FA LIGHT BLUE; Y#FFD200 YELLOW;,yes,260,32,Corporate,2,Scottish Register of Tartans; Scottish Tartans Authority,1/2,no,no,Scottish Register of Tartans,"Stevenson, Dale",01/10/2012,,weaver_note,Yes. Prepared for weaving by Doon Valley Crafters.,https://www.tartanregister.gov.uk/tartanDetails.aspx?ref=10806
550,DunBroch,dunbroch,DB/8 LB16 K4 LB10 LN4 LB10 DG16 DR14 DG4 DR14 DG/6,DB#483D8B DARK BLUE; LB#539DC2 LIGHT BLUE; K#101010 BLACK; LN#E1CDB2 LIGHT GREY; DG#00572B DARK GREEN; DR#700038 DARK RED;,yes,198,32,Corporate,2,Scottish Register of Tartans; Scottish Tartans Authority,1/2,no,no,Scottish Register of Tartans,Disney/Pixar,13/12/2011,,weaver_note,Yes. For corporate use by Disney/Pixar,https://www.tartanregister.gov.uk/tartanDetails.aspx?ref=10641
551,Earl of St. Andrews Dress,earl-of-st-andrews-dress,WW/40 NB28 OX28 WW8 RB4 A4 OX/14,NB#003478 MUTED BLUE; OX#3C3C64 REPRO BLUE; RB#000064 NAVY; A#6478B0 REPRO AZURE; WW#F8F8F8 WILSON WHITE;,yes,198,32,Fashion,2,Scottish Register of Tartans; Scottish Tartans Authority,1/2,no,no,Scottish Register of Tartans,"Dalgliesh, D C",01/01/2002,,weaver_note,Yes. Prepared for weaving by D C Dalgliesh Ltd.,https://www.tartanregister.gov.uk/tartanDetails.aspx?ref=1064
552,East Carolina University,east-carolina-university,P/26 W4 P16 K10 Y20 P150 Y/6,P#AA00FF PURPLE; W#FFFFFF WHITE; K#101010 BLACK; Y#FFE700 GOLD;,yes,432,32,Corporate,2,Scottish Register of Tartans; Scottish Tartans Authority,1/2,no,no,Scottish Register of Tartans,"Chen, Runying (College of Human Ecology)",01/11/2010,,weaver_note,Yes. The East Carolina University Tartan may not be woven or produced in any form without written permission from the Dean of the College of Human Ecology at East Carolina University.,https://www.tartanregister.gov.uk/tartanDetails.aspx?ref=10516
553,Eastern Kentucky University,eastern-kentucky-university,K/10 R30 K24 W8 N18 R/30,K#101010 BLACK; R#C80000 RED; W#FFFFFF WHITE; N#888888 GREY;,yes,200,32,Corporate,2,Scottish Register of Tartans; Scottish Tartans Authority,2/2,no,no,Scottish Register of Tartans,"Rector, Hensley",01/04/2014,,weaver_note,"Yes. This tartan may not be woven or produced in any form without written permission from: Associate Vice President for Public Relations and Marketing Eastern Kentucky University 521 Lancaster Ave. Richmond, Kentucky 40475 and can only be produced under licence.The design right for the Eastern Kentucky University Tartan is held by Eastern Kentucky University under the U.S. Copyright Act- 17 U.S.C. Formal registration is pending.",https://www.tartanregister.gov.uk/tartanDetails.aspx?ref=11069
554,Einigkeit,einigkeit,Y/4 K70 R4 K8 R8 K8 R20 Y4 K4 Y/12,K#000000 BLACK; R#FF0000 RED; Y#FFCC00 YELLOW;,yes,268,32,Fashion,2,Scottish Register of Tartans; Scottish Tartans Authority,2/2,no,no,Scottish Register of Tartans,"Kruenaegel-Schropp, Doris Maria",19/10/2013,,weaver_note,Yes. As the colour codes refer to the flag colour guideline published by the German government any weaving should consider this.,https://www.tartanregister.gov.uk/tartanDetails.aspx?ref=10949
555,Entrepreneurial Spark,entrepreneurial-spark,G/2 K62 W18 K12 O8 W16 O6 K/28,K#101010 BLACK; W#F0E0C8 WHITE; O#D87C00 ORANGE; G#006818 GREEN;,yes,274,32,Corporate,2,Scottish Register of Tartans; Scottish Tartans Authority,1/2,no,no,Scottish Register of Tartans,"Dalgetty & Papadakis, Tartan Connections Ltd",13/11/2013,,weaver_note,"Yes. This tartan is for corporate use only.Consent to weave this tartan must be sought from Professor Jim Duffy, Entrepreneurial Spark, Lawmoor Street, Glasgow G50US Tel: 0141-418-9120",https://www.tartanregister.gov.uk/tartanDetails.aspx?ref=10996
556,Fair Trade,fair-trade,K/16 B4 K4 B48 K16 W4 K2 W4 K8 W4 K2 W4 K16 G32 K/8,K#101010 BLACK; B#0596FA BLUE; W#FFFFFF WHITE; G#289C18 GREEN;,yes,320,32,Fashion,2,Scottish Register of Tartans; Scottish Tartans Authority,1/2,no,no,Scottish Register of Tartans,"McGill, David",19/11/2013,,weaver_note,"Yes. Only to be worn/used with the designer's express written permission.UK Registered design #4033483 (21 Dec 2013) in application to repeated surface pattern for textile, clothing, fashion accessories/paper products.",https://www.tartanregister.gov.uk/tartanDetails.aspx?ref=10980
557,George Watson's College,george-watson-s-college,LB/6 DR48 Y6 G24 WW6 G24 R/6,LB#2888C4 LIGHT BLUE; DR#880000 DARK RED; WW#FCFCFC WILSON WHITE; G#006818 GREEN; Y#E8C000 YELLOW; R#C80000 RED;,yes,228,32,Corporate,2,Scottish Register of Tartans; Scottish Tartans Authority,2/2,no,no,Scottish Register of Tartans,"Dalgliesh, D C",01/01/1997,,weaver_note,Yes. Prepared for weaving by D C Dalgliesh Ltd.,https://www.tartanregister.gov.uk/tartanDetails.aspx?ref=1332
558,Glasgow Dress (Dance),glasgow-dress-dance,LN/6 N6 WW30 DR36 LN30 DR6 N/32,DR#880000 DARK RED; LN#C0C0C0 LIGHT GREY; N#888888 GREY; WW#FCFCFC WILSON WHITE;,yes,254,32,Fashion,2,Scottish Register of Tartans; Scottish Tartans Authority,2/2,no,no,Scottish Register of Tartans,"Dalgliesh, D C",01/01/1984,,weaver_note,Yes. Prepared for weaving by D C Dalgliesh Ltd.,https://www.tartanregister.gov.uk/tartanDetails.aspx?ref=1356
559,Glen Nevis #2 (Personal),glen-nevis-2-personal,AY/4 E36 DT4 E12 K12 TK12 K12 TK8 AY4 TK4 AY4 TK/56,AY#DC943C ANC YELLOW; K#101010 BLACK; DT#441800 DARK BROWN; E#4C3428 DRAB; TK#8C7038 KHAKI;,yes,276,32,Fashion,2,Scottish Register of Tartans; Scottish Tartans Authority,2/2,no,no,Scottish Register of Tartans,"Robson-Bell, Dawn",01/02/1997,2372.0,weaver_note,Yes.,https://www.tartanregister.gov.uk/tartanDetails.aspx?ref=1390
560,Gleneagles USA (Dalgleish),gleneagles-usa-dalgleish,G/8 LN62 G14 DR28 G22 DR/6,DR#880000 DARK RED; G#006818 GREEN; LN#C0C0C0 LIGHT GREY;,yes,266,32,Corporate,2,Scottish Register of Tartans; Scottish Tartans Authority,2/2,no,no,Scottish Register of Tartans,"Dalgliesh, D C",01/01/2002,,weaver_note,Yes. Prepared for weaving by D C Dalgliesh Ltd.,https://www.tartanregister.gov.uk/tartanDetails.aspx?ref=1413
561,Greenock,greenock,Y/4 B34 R4 K32 G34 K4 G/4,G#006818 GREEN; R#C80000 RED; K#101010 BLACK; B#2C2C80 BLUE; Y#E8C000 YELLOW;,yes,224,32,Fashion,2,Scottish Register of Tartans; Scottish Tartans Authority,2/2,no,no,Scottish Register of Tartans,Sandberg of Greenock,01/03/2006,,weaver_note,Yes. For anyone associated with the area of Greenock.,https://www.tartanregister.gov.uk/tartanDetails.aspx?ref=1529
562,Guildry of Stirling,guildry-of-stirling,G/36 K6 G6 K6 G6 K42 BG4 K42 G42 K/8,K#101010 BLACK; BG#3C6838 BRIGHTER GREEN; G#005014 GREEN;,yes,352,32,Corporate,2,Scottish Register of Tartans; Scottish Tartans Authority,1/2,no,no,Scottish Register of Tartans,"Iffla, Dean Robin",13/08/2013,,weaver_note,"Yes. Intended for the sole use of Guildry Brethren (past, present & future) and those associated with the Guildry of Stirling. Permission to weave should be sought from the incumbent Dean of The Guildry of Stirling.",https://www.tartanregister.gov.uk/tartanDetails.aspx?ref=10897
563,Hammarby Football Club,hammarby-football-club,K/2 MY4 K2 G44 LN4 G4 LN4 G4 LN4 G4 LN4 K36 MY4 K/2,K#101010 BLACK; G#006818 GREEN; LN#C0C0C0 LIGHT GRAY; MY#D09800 M YELLOW;,yes,240,32,Corporate,2,Scottish Register of Tartans; Scottish Tartans Authority,2/2,no,no,Scottish Register of Tartans,Gillion/Nieminen,01/01/1999,2661.0,weaver_note,Yes. Prepared for weaving by Strathmore Woollen Company Ltd.,https://www.tartanregister.gov.uk/tartanDetails.aspx?ref=1582
564,Hello Kitty,hello-kitty,DT/4 LR6 R6 LR42 Y6 LR4 R12 B12 R8 W/4,DT#000000 DARKBROWN; LR#F08080 PINK; R#FF0000 RED; Y#FFD700 YELLOW; B#008B8B BLUE; W#FFFFFF WHITE;,yes,200,32,Corporate,2,Scottish Register of Tartans; Scottish Tartans Authority,1/2,no,no,Scottish Register of Tartans,Lochcarron of Scotland,01/03/2004,,weaver_note,Yes. This tartan is copyrighted,https://www.tartanregister.gov.uk/tartanDetails.aspx?ref=1681
565,Help for Heroes,help-for-heroes,DRB/6 LN12 DRB32 DB2 DRB8 DB4 DRB6 DB6 DRB6 DB8 DRB4 DB10 DRB2 DB20 A50 R/12,R#EE0000 RED; A#66FFCC AZURE; DB#003333 DARK NAVY BLUE; DRB#000077 DARK ROYAL BLUE; LN#BBBBBB LIGHT GREY;,yes,358,32,Corporate,2,Scottish Register of Tartans; Scottish Tartans Authority,1/2,no,no,Scottish Register of Tartans,McGregor & Neil,20/01/2012,,weaver_note,Yes. The use of the tartan is restricted in line with a legal agreement between Help for Heroes and Lochcarron of ScotlandWoven by Lochcarron of Scotland,https://www.tartanregister.gov.uk/tartanDetails.aspx?ref=10561
566,Heritage Plaid,heritage-plaid,XR/88 B6 K12 LT4 K4 LT4 K20 XR10 K4 XR6 W/4,W#E0E0E0 WHITE; LT#A08858 LIGHT BROWN; K#101010 BLACK; B#2C2C80 BLUE; XR#C80000 BASIC RED;,yes,232,32,Corporate,2,Scottish Register of Tartans; Scottish Tartans Authority,2/2,no,no,Scottish Register of Tartans,Kinloch Anderson Ltd,01/01/1970,2336.0,weaver_note,Yes. A corporate tartan controlled by Hilton.,https://www.tartanregister.gov.uk/tartanDetails.aspx?ref=1696
567,Heritage of Scotland,heritage-of-scotland,B/12 WW6 B42 K32 P12 K6 P/12,B#2C2C80 BLUE; WW#F8F8F8 WILSON WHITE; K#101010 BLACK; P#780078 PURPLE;,yes,220,32,Fashion,2,Scottish Register of Tartans; Scottish Tartans Authority,2/2,no,no,Scottish Register of Tartans,Gold Brothers,01/09/2007,,weaver_note,Yes. Woven/Supplied by Gold Brothers,https://www.tartanregister.gov.uk/tartanDetails.aspx?ref=1695
568,Hickory,hickory,DB/8 T60 DT4 T4 DT28 Y4 DT4 Y2 DT12 G/6,DB#141E46 DARK BLUE; T#786557 BROWN; DT#4C3428 DARK BROWN; Y#F0E0C8 YELLOW; G#767E52 GREEN;,yes,250,32,Fashion,2,Scottish Register of Tartans; Scottish Tartans Authority,1/2,no,no,Scottish Register of Tartans,"Dauphinee, Andrew",10/03/2015,,weaver_note,Yes. Please contact the designer to wear/use/weave this tartan.,https://www.tartanregister.gov.uk/tartanDetails.aspx?ref=11260
569,IRPA,irpa,R/12 N4 R4 N46 K4 R8 K4 LB42 R4 LB4 W/12,W#FFFFFF WHITE; LB#187EFC SCOTIA BLUE; R#D4124F TARTAN RED; N#778899 GREY; K#101010 BLACK;,yes,264,32,Corporate,2,Scottish Register of Tartans; Scottish Tartans Authority,2/2,no,no,Scottish Register of Tartans,"Wilton, Brian",11/04/2012,,weaver_note,Yes. Only to be worn by delegates and their family attending the IRPA convention.Woven by Ingles Buchan Textiles Ltd.,https://www.tartanregister.gov.uk/tartanDetails.aspx?ref=10602
570,Impulse,impulse,DR/4 DB6 KK4 DB6 KK4 DB6 KK14 RB26 KK18 BB20 DR/4,DR#880000 DARK RED; DB#000064 NAVY; KK#000000 BLACK; RB#0000DC ROYAL BLUE; BB#00008C BALMORAL;,yes,216,32,Fashion,2,Scottish Register of Tartans; Scottish Tartans Authority,1/2,no,no,Scottish Register of Tartans,"Dalgliesh, D C",01/01/2002,,weaver_note,Yes. Prepared for weaving by D C Dalgliesh Ltd.,https://www.tartanregister.gov.uk/tartanDetails.aspx?ref=1818
571,Jon's Theme,jon-s-theme,DB/2 Y4 DB6 B24 DB36 W/2,DB#010542 MIDNIGHT EXPRESS; B#555B7C CHAMBRAY; Y#9E8F00 DARK GOLDENROD; W#FFFFFF WHITE;,yes,144,32,Fashion,2,Scottish Register of Tartans; Scottish Tartans Authority,1/2,no,no,Scottish Register of Tartans,"Orr, John",17/04/2012,,weaver_note,"Yes. May be worn by Jon Pittard, his friends, family and their descendants. Anyone bearing the surname 'Pittard' and associated surnames may also wear this tartan.For others to use, permission should be sought from the design owner, Jon Pittard, or his family.",https://www.tartanregister.gov.uk/tartanDetails.aspx?ref=10642
572,Jupiter Shop Channel Co Ltd,jupiter-shop-channel-co-ltd,K/12 LR2 K2 LR2 K2 LR10 K4 LR10 K8 LR4 W2 LR80 W/2,W#FFFFFF WHITE; K#101010 BLACK; LR#FC68B4 PINK;,yes,266,32,Corporate,2,Scottish Register of Tartans; Scottish Tartans Authority,1/2,no,no,Scottish Register of Tartans,"Wilton, Brian",02/02/2013,,weaver_note,Yes. Weaving and use under the strict control of the copyright owners Jupiter Shop Channel Co. Ltd.,https://www.tartanregister.gov.uk/tartanDetails.aspx?ref=10826
573,Keepers of the Quaich,keepers-of-the-quaich,T/4 B4 T4 B48 T66 MY/6,DT#441800 DARK BROWN; K#101010 BLACK; MY#D09800 M YELLOW; RB#1C0070 ROYAL BLUE; B#2C2C80 BLUE; T#604000 BROWN;,yes,254,32,Corporate,2,Scottish Register of Tartans; Scottish Tartans Authority,2/2,no,no,Scottish Register of Tartans,"Lindley, Harry for Kinloch Anderson Ltd",01/06/1988,1731.0,weaver_note,Yes. A corporate tartan controlled by the United Distillers Group.Design registered with the UK Patent Office until August 2008.,https://www.tartanregister.gov.uk/tartanDetails.aspx?ref=1934
574,Kellogg College University of Oxford,kellogg-college-university-of-oxford,R42 B122 Y16 W42,R#FF0000 RED; B#00008C BLUE; Y#D87C00 GOLD; W#FFFFFF WHITE;,no,222,32,Corporate,2,Scottish Register of Tartans; Scottish Tartans Authority,1/2,no,no,Scottish Register of Tartans,"Collins, Dr Robert",24/09/2013,,weaver_note,"Yes. Intended to be worn only by fellows, students and alumni of Kellogg College and those invited to do so by the President of the College.Intended to be reproduced and used only with the written agreement of the President of Kellogg College.",https://www.tartanregister.gov.uk/tartanDetails.aspx?ref=10912
575,Kells Irish Pubs,kells-irish-pubs,B/16 G6 B8 G8 B16 K48 G4 K6 G4 K6 N4 K/34,K#101010 BLACK; N#909090 GREY; G#47884E GREEN; B#5389C9 EARL OF ST ANDREWS BLUE;,yes,270,32,Corporate,2,Scottish Register of Tartans; Scottish Tartans Authority,1/2,no,no,Scottish Register of Tartans,Kilt and Thistle Scottish Shops,01/01/2008,,weaver_note,"Yes. Distribution of this tartan to Kells Pipe Band, Kells employees, or customers will be controlled by Kells Irish Pubs, Gerard McLeese, or his authorized representative.Manufacture of this tartan to be authorized by Gerard McLeese of Kells or his authorized representative only.",https://www.tartanregister.gov.uk/tartanDetails.aspx?ref=10106
576,Knockando Woolmill,knockando-woolmill,B/32 K2 R14 K2 R14 K2 B14 OG48 Y/8,B#8A8AA6 SOFT BLUE; K#101010 BLACK; R#953833 RUST RED; OG#565239 OLIVE GREEN; Y#AB7549 GOLDEN YELLOW;,yes,232,32,Corporate,2,Scottish Register of Tartans; Scottish Tartans Authority,1/2,no,no,Scottish Register of Tartans,"Gillespie, John B",01/06/2010,,weaver_note,Yes. This tartan can only be woven by Knockando Woolmill unless written permission is granted by the directors.,https://www.tartanregister.gov.uk/tartanDetails.aspx?ref=10256
577,Lindenwood University,lindenwood-university,B/6 Y8 W6 K2 W8 Y8 K12 RB6 W4 K65 G6 W4 K12 Y18 K12 R6 W4 K2 W4 K34 Y8 W6 K2 W/8,B#0000CD BLUE; Y#FFE600 YELLOW; W#FFFFFF WHITE; K#101010 BLACK; RB#002366 ROYAL BLUE; G#008B00 GREEN; R#FF0000 RED;,yes,488,32,Corporate,2,Scottish Register of Tartans; Scottish Tartans Authority,1/2,no,no,Scottish Register of Tartans,Evans & Shanahan,01/12/2011,,weaver_note,Yes. Use of this tartan is controlled by Lindenwood University.,https://www.tartanregister.gov.uk/tartanDetails.aspx?ref=10675
578,Lomond Mist,lomond-mist,K/16 LN2 N2 DT20 N32 LR4 K6 DN66 LN2 DN6 W/4,K#101010 BLACK; LN#AAAAFF LIGHT GREY; N#8F8FBC GREY; DT#733D1A DARK BROWN; LR#7A378B MAGENTA; DN#2F4F4F DARK GREY; W#FFFFFF WHITE;,yes,300,32,Fashion,2,Scottish Register of Tartans; Scottish Tartans Authority,1/2,no,no,Scottish Register of Tartans,"Byrne, Justine",17/12/2010,,weaver_note,"Yes. To be woven by House of Edgar, a division of Macnaughton Holdings Ltd",https://www.tartanregister.gov.uk/tartanDetails.aspx?ref=10442
579,Longniddry Blue (Dance),longniddry-blue-dance,BN/8 LN64 NB24 BN10 SB4 LN4 SB4 BN/84,LN#C0C0C0 LIGHT GRAY; NB#003C64 NAVY BLUE; SB#A8ACE8 SKY BLUE; BN#14283C BLUE GREY;,yes,312,32,Fashion,2,Scottish Register of Tartans; Scottish Tartans Authority,2/2,no,no,Scottish Register of Tartans,"Dalgliesh, D C",01/01/2002,,weaver_note,Yes. Prepared for weaving by D C Dalgliesh Ltd.,https://www.tartanregister.gov.uk/tartanDetails.aspx?ref=2205
580,Longniddry Burgundy (Dance),longniddry-burgundy-dance,DR/84 CLR4 W4 CLR4 DR10 R24 W64 DR/8,CLR#E87878 CORAL; DR#880000 DARK RED; R#C80000 RED; W#E0E0E0 WHITE;,yes,312,32,Fashion,2,Scottish Register of Tartans; Scottish Tartans Authority,2/2,no,no,Scottish Register of Tartans,"Dalgliesh, D C",01/01/2002,1651.0,weaver_note,Yes. Prepared for weaving by D C Dalgliesh Ltd.,https://www.tartanregister.gov.uk/tartanDetails.aspx?ref=2206
581,Longniddry Green Error (Dance),longniddry-green-error-dance,G/8 WW64 DG24 G10 Y2 WW4 Y2 G/84,DG#003820 DARK GREEN; G#006818 GREEN; WW#FCFCFC WILSON WHITE; Y#E8C000 YELLOW;,yes,304,32,Fashion,2,Scottish Register of Tartans; Scottish Tartans Authority,2/2,no,no,Scottish Register of Tartans,"Dalgliesh, D C",01/01/2002,,weaver_note,Yes. Prepared for weaving by D C Dalgliesh Ltd.,https://www.tartanregister.gov.uk/tartanDetails.aspx?ref=2209
582,Longniddry Lavender (Dance),longniddry-lavender-dance,B/8 LN64 LV24 B10 LR4 LN4 LR4 B/84,B#481CA4 BLUE; LV#A468C4 LAVENDER; LR#D87478 ROSE; LN#C0C0C0 LIGHT GRAY;,yes,312,32,Fashion,2,Scottish Register of Tartans; Scottish Tartans Authority,2/2,no,no,Scottish Register of Tartans,"Dalgliesh, D C",01/01/1992,,weaver_note,Yes. Prepared for weaving by D C Dalgliesh Ltd.,https://www.tartanregister.gov.uk/tartanDetails.aspx?ref=2210
583,Longniddry Turquoise (Dance),longniddry-turquoise-dance,LSB/8 W60 G20 LSB10 K4 W4 K4 LSB/76,K#101010 BLACK; G#006818 GREEN; W#E0E0E0 WHITE; LSB#98C8E8 LIGHT SKY;,yes,288,32,Fashion,2,Scottish Register of Tartans; Scottish Tartans Authority,2/2,no,no,Scottish Register of Tartans,"Dalgliesh, D C",01/01/2002,369.0,weaver_note,Yes. Prepared for weaving by D C Dalgliesh Ltd.,https://www.tartanregister.gov.uk/tartanDetails.aspx?ref=2212
584,Lorne Dress (Dance),lorne-dress-dance,BB/6 K2 W64 BB4 W4 BB4 W4 BB40 G40 BB2 DB/6,G#006818 GREEN; W#E0E0E0 WHITE; K#101010 BLACK; DB#202060 DARK BLUE; BB#3850C8 OLD BLUE;,yes,340,32,Fashion,2,Scottish Register of Tartans; Scottish Tartans Authority,1/2,no,no,Scottish Register of Tartans,"Dalgliesh, D C",01/01/2005,,weaver_note,Yes. Prepared for weaving by D C Dalgliesh Ltd.,https://www.tartanregister.gov.uk/tartanDetails.aspx?ref=2219
585,Love,love,PK/4 M16 R40 Y8 W/4,W#FFFFFF PEROXIDE WHITE; Y#AD681D GOLD; R#970F0F BRIGHT SCARLET; M#531039 MAGENTA; PK#A35879 CLOVE PINK;,yes,136,32,Fashion,2,Scottish Register of Tartans; Scottish Tartans Authority,1/2,no,no,Scottish Register of Tartans,"Spence, Victor",01/12/2011,,weaver_note,Yes. Using the tartan design is authorised only by a license agreement with the designerWeaving this tartan is only authorised by way of license agreement with the designer,https://www.tartanregister.gov.uk/tartanDetails.aspx?ref=10521
586,MacEwan Arisaid (Dance),macewan-arisaid-dance,MY/6 K4 WW36 K36 RB36 K6 RB6 K6 RB36 WW36 K4 DR/6,K#101010 BLACK; DR#880000 DARK RED; MY#D09800 M YELLOW; RB#1C0070 ROYAL BLUE; WW#F8F8F8 WILSON WHITE;,yes,424,32,Fashion,2,Scottish Register of Tartans; Scottish Tartans Authority,2/2,no,no,Scottish Register of Tartans,"Dalgliesh, D C",,,weaver_note,Yes. Prepared for weaving by D C Dalgliesh Ltd.,https://www.tartanregister.gov.uk/tartanDetails.aspx?ref=5215
587,MacKellar Dress Red,mackellar-dress-red,DG/6 W52 CLR4 K26 R10 W4 R6 PB8 R6 W4 R/54,K#101010 BLACK; DG#003820 DARK GREEN; W#E0E0E0 WHITE; PB#9058D8 LAVENDER; R#C80000 RED; CLR#E87878 CORAL;,yes,300,32,Fashion,2,Scottish Register of Tartans; Scottish Tartans Authority,2/2,no,no,Scottish Register of Tartans,"Dalgliesh, D C",01/01/2002,,weaver_note,Yes. Prepared for weaving by D C Dalgliesh Ltd.,https://www.tartanregister.gov.uk/tartanDetails.aspx?ref=2518
588,MacLeod Special Dress (Dance),macleod-special-dress-dance,R/6 K4 WW48 G26 K6 G6 K6 G6 BL50 Y/8,K#101010 BLACK; G#006818 GREEN; Y#E8C000 YELLOW; R#C80000 RED; BL#1474B4 BALMORAL BLUE; WW#F8F8F8 WILSON WHITE;,yes,318,32,Fashion,2,Scottish Register of Tartans; Scottish Tartans Authority,2/2,no,no,Scottish Register of Tartans,"Dalgliesh, D C",01/01/1999,,weaver_note,Yes. Prepared for weaving by D C Dalgliesh Ltd.,https://www.tartanregister.gov.uk/tartanDetails.aspx?ref=2645
589,Madras College,madras-college,R/6 NB50 K12 LSB40 Y4 LSB4 W/6,W#E0E0E0 WHITE; LSB#74B4E0 LIGHT SKY; Y#E8C000 YELLOW; K#101010 BLACK; R#C80000 RED; NB#003C64 NAVY BLUE;,yes,232,32,Corporate,2,Scottish Register of Tartans; Scottish Tartans Authority,2/2,no,no,Scottish Register of Tartans,David McGill of International Tartans,,3259.0,weaver_note,Yes. Anyone with the designer's consent.,https://www.tartanregister.gov.uk/tartanDetails.aspx?ref=5737
590,Marshall University,marshall-university,DG/6 W4 K4 G12 W2 DG4 W2 G/50,G#146400 GREEN; W#FFFFFF WHITE; DG#003C14 DARK GREEN; K#101010 BLACK;,yes,112,32,Corporate,2,Scottish Register of Tartans; Scottish Tartans Authority,1/2,no,no,Scottish Register of Tartans,"Cannon, Michael",01/08/2012,,weaver_note,"Yes. The Marshall University Tartan may not be woven or produced in any form without written permission from the Marketing and Branding Coordinator, 1 John Marshall Drive, Huntington, WV 25755.",https://www.tartanregister.gov.uk/tartanDetails.aspx?ref=11254
591,McGill University,mcgill-university,W/6 R48 RB24 DG16 DY/6,W#FFFFFF WHITE; R#FF0000 RED; RB#23138D ROYAL BLUE; DG#063928 DARK GREEN; DY#CEA12C GOLD;,yes,188,32,Corporate,2,Scottish Register of Tartans; Scottish Tartans Authority,1/2,no,no,Scottish Register of Tartans,Lochcarron of Scotland,01/12/2012,,weaver_note,Yes. Use of the tartan for commercial purposes is restricted unless authorised by McGill University.This tartan is restricted and can only be woven with written permission from McGill University.,https://www.tartanregister.gov.uk/tartanDetails.aspx?ref=10755
592,Meiji Rugby 1923,meiji-rugby-1923,P/4 W4 P46 DB2 W6 DB14 W2 DB4 W2 DB2 P10 DB24 W/4,P#9400D3 PURPLE; DB#000080 DARK BLUE; W#ECECC6 WHITE;,yes,240,32,Corporate,2,Scottish Register of Tartans; Scottish Tartans Authority,1/2,no,no,Scottish Register of Tartans,Lochcarron of Scotland,11/05/2009,,weaver_note,Yes. Lochcarron of Scotland; Akatsuki Japan; Meiji JapanLochcarron of Scotland; Akatsuki Japan; Meiji Japan,https://www.tartanregister.gov.uk/tartanDetails.aspx?ref=10037
593,Midnight Balmoral (Personal),midnight-balmoral-personal,N/8 W2 K72 DB4 DR8 W2 DB28 DR16 W/2,DB#000080 DARK BLUE; N#778899 GREY; K#101010 BLACK; W#FFFFFF WHITE; DR#E3170D DARK RED;,yes,274,32,Fashion,2,Scottish Register of Tartans; Scottish Tartans Authority,1/2,no,no,Scottish Register of Tartans,Geoffrey (Tailor),14/08/2010,,weaver_note,Yes. If you wish to reproduce this tartan please seek permission from MidnightBalmoral@hotmail.co.uk,https://www.tartanregister.gov.uk/tartanDetails.aspx?ref=10472
594,Modowny,modowny,DR/8 N48 K8 N8 K16 N8 K8 N48 DY/8,DR#8C0000 DARK RED; N#646464 MEDIUM GREY; K#000000 BLACK; DY#C89800 DARKER YELLOW;,yes,304,32,Fashion,2,Scottish Register of Tartans; Scottish Tartans Authority,2/2,no,no,Scottish Register of Tartans,"Dalgliesh, D C",01/01/2002,,weaver_note,Yes. Prepared for weaving by D C Dalgliesh Ltd.,https://www.tartanregister.gov.uk/tartanDetails.aspx?ref=2973
595,Mount Isla,mount-isla,MY/8 K4 DR24 K8 RB28 K8 RB28 K8 DR28 K4 LN/8,K#101010 BLACK; DR#880000 DARK RED; LN#C0C0C0 LIGHT GRAY; MY#D09800 M YELLOW; RB#1C0070 ROYAL BLUE;,yes,296,32,Fashion,2,Scottish Register of Tartans; Scottish Tartans Authority,2/2,no,no,Scottish Register of Tartans,"Dalgliesh, D C",01/01/2002,,weaver_note,Yes. Prepared for weaving by D C Dalgliesh Ltd.,https://www.tartanregister.gov.uk/tartanDetails.aspx?ref=3030
596,Musselburgh Dress (Dance),musselburgh-dress-dance,A/56 B4 DN12 LG4 DN12 B4 DN16 WW96 CLR/4,A#5C8CA8 AZURE; B#2C2C80 BLUE; LG#289C18 LIGHT GREEN; WW#F8F8F8 WILSON WHITE; CLR#E87878 CORAL; DN#5C5C5C DARK GREY;,yes,356,32,Fashion,2,Scottish Register of Tartans; Scottish Tartans Authority,2/2,no,no,Scottish Register of Tartans,"Dalgliesh, D C",01/01/2005,,weaver_note,Yes. Prepared for weaving by D C Dalgliesh Ltd.,https://www.tartanregister.gov.uk/tartanDetails.aspx?ref=3085
597,NHK Asaichi,nhk-asaichi,T/8 R44 DB4 R4 DB4 R4 DB16 B24 T4 B4 Y/4,DB#440044 DARK BLUE; R#FF0000 RED; B#3850C8 BLUE; Y#FFCC00 YELLOW; T#4C0000 BROWN;,yes,228,32,Corporate,2,Scottish Register of Tartans; Scottish Tartans Authority,1/2,no,no,Scottish Register of Tartans,Lochcarron of Scotland,06/10/2014,,weaver_note,"Yes. Intended for the sole use of NHK, Japan's Broadcasting Corporation.Prepared for weaving by Lochcarron of Scotland.",https://www.tartanregister.gov.uk/tartanDetails.aspx?ref=11135
598,National Autistic Society Scotland,national-autistic-society-scotland,LR/96 P64 WW/12,P#5C2458 NAS PURPLE; WW#E8E8E8 WHITE; LR#E82460 NAS PINK;,yes,236,32,Corporate,2,Scottish Register of Tartans; Scottish Tartans Authority,1/2,no,no,Scottish Register of Tartans,Covell/Trivett,28/08/2012,,weaver_note,Yes. Developed for Weaving by House of Tartan LtdIntellectual property rights associated with this tartan are held by the National Autistic Society.,https://www.tartanregister.gov.uk/tartanDetails.aspx?ref=10685
599,New Star,new-star,TP/6 TAW2 K8 TP2 K8 TP2 K82 TP2 K8 TP2 K8 BUR30 TAW2 BUR6 TAW4 BUR6 TAW6 BUR2 TAW12 K2 W/4,TP#551033 TYRIAN PURPLE; TAW#B8860B TAWNY YELLOW; K#101010 BLACK; BUR#660000 BURGUNDY; W#FFFFFF WHITE;,yes,398,32,Fashion,2,Scottish Register of Tartans; Scottish Tartans Authority,1/2,no,no,Scottish Register of Tartans,"Martin, Carol A L",10/12/2009,,weaver_note,Yes. Contact designer for permission to weave or use this tartan.,https://www.tartanregister.gov.uk/tartanDetails.aspx?ref=10144
600,Nike Golf Dark,nike-golf-dark,R/10 K40 DN2 K4 DN2 K4 DN4 K4 DN10 MN4 DN4 MN4 DN4 MN6 DN4 MN20 W/6,K#000000 BLACK; R#FF0000 RED; DN#444444 DARK GREY; MN#888888 MID GREY; W#EEEEEE WHITE;,yes,248,32,Corporate,2,Scottish Register of Tartans; Scottish Tartans Authority,2/2,no,no,Scottish Register of Tartans,Lochcarron of Scotland,13/02/2012,,weaver_note,"Yes. Customers of Nike Golf, Nike Inc.Woven by Lochcarron of Scotland.",https://www.tartanregister.gov.uk/tartanDetails.aspx?ref=10569
601,Nike Golf Light,nike-golf-light,R/10 W40 LN2 W4 LN2 W4 LN4 W4 LN10 MN4 LN4 MN4 LN4 MN6 LN4 MN20 W/6,R#FF0000 RED; W#EEEEEE WHITE; LN#BBBBBB LIGHT GREY; MN#888888 MID GREY;,yes,248,32,Corporate,2,Scottish Register of Tartans; Scottish Tartans Authority,1/2,no,no,Scottish Register of Tartans,Lochcarron of Scotland,13/02/2012,,weaver_note,"Yes. Customers of Nike Golf, Nike Inc.Woven by Lochcarron of Scotland.",https://www.tartanregister.gov.uk/tartanDetails.aspx?ref=10568
602,Nisbet Dress Rose (Dance),nisbet-dress-rose-dance,G/8 W32 K32 C80 W4 C/12,K#101010 BLACK; C#A00048 CRIMSON; G#006818 GREEN; LN#C0C0C0 LIGHT GRAY; W#E0E0E0 WHITE;,yes,316,32,Fashion,2,Scottish Register of Tartans; Scottish Tartans Authority,2/2,no,no,Scottish Register of Tartans,DC Dalgliesh,01/01/2002,946.0,weaver_note,Yes. Prepared for weaving by D C Dalgliesh Ltd.,https://www.tartanregister.gov.uk/tartanDetails.aspx?ref=3141
603,Normandy Bay Myth,normandy-bay-myth,R/2 Y2 W2 K2 W4 K4 W6 K96 W8 B16 Y4 W2 K2 W4 K4 W36 K6 Y2 R2 W2 K2 W/4,K#101010 BLACK; W#FFFFFF WHITE; Y#FFE600 YELLOW; R#FF0000 RED; B#82CFFD BLUE;,yes,418,32,Fashion,2,Scottish Register of Tartans; Scottish Tartans Authority,1/2,no,no,Scottish Register of Tartans,"Perreaut, Valerie",11/11/2012,,weaver_note,Yes. Only to be woven with the designer's written permission.,https://www.tartanregister.gov.uk/tartanDetails.aspx?ref=10747
604,Norwich University,norwich-university,B/156 Y32 R12 W/4,B#141E46 BLUE; Y#D09800 YELLOW; R#880000 DARK RED; W#E0E0E0 WHITE;,yes,248,32,Corporate,2,Scottish Register of Tartans; Scottish Tartans Authority,1/2,no,no,Scottish Register of Tartans,"Looke, Stephen E",04/06/2012,,weaver_note,"Yes. Developed for weaving by House of Tartan Ltd, Scotland",https://www.tartanregister.gov.uk/tartanDetails.aspx?ref=10631
605,Oban Mist,oban-mist,K/16 LB2 N2 DT20 N32 LN4 K6 DN66 LB2 DN6 W/4,K#101010 BLACK; LB#98C8E8 LIGHT BLUE; DT#4C3428 DARK BROWN; N#808080 GREY; LN#C0C0C0 LIGHT GREY; DN#505050 DARK GREY; W#FFFFFF WHITE;,yes,300,32,Fashion,2,Scottish Register of Tartans; Scottish Tartans Authority,1/2,no,no,Scottish Register of Tartans,"Teviotdale, Gemma",06/01/2011,,weaver_note,"Yes. Prepared for weaving by The House of Edgar, a division of Macnaughton Holdings Ltd.",https://www.tartanregister.gov.uk/tartanDetails.aspx?ref=11010
606,Old Aberdeen Diamond Jubilee,old-aberdeen-diamond-jubilee,DR/3 R2 K7 DR3 K3 DR52 R4 K52 DR3 K3 DR3 K7 R2 DR/3,DR#8B0000 DARK RED; R#FF0000 RED; K#101010 BLACK;,yes,288,32,Fashion,2,Scottish Register of Tartans; Scottish Tartans Authority,2/2,no,no,Scottish Register of Tartans,Philip King Tailoring Ltd,01/01/2012,,weaver_note,Yes. Permission to weave this tartan should be sought from Philip King Tailoring Ltd.,https://www.tartanregister.gov.uk/tartanDetails.aspx?ref=10546
607,Oor Wullie (DC Thomson),oor-wullie-dc-thomson,W/4 LN48 K32 R40 O4 R6 Y/6,Y#FFE600 YELLOW; R#FF0000 RED; O#FFA500 ORANGE; K#101010 BLACK; LN#E0E0E0 LIGHT GREY; W#FFFFFF WHITE;,yes,270,32,Corporate,2,Scottish Register of Tartans; Scottish Tartans Authority,1/2,no,no,Scottish Register of Tartans,"Wilton, Brian",01/08/2010,,weaver_note,Yes. Only to be woven by weavers approved by D C Thomson.,https://www.tartanregister.gov.uk/tartanDetails.aspx?ref=10356
608,Oregon State University,oregon-state-university,K/12 O16 K26 W2 O22 K2 O22 W8 K4 O2 K/4,K#000000 BLACK; O#D8732C ORANGE; W#FFFFFF WHITE;,yes,224,32,Corporate,2,Scottish Register of Tartans; Scottish Tartans Authority,2/2,no,no,Scottish Register of Tartans,"Lorenson, Krisja",01/08/2005,,weaver_note,Yes. Only licensed vendors of Oregon State University are allowed to produce/weave this tartan.,https://www.tartanregister.gov.uk/tartanDetails.aspx?ref=10131
609,Orkney Heather,orkney-heather,DP/4 LP2 DP2 P4 LP2 DP8 LP2 DN2 N43 DN2 N43 P2 DP8 N/2,DN#1C1714 DARK GREY; N#5C5C5C GREY; LP#C49CD8 LIGHT PURPLE; P#9C68A4 PURPLE; DP#1C1C50 DARK PURPLE;,yes,246,32,Fashion,2,Scottish Register of Tartans; Scottish Tartans Authority,1/2,no,no,Scottish Register of Tartans,"Ewing, Morag",01/09/2014,,weaver_note,Yes. All Intellectual Property Rights to this tartan belong to Aurora Orkney Ltd and only they can authorise the weaving of it.,https://www.tartanregister.gov.uk/tartanDetails.aspx?ref=11138
610,Orkney Magnus,orkney-magnus,DN/8 N2 VDN2 P4 VDN14 N2 K6 N36 W2 N38 P2 N/28,DN#505050 DARK GREY; N#888888 GREY; VDN#14283C VERY DARK GREY; P#1C0070 PURPLE; K#101010 BLACK; W#FFFFFF WHITE;,yes,252,32,Fashion,2,Scottish Register of Tartans; Scottish Tartans Authority,1/2,no,no,Scottish Register of Tartans,"Ewing, Morag",20/10/2014,,weaver_note,Yes. All Intellectual Property Rights to this tartan belong to Aurora Orkney Ltd and only they can authorise the weaving of it.,https://www.tartanregister.gov.uk/tartanDetails.aspx?ref=11158
611,Outlander #1,outlander-1,LN/104 Y4 DN48 DR6 T52 DN/8,Y#E8C000 GOLD; DR#960000 DARK RED; LN#808080 LIGHT GREY; DN#5C5C5C DARK GREY; T#A08858 BROWN;,yes,332,32,Corporate,2,Scottish Register of Tartans; Scottish Tartans Authority,2/2,no,no,Scottish Register of Tartans,"Kirkbright, Gordon",01/08/2014,,weaver_note,"Yes. Created for the sole use of Sony Pictures Television Inc. Attn: Television Legal / Gregory K. Boone Address: Sony Pictures Entertainment 10202 West Washington Boulevard Harry Cohn Building, #111 Culver City, CA 90232 Only to be woven by Anthony Haines Textiles ltd",https://www.tartanregister.gov.uk/tartanDetails.aspx?ref=11113
612,Outlander #2,outlander-2,LN56 DN48 LB8 T48 DN8 T48 DN48 LB8 LN48,LN#808080 LIGHT GREY; DN#5C5C5C DARK GREY; LB#82CFFD LIGHT BLUE; T#A08858 BROWN;,no,320,32,Corporate,2,Scottish Register of Tartans; Scottish Tartans Authority,2/2,no,no,Scottish Register of Tartans,"Kirkbright, Gordon",01/08/2014,,weaver_note,"Yes. Created for the sole use of Sony Pictures Television Inc. Attn: Television Legal / Gregory K. Boone Address: Sony Pictures Entertainment 10202 West Washington Boulevard Harry Cohn Building, #111 Culver City, CA 90232 Only to be woven by Anthony Haines Textiles Ltd",https://www.tartanregister.gov.uk/tartanDetails.aspx?ref=11114
613,Outlander #5,outlander-5,DN/52 T60 DN/8,DN#5C5C5C DARK GREY; T#4C3428 BROWN;,yes,180,32,Corporate,2,Scottish Register of Tartans; Scottish Tartans Authority,1/2,no,no,Scottish Register of Tartans,"Kirkbright, Gordon",01/08/2014,,weaver_note,"Yes. Intended for the sole use of Sony Pictures Television Inc. Attn: Television Legal / Gregory K. Boone Address: Sony Pictures Entertainment 10202 West Washington Boulevard Harry Cohn Building, #111 Culver City, CA 90232 Only to be woven by Anthony Haines Textiles",https://www.tartanregister.gov.uk/tartanDetails.aspx?ref=11117
614,Peter Rabbit™,peter-rabbit,LR/10 W10 LB28 W10 LB14 W6 LB10 W4 TG4 LO/14,LO#FFC697 LIGHT ORANGE; TG#3AC99C TURQUOISE GREEN; W#FFFFFF WHITE; LB#5C99F0 LIGHT BLUE; LR#FF6466 PINK;,yes,196,32,Corporate,2,Scottish Register of Tartans; Scottish Tartans Authority,1/2,no,no,Scottish Register of Tartans,"Lochhead, Malcolm",01/07/2011,,weaver_note,"Yes. Only to be used by Frederick Warne & Co. and registered licensees of Frederick Warne & Co. or their agents, Silvergate Media.",https://www.tartanregister.gov.uk/tartanDetails.aspx?ref=10469
615,Phoenix Police Honor Guard,phoenix-police-honor-guard,DB/10 K3 LB65 DG56 Y/6,Y#F7C413 YELLOW; DG#00470D DARK GREEN; LB#2787C3 LIGHT BLUE; K#101010 BLACK; DB#0A419E DARK BLUE;,yes,264,32,Corporate,2,Scottish Register of Tartans; Scottish Tartans Authority,1/2,no,no,Scottish Register of Tartans,"Connell, Sean",31/08/2010,,weaver_note,Yes. The Phoenix Police Honor Guard reserve the right to grant or deny authorisation to use their tartan.,https://www.tartanregister.gov.uk/tartanDetails.aspx?ref=10334
616,Praetorian Blue,praetorian-blue,W/6 DB6 Y6 B48 K6 LN6 W48 LN6 K48 LN6 W6 B48 LN6 W/6,W#FFFFFF WHITE; DB#000040 DARK BLUE; Y#FFFF00 YELLOW; B#004080 BLUE; K#101010 BLACK; LN#C0C0C0 LIGHT GREY;,yes,492,32,Fashion,2,Scottish Register of Tartans; Scottish Tartans Authority,1/2,no,no,Scottish Register of Tartans,"Robieson, Graham Alexander",10/10/2006,3136.0,weaver_note,Yes.,https://www.tartanregister.gov.uk/tartanDetails.aspx?ref=5866
617,Pride of Kinross,pride-of-kinross,B/16 W4 B54 K8 B4 K12 B4 K/40,K#101010 BLACK; B#2C2C80 BLUE; W#FFFFFF WHITE;,yes,228,32,Fashion,2,Scottish Register of Tartans; Scottish Tartans Authority,2/2,no,no,Scottish Register of Tartans,"Teviotdale, Gemma",08/10/2014,,weaver_note,"Yes. Prepared for weaving by The House of Edgar, a division of Macnaughton Holdings Ltd",https://www.tartanregister.gov.uk/tartanDetails.aspx?ref=11282
618,Pride of the Forth,pride-of-the-forth,LB/6 K40 DN6 K6 DN46 K/6,LB#3C82AF LIGHT BLUE; K#101010 BLACK; DN#5C5C5C DARK GREY;,yes,208,32,Fashion,2,Scottish Register of Tartans; Scottish Tartans Authority,2/2,no,no,Scottish Register of Tartans,"Kay, Adrian",01/12/2013,,weaver_note,Yes. Please contact Highland Kilt Connections for permission to wear/use this tartan.,https://www.tartanregister.gov.uk/tartanDetails.aspx?ref=11060
619,Punky Princess,punky-princess,K/2 P16 K24 LN6 K8 P4 K/28,K#000000 BLACK; P#FF00CC PINK; LN#BBBBBB SILVER GREY;,yes,146,32,Corporate,2,Scottish Register of Tartans; Scottish Tartans Authority,1/2,no,no,Scottish Register of Tartans,Accessories 4 Technology Ltd,1/06/2011,,weaver_note,Yes. Use should be licensed by Accessories 4 Technology Ltd.UK produced products to be woven by Lochcarron of Scotland only.,https://www.tartanregister.gov.uk/tartanDetails.aspx?ref=10618
620,Red Dirt Girl,red-dirt-girl,T/42 R4 G36 R4 G36 R4 DG16 W12 T/20,T#441800 BROWN; R#B03000 RED; G#86C67C GREEN; DG#003820 DARK GREEN; W#FFFFFF WHITE;,yes,286,32,Fashion,2,Scottish Register of Tartans; Scottish Tartans Authority,1/2,no,no,Scottish Register of Tartans,Kelly Long,08/05/2014,,weaver_note,"Yes. Permission to wear, weave or use this tartan should be sought from the designer.",https://www.tartanregister.gov.uk/tartanDetails.aspx?ref=11105
621,"Roast Den, The",roast-den-the,DG/24 DT24 LG2 G8 DG4 G8 LG2 DT24 T/124,DT#321308 DARK BROWN; T#786557 BROWN; G#3F6748 GREEN; LG#B7D38B LIGHT GREEN; DG#052F14 DARK GREEN;,yes,292,32,Corporate,2,Scottish Register of Tartans; Scottish Tartans Authority,1/2,no,no,Scottish Register of Tartans,"Bryden, Alan H",04/03/2015,,weaver_note,Yes. Only persons authorised by Roast-Den Ltd may wear/use this tartan.,https://www.tartanregister.gov.uk/tartanDetails.aspx?ref=11256
622,Royal Yacht Britannia,royal-yacht-britannia,K/86 DY6 DBG2 CW2 DB2 DY6 DB50 XR/4,XR#C80000 BASIC RED; DB#202060 DARK BLUE; CW#FCFCFC CLEAR; DBG#005448 DARK BLUE GREEN; DY#E8C000 GOLD; K#101010 BLACK;,yes,226,32,Corporate,2,Scottish Register of Tartans; Scottish Tartans Authority,2/2,no,no,Scottish Register of Tartans,Kinloch Anderson Ltd,01/12/1998,2529.0,weaver_note,Yes. A corporate tartan for the Royal Yacht Britannia Charitable Trust.,https://www.tartanregister.gov.uk/tartanDetails.aspx?ref=3616
623,Ryutokukan High School,ryutokukan-high-school,LN/6 DN40 R2 DN8 R4 DN4 R8 DN4 R10 LG4 DR40 W/6,W#FFFFFF WHITE; DR#660022 DARK RED; LG#809C64 LIGHT GREEN; R#990033 RED; DN#2F4F4F DARK GREY; LN#444444 LIGHT GREY;,yes,260,32,Corporate,2,Scottish Register of Tartans; Scottish Tartans Authority,1/2,no,no,Scottish Register of Tartans,Lochcarron of Scotland,20/04/2012,,weaver_note,Yes. For pupils of Ryutokukan High School only.Only to be woven by Lochcarron of Scotland and their schoolwear licencees in Japan.,https://www.tartanregister.gov.uk/tartanDetails.aspx?ref=10646
624,STLTH,stlth,MN/8 K4 MN8 K90 DN4 K6 DN/4,K#1C1714 BLACK; MN#1E2025 MIDNIGHT GREY; DN#3F4441 CHARCOAL GREY;,yes,236,32,Corporate,2,Scottish Register of Tartans; Scottish Tartans Authority,2/2,no,no,Scottish Register of Tartans,"Calahan, Cory",21/12/2012,,weaver_note,"Yes. No commercial use of this tartan is permitted without expressed permission from the designer, and any party wishing to use or reproduce this tartan should first seek permission from the designer.",https://www.tartanregister.gov.uk/tartanDetails.aspx?ref=10752
625,Sakura (Japanese Four Seasons),sakura-japanese-four-seasons,T/8 LG4 T4 LG30 G4 W18 G4 LG8 G4 W18 T4 CLR50 W4 CLR/12,CLR#F4C8C8 CORAL; W#E0E0E0 WHITE; T#604000 BROWN; G#00C02C GREEN; LG#A0D090 LIGHT GREEN;,yes,324,32,Fashion,2,Scottish Register of Tartans; Scottish Tartans Authority,2/2,no,no,Scottish Register of Tartans,David McGill of International Tartans,12/08/2008,3280.0,weaver_note,Yes. Anyone with the designer's consent,https://www.tartanregister.gov.uk/tartanDetails.aspx?ref=5721
626,Scotland's Grace,scotland-s-grace,LN/8 DP46 R2 DP6 R4 DP4 R14 Y6 LG10 LB10 LP8 LN8 LB4 LP4 LN8 LB4 LN/48,LN#646464 LIGHT GREY; LB#3C82AF LIGHT BLUE; LP#9C68A4 LIGHT PURPLE; LG#289C18 LIGHT GREEN; Y#FCCC00 YELLOW; R#C82828 RED; DP#505050 DARK PURPLE;,yes,332,32,Fashion,2,Scottish Register of Tartans; Scottish Tartans Authority,1/2,no,no,Scottish Register of Tartans,"Sim, Steven Patrick",09/05/2014,,weaver_note,"Yes. Designed by Steven Patrick Sim copyright © 2014. Weaving by Bute Fabrics Ltd, Isle of Bute, and Lochcarron of Scotland, Selkirk. Weaving and tailoring is managed by the designer. Contact: enquiries@theTartanArtisan.com. Or visit www.theTartanArtisan.com.",https://www.tartanregister.gov.uk/tartanDetails.aspx?ref=11070
627,Scotsburn Croft,scotsburn-croft,B/16 K3 B16 K26 P4 K26 N20 W3 N/8,P#780078 PURPLE; K#101010 BLACK; N#646464 GREY; W#FFFFFF WHITE; B#82CFFD BLUE;,yes,220,32,Fashion,2,Scottish Register of Tartans; Scottish Tartans Authority,1/2,no,no,Scottish Register of Tartans,"Ferguson, Claire",05/01/2015,,weaver_note,Yes. Please contact the designer to weave or use this tartan.Pending,https://www.tartanregister.gov.uk/tartanDetails.aspx?ref=11208
628,Scotshill,scotshill,B/6 G2 Y2 R2 W2 B28 K28 G12 K28 B/26,G#006818 GREEN; Y#E8C000 YELLOW; R#C80000 RED; W#E0E0E0 WHITE; K#101010 BLACK; B#3C82AF BLUE;,yes,240,32,Corporate,2,Scottish Register of Tartans; Scottish Tartans Authority,2/2,no,no,Scottish Register of Tartans,Martin & Trivett,01/10/2014,,weaver_note,"Yes. Permission to wear/use this tartan to be granted by Helen Martin or Robert Smith ScotshillEquestrian@yahoo.com.auDeveloped for weaving by House of Tartan Ltd, Scotland.",https://www.tartanregister.gov.uk/tartanDetails.aspx?ref=11175
629,Scottish Islamic,scottish-islamic,G/4 Y4 G4 Y4 G4 Y4 G36 K2 G4 K10 RB4 K2 RB38 W4 RB4 W4 RB4 W/4,G#064B15 ANCIENT GREEN; Y#EEB422 GOLD; K#101010 BLACK; RB#031567 ROYAL BLUE; W#FFFFFF WHITE;,yes,272,32,Corporate,2,Scottish Register of Tartans; Scottish Tartans Authority,1/2,no,no,Scottish Register of Tartans,DC Dalgliesh Ltd,27/06/2011,,weaver_note,Yes. The Scottish Islamic Tartan is woven by DC Dalgliesh Ltd.,https://www.tartanregister.gov.uk/tartanDetails.aspx?ref=10644
630,Scottish Italian,scottish-italian,LB/4 DB56 K32 R6 W6 G8 DB10 B/22,B#2C4084 BLUE; LB#98C8E8 LIGHT BLUE; DB#003C64 DARK BLUE; K#101010 BLACK; R#C80000 RED; W#FFFFFF WHITE; G#006400 GREEN;,yes,262,32,Fashion,2,Scottish Register of Tartans; Scottish Tartans Authority,1/2,no,no,Scottish Register of Tartans,Sweeney & Valerio,05/02/2015,,weaver_note,Yes. Requests to wear/use/weave this tartan must be made via Clan Alba Products Ltd.,https://www.tartanregister.gov.uk/tartanDetails.aspx?ref=11248
631,Scottish Monuments,scottish-monuments,K/6 DN12 K4 DN16 BN40 N6 BN4 N4 BN/6,K#101010 BLACK; BN#14283C BLUE GREY; DN#5C5C5C DARK GREY; N#888888 GREY;,yes,184,32,Corporate,2,Scottish Register of Tartans; Scottish Tartans Authority,2/2,no,no,Scottish Register of Tartans,"Dalgliesh, D C",,,weaver_note,Yes. Prepared for weaving by D C Dalgliesh Ltd.,https://www.tartanregister.gov.uk/tartanDetails.aspx?ref=5107
632,Scottish Open Squash,scottish-open-squash,LN/6 DP48 G22 DP4 RB/46,DP#440044 DARK PURPLE; G#006818 GREEN; LN#C0C0C0 LIGHT GRAY; RB#1C0070 ROYAL BLUE;,yes,200,32,Corporate,2,Scottish Register of Tartans; Scottish Tartans Authority,2/2,no,no,Scottish Register of Tartans,"Dalgliesh, D C",,,weaver_note,Yes. Prepared for weaving by D C Dalgliesh Ltd.,https://www.tartanregister.gov.uk/tartanDetails.aspx?ref=5307
633,Scottish Power,scottish-power,PH/6 DBG16 DR6 DBG16 K20 PH10 WG64 DBG/10,K#101010 BLACK; DR#880000 DARK RED; G#006818 GREEN; PH#6C0070 HEATHER; RB#1C0070 ROYAL BLUE; WG#408060 WTHRD GREEN; DG#003820 DARK GREEN; DBG#005448 DARK BLUE GREE;,yes,280,32,Corporate,2,Scottish Register of Tartans; Scottish Tartans Authority,2/2,no,no,Scottish Register of Tartans,Kinloch Anderson Ltd,01/01/1997,2435.0,weaver_note,Yes. Permission to use this tartan must be sought from Scottish Power Corporate Communications.Not specified,https://www.tartanregister.gov.uk/tartanDetails.aspx?ref=3739
634,Scotts Valley,scotts-valley,BB/20 WW4 DR4 DG4 WW4 DR4 BDY4 DR4 DG/80,BB#00008C BALMORAL; WW#C8C8C8 WHITE; DR#8C0000 DARK RED; DG#004C00 DARK GRN; BDY#C89800 DARKER YELLOW;,yes,156,32,Corporate,2,Scottish Register of Tartans; Scottish Tartans Authority,2/2,no,no,Scottish Register of Tartans,"Dalgliesh, D C",01/01/2002,,weaver_note,Yes. Prepared for weaving by D C Dalgliesh Ltd.,https://www.tartanregister.gov.uk/tartanDetails.aspx?ref=3751
635,Seacliff Academy,seacliff-academy,LB/4 K2 B22 K4 B6 K6 LB8 K6 W2 DB/92,DB#003C64 DARK BLUE; W#FFFFFF WHITE; LB#82CFFD LIGHT BLUE; K#101010 BLACK; B#2474E8 BLUE;,yes,208,32,Corporate,2,Scottish Register of Tartans; Scottish Tartans Authority,1/2,no,no,Scottish Register of Tartans,"Koenig, Patti",01/08/2013,,weaver_note,Yes. Intended for the sole use of Seacliff Global Education Society. Those seeking permission to use or weave this tartan should contact Seacliff Global Education Society.,https://www.tartanregister.gov.uk/tartanDetails.aspx?ref=10883
636,Seaford House,seaford-house,B/3 DB3 B12 DB26 G26 R3 G26 DB28 W/3,B#788CB4 BLUE; DB#003C64 DARK BLUE; G#003820 GREEN; R#C8002C RED; W#FFFFFF WHITE;,yes,254,32,Corporate,2,Scottish Register of Tartans; Scottish Tartans Authority,1/2,no,no,Scottish Register of Tartans,Kinloch Anderson,23/12/2013,,weaver_note,"Yes. Tartan designed and supplied by Kinloch Anderson, products available through The Royal College of Defence Studies, Seaford House, 37 Belgrave Square, LONDON, SW1X 8NS to alumni of the College, its antecedant and descendent organisations, and to those others demonstrating a link with the College to the satisfaction of the Commandant.",https://www.tartanregister.gov.uk/tartanDetails.aspx?ref=11045
637,Sekai Fushigi Hakken,sekai-fushigi-hakken,W36 CLR4 W6 HG4 W54 M6 HG4 S6 W54 HG4 W6 CLR4 W36 S6 HG4 M6,CLR#E87878 CORAL; HG#285800 HUNTING GREEN; M#901C38 MARROON; S#C8002C SCARLET; W#E0E0E0 WHITE;,no,240,32,Corporate,2,Scottish Register of Tartans; Scottish Tartans Authority,2/2,no,no,Scottish Register of Tartans,"Dalgliesh, D C",01/01/2001,,weaver_note,Yes. Prepared for weaving by D C Dalgliesh Ltd.,https://www.tartanregister.gov.uk/tartanDetails.aspx?ref=3758
638,Sens,sens,R/52 W4 Y2 VDB6 Y8 R16 VDB64 W2 VDB2 W/6,R#C80000 RED; W#E0E0E0 WHITE; Y#E8C000 YELLOW; B#2C2C80 BLUE; VDB#000040 MIDNIGHT;,yes,266,32,Corporate,2,Scottish Register of Tartans; Scottish Tartans Authority,2/2,no,no,Scottish Register of Tartans,House of Edgar - Macnaughton Holdings Ltd,17/12/2008,,weaver_note,"Yes. Copyright the Scottish and Irish Store, Ottawa, Canada.",https://www.tartanregister.gov.uk/tartanDetails.aspx?ref=5732
639,SiMBA,simba,G/4 W2 P84 LP42 G6 P/4,P#780078 PURPLE; G#408060 GREEN; LP#C49CD8 LIGHT PURPLE; W#FFFFFF WHITE;,yes,276,32,Corporate,2,Scottish Register of Tartans; Scottish Tartans Authority,1/2,no,no,Scottish Register of Tartans,"Nicolson, Gordon",10/02/2015,,weaver_note,Yes. Prepared for weaving by Gordon Nicolson Kiltmakers,https://www.tartanregister.gov.uk/tartanDetails.aspx?ref=11234
640,"Skye Dress Blue, Isle of (Dance)",skye-dress-blue-isle-of-dance,W/12 LB2 K14 W8 K8 LB2 W16 LB2 K10 LRB40 W60 K6 W14 LRB/14,W#E0E0E0 WHITE; K#000000 BLACK; LRB#447480 BALMORAL BLUE; LB#2888C4 LIGHT BLUE;,yes,390,32,Fashion,2,Scottish Register of Tartans; Scottish Tartans Authority,2/2,no,no,Scottish Register of Tartans,"Dalgliesh, D.C",01/01/2002,,weaver_note,Yes. Prepared for weaving by D C Dalgliesh Ltd.,https://www.tartanregister.gov.uk/tartanDetails.aspx?ref=3813
641,Spirit of Dunkeld,spirit-of-dunkeld,LB/76 R2 LB4 R4 LB4 R12 Y8 R20 B16 LB22 R6 Y/2,R#FF0000 RED; B#0000CD BLUE; Y#FFE600 YELLOW; LB#82CFFD LIGHT BLUE;,yes,274,32,Fashion,2,Scottish Register of Tartans; Scottish Tartans Authority,1/2,no,no,Scottish Register of Tartans,Mitchell & Davie,18/01/2012,,weaver_note,Yes. Woven by Lochcarron of Scotland.,https://www.tartanregister.gov.uk/tartanDetails.aspx?ref=10564
642,Spirit of India,spirit-of-india,B/64 W4 DB2 W4 B8 DB2 G16 W16 DY16 DB2 B32 DB2 W/8,W#FFFFFF WHITE; DB#071239 DARK BLUE; B#3399FF BLUE; DY#FF5721 SAFFRON; G#3A6629 GREEN;,yes,280,32,Fashion,2,Scottish Register of Tartans; Scottish Tartans Authority,1/2,no,no,Scottish Register of Tartans,"McGill, David",15/03/2007,,weaver_note,Yes. Only to be woven with the designer's written permission.,https://www.tartanregister.gov.uk/tartanDetails.aspx?ref=10676
643,Spirit of Romania,spirit-of-romania,P/8 DB2 P4 DB2 B32 DB2 Y32 R32 DB2 B8 DB4 B8 DB4 B24 DB2 W/8,W#FFFFFF WHITE; B#1474B4 BLUE; DB#000080 DARK BLUE; R#FA4B00 RED; Y#E8C000 YELLOW; P#6C0070 PURPLE;,yes,332,32,Fashion,2,Scottish Register of Tartans; Scottish Tartans Authority,1/2,no,no,Scottish Register of Tartans,"McGill, David",18/06/2013,,weaver_note,Yes. Intended as a universal tartan for anyone to wear.Only to be woven with the designer's written permission,https://www.tartanregister.gov.uk/tartanDetails.aspx?ref=10913
644,"Spirit of Russia, The",spirit-of-russia-the,W/8 K2 B24 R32 B32 W32 R4 W2 B4 W/8,W#FFFFFF WHITE; K#101010 BLACK; B#00008C BLUE; R#DC0000 RED;,yes,280,32,Fashion,2,Scottish Register of Tartans; Scottish Tartans Authority,1/2,no,no,Scottish Register of Tartans,"McGill, David",02/11/2013,,weaver_note,Yes. This tartan should only be woven with the designer's express written permission.,https://www.tartanregister.gov.uk/tartanDetails.aspx?ref=10945
645,Spirit of South Korea,spirit-of-south-korea,K/4 W16 R24 B24 W2 R4 W2 B4 W48 K8 W4 K8 W/16,K#101010 BLACK; W#FFFFFF WHITE; R#DF0004 RED; B#364A85 BLUE;,yes,308,32,Fashion,2,Scottish Register of Tartans; Scottish Tartans Authority,2/2,no,no,Scottish Register of Tartans,"McGill, David",15/06/2010,,weaver_note,Yes. Only to be woven with the designer's written permission.,https://www.tartanregister.gov.uk/tartanDetails.aspx?ref=10681
646,Stephen F Austin State University,stephen-f-austin-state-university,P/30 W4 K6 P60 K8 N6 P30 W/12,P#5A008C PURPLE; N#888888 GREY; W#FFFFFF WHITE; K#101010 BLACK;,yes,270,32,Corporate,2,Scottish Register of Tartans; Scottish Tartans Authority,2/2,no,no,Scottish Register of Tartans,"Brown, Kelcie",01/05/2013,,weaver_note,"Yes. For permission to weave or produce this tartan, please contact: Stephen F Austin State University, Director of Licensing and Trademarks, P.O. Box 13010, Homer Bryce Stadium, Nacogdoches, TX 75962",https://www.tartanregister.gov.uk/tartanDetails.aspx?ref=10894
647,Studio Wolf Polysun,studio-wolf-polysun,K4 R4 Y4 O8 G4 W4 R4 O8 R12 W12 R12 O72,K#101010 BLACK; R#C80000 RED; Y#FFE600 YELLOW; O#FA4B00 ORANGE; G#006400 GREEN; W#FFFFFF WHITE;,no,148,32,Corporate,2,Scottish Register of Tartans; Scottish Tartans Authority,1/2,no,no,Scottish Register of Tartans,"Wolf, Andreas",06/11/2013,,weaver_note,Yes. Permission to wear/use or weave this tartan should be sought from Studio Wolf s.r.l.,https://www.tartanregister.gov.uk/tartanDetails.aspx?ref=10944
648,Stutterheim,stutterheim,K/4 Y18 B44 K3 Y10 K/4,K#101010 BLACK; B#565C76 BLUE; Y#ECDC8E YELLOW;,yes,158,32,Corporate,2,Scottish Register of Tartans; Scottish Tartans Authority,1/2,no,no,Scottish Register of Tartans,"Broberg, G",24/02/2012,,weaver_note,Yes. For use by customers of Stutterheim.Weaving controlled by Alexander Stutterheim or G Broberg.,https://www.tartanregister.gov.uk/tartanDetails.aspx?ref=10572
649,Submariners,submariners,R/4 NB2 Y8 NB48 W4 NB2 W4 NB16 W16 R16 NB2 B24 NB2 W/8,R#FF0000 RED; NB#000080 NAVY BLUE; Y#FFE600 YELLOW; W#FFFFFF WHITE; B#0000CD BLUE;,yes,300,32,Corporate,2,Scottish Register of Tartans; Scottish Tartans Authority,1/2,no,no,Scottish Register of Tartans,"McGill, David",23/03/2012,,weaver_note,Yes. May be worn by anyone serving with or retired from submarine service.Only to be woven with the designer's written permission.,https://www.tartanregister.gov.uk/tartanDetails.aspx?ref=10589
650,Swiss National,swiss-national,W/8 DB6 R36 B4 R4 B4 R94 W/20,W#FFFFFF WHITE; DB#000080 DARK BLUE; R#FF0000 RED; B#0000CD BLUE;,yes,324,32,Fashion,2,Scottish Register of Tartans; Scottish Tartans Authority,1/2,no,no,Scottish Register of Tartans,Teviotdale/McPhee,01/08/2011,,weaver_note,Yes. Woven by House of Edgar.,https://www.tartanregister.gov.uk/tartanDetails.aspx?ref=10491
651,TACC,tacc,A/6 K8 DN6 K80 DN24 K14 DN/68,A#82CFFD AZURE; K#000000 BLACK; DN#666666 DARK GREY;,yes,338,32,Corporate,2,Scottish Register of Tartans; Scottish Tartans Authority,1/2,no,no,Scottish Register of Tartans,Lochcarron of Scotland,01/04/2010,,weaver_note,Yes. Created for the supporters of the Tartan Army Childrens Charity.Only to be woven with the agreement of TACC and by Lochcarron of Scotland.,https://www.tartanregister.gov.uk/tartanDetails.aspx?ref=10578
652,Tamer of Wolves,tamer-of-wolves,B/8 N6 T26 N30 T18 N12 T16 B4 W/18,B#0000CD BLUE; N#666666 GREY; T#603311 TAN; W#FFFFFF WHITE;,yes,250,32,Fashion,2,Scottish Register of Tartans; Scottish Tartans Authority,1/2,no,no,Scottish Register of Tartans,"Pisniak, Olivier M M",17/12/2012,,weaver_note,"Yes. Although anyone can wear this design, it is only to be woven with the designer's express written permission.",https://www.tartanregister.gov.uk/tartanDetails.aspx?ref=10762
653,Tartan Tangerine,tartan-tangerine,W/8 K8 AR32 W8 P32 W8 AR/8,AR#E86000 ANC RED; K#101010 BLACK; P#780078 PURPLE; W#E0E0E0 WHITE;,yes,192,32,Corporate,2,Scottish Register of Tartans; Scottish Tartans Authority,2/2,no,no,Scottish Register of Tartans,"Smith, Donald Suttie",01/09/2000,2731.0,weaver_note,Yes.,https://www.tartanregister.gov.uk/tartanDetails.aspx?ref=4075
654,Teddy Bear 111th Anniversary,teddy-bear-111th-anniversary,DN/26 K6 T32 DG14 T11 K19 W2 LT16 DG11 DN19 K/2,DN#505050 DARK GREY; K#000000 BLACK; T#6F3A12 BROWN; DG#5C6428 DARK GREEN; W#FFFFFF WHITE; LT#B07430 LIGHT BROWN;,yes,288,32,Corporate,2,Scottish Register of Tartans; Scottish Tartans Authority,1/2,no,no,Scottish Register of Tartans,"Sim, Steven Patrick",09/09/2013,,weaver_note,"Yes. A corporate tartan for Steven Patrick Sim, trading as the Eleventy-One Teddy Bears Company. Intended for use in the creation of a range of limited edition Scottish produced teddy bears, and associated products.Woven by Lochcarron of Scotland, Selkirk, and Bute Fabrics Ltd, Isle of Bute. Weaving and tailoring is managed by the designer. Contact enquiries@theTartanArtisan.com. Or visit www.theTartanArtisan.com.",https://www.tartanregister.gov.uk/tartanDetails.aspx?ref=10940
655,Texas Lone Star,texas-lone-star,R/100 DB28 W12 DB18 Y6 DB8 R/8,R#FF0000 RED; DB#000080 DARK BLUE; W#FFFFFF WHITE; Y#FFE600 YELLOW;,yes,252,32,Fashion,2,Scottish Register of Tartans; Scottish Tartans Authority,1/2,no,no,Scottish Register of Tartans,"Davidson, Lanora",10/10/2012,,weaver_note,"Yes. By request from company - Things CelticOnly to be woven by House of Edgar, a division of Macnaughton Holdings Ltd.",https://www.tartanregister.gov.uk/tartanDetails.aspx?ref=10726
656,Tiger of Sweden,tiger-of-sweden,B/6 G2 K2 B4 N32 B4 K8 G2 K2 B32 N4 B4 K2 G/6,G#005020 GREEN; K#1C1C1C BLACK; B#141E46 BLUE; N#505050 GREY;,yes,208,32,Corporate,2,Scottish Register of Tartans; Scottish Tartans Authority,1/2,no,no,Scottish Register of Tartans,"McDonald, Ronnie Jr",15/03/2013,,weaver_note,Yes. This tartan is intended as a corporate tartan for Tiger of Sweden.,https://www.tartanregister.gov.uk/tartanDetails.aspx?ref=10870
657,Trinity Bicycles,trinity-bicycles,R/8 LT60 T28 LB22 T/8,T#6B4226 CHOCOLATE BROWN; LB#6CA6CD LIGHT BLUE; LT#8B7355 LIGHT TAN; R#CD0000 RED;,yes,236,32,Corporate,2,Scottish Register of Tartans; Scottish Tartans Authority,1/2,no,no,Scottish Register of Tartans,"Scheffler, Bernd",05/03/2010,,weaver_note,"Yes. Only officers or agents of Trinity Bicycles, ltd. can sell this tartan or have it produced.This Tartan can only be woven if authorised by an agent or officer of Trinity Bicycles, ltd.",https://www.tartanregister.gov.uk/tartanDetails.aspx?ref=10177
658,Tweedsmuir Dress (Dance),tweedsmuir-dress-dance,WW/4 LB4 WW60 P24 GN8 P4 GN4 P4 GN60 LG/4,WW#F8F8F8 WILSON WHITE; P#780078 PURPLE; LB#2888C4 LIGHT BLUE; GN#406054 GREEN GREY; LG#289C18 LIGHT GREEN;,yes,344,32,Fashion,2,Scottish Register of Tartans; Scottish Tartans Authority,2/2,no,no,Scottish Register of Tartans,"Dalgliesh, D C",,,weaver_note,Yes. Prepared for weaving by D C Dalgliesh Ltd.,https://www.tartanregister.gov.uk/tartanDetails.aspx?ref=4170
659,Twilfit,twilfit,B/25 LR46 W11 LR11 W7 LR11 W11 LR46 B/12,W#FFFFFF WHITE; LR#E87878 LIGHT RED; B#5C8CA8 BLUE;,yes,323,32,Corporate,2,Scottish Register of Tartans; Scottish Tartans Authority,1/2,no,no,Scottish Register of Tartans,"Broberg, Göran",30/06/2014,,weaver_note,Yes. For use by customers of Twilfit. Weaving controlled by Twilfit or G Broberg.,https://www.tartanregister.gov.uk/tartanDetails.aspx?ref=11101
660,University of North Texas,university-of-north-texas,K/2 LG6 W6 G30 K2 G6 LG4 K2 LG2 VLG2 W/2,G#007800 GREEN; W#FFFFFF WHITE; K#101010 BLACK; LG#289C18 LIGHT GREEN; VLG#86C67C VERY LIGHT GREEN;,yes,124,32,Corporate,2,Scottish Register of Tartans; Scottish Tartans Authority,1/2,no,no,Scottish Register of Tartans,"Heidt, Katherine (Casey)",04/04/2014,,weaver_note,Yes. Only the University of North Texas and/or licensed vendors are allowed to produce/weave this tartan.,https://www.tartanregister.gov.uk/tartanDetails.aspx?ref=11063
661,Voluntary Service Aberdeen,voluntary-service-aberdeen,N/8 W2 K70 DN2 NB4 LP8 W2 NB28 LP16 W/2,K#101010 BLACK; DN#5C5C5C DARK GREY; N#888888 GRAY; W#E0E0E0 WHITE; ER#A00CA0 MARROON; NB#003C64 NAVY BLUE; LP#984C90 MAUVE;,yes,274,32,Corporate,2,Scottish Register of Tartans; Scottish Tartans Authority,2/2,no,no,Scottish Register of Tartans,"Wilton, Brian",01/08/2006,,weaver_note,Yes. A corporate tartan for Voluntary Services Aberdeen.,https://www.tartanregister.gov.uk/tartanDetails.aspx?ref=4470
662,WVU Mountaineer Tartan,wvu-mountaineer-tartan,NB/8 DY18 W8 NB18 DY36 W/2,NB#000080 DARK NAVY; DY#FFE700 GOLD; W#FFFFFF WHITE;,yes,170,32,Corporate,2,Scottish Register of Tartans; Scottish Tartans Authority,2/2,no,no,Scottish Register of Tartans,"Belcher, Maria (for West Virginia University)",01/03/2011,,weaver_note,Yes. The WVU Mountaineer Tartan may not be woven or produced in any form without written permission from the Trademark Licensing office of West Virginia University and The Collegiate Licensing Company.The design right for the WVU Mountaineer Tartan is held by West Virginia University under the U.S. Copyright Act- 17 U.S.C. Formal registration is pending.,https://www.tartanregister.gov.uk/tartanDetails.aspx?ref=10567
663,Washington State University Cougar,washington-state-university-cougar,N/4 W2 R38 LN10 N6 W3 R/6,N#777478 GREY; W#FFFFFF WHITE; R#D53348 CRIMSON; LN#CFD0D3 LIGHT GREY;,yes,128,32,Corporate,2,Scottish Register of Tartans; Scottish Tartans Authority,1/2,no,no,Scottish Register of Tartans,Collegiate Tartan Apparel,01/09/2012,,weaver_note,Yes. The Washington State University Tartan may not be woven or produced in any form without written permission from: Trademark Licensing Office Washington State University logolicensing@wsu.edu 509-335-2202 The tartan can only be produced under licence.,https://www.tartanregister.gov.uk/tartanDetails.aspx?ref=10831
664,Way of the Rainbow,way-of-the-rainbow,P/7 B7 G7 Y7 O7 R7 DB168 K/7,K#101010 BLACK; DB#000064 DARK BLUE; B#00008C BLUE; R#DC0000 RED; G#006400 GREEN; Y#FFE600 YELLOW; O#D87C00 ORANGE; P#780078 PURPLE;,yes,420,32,Corporate,2,Scottish Register of Tartans; Scottish Tartans Authority,1/2,no,no,Scottish Register of Tartans,"Chittock, J R",04/02/2014,,weaver_note,"Yes. This tartan is intended for use by all the LGBTQ community.All reproduction rights, in any manifestation, electronic or woven, belong to the registrant. Enquiries concerning reproduction or creative art usage/expression of this tartan should be directed to the registrant.",https://www.tartanregister.gov.uk/tartanDetails.aspx?ref=11048
665,Weathered Cyclist,weathered-cyclist,G/64 W4 G18 Y4 G24 LT42 R/2,G#777B57 FLAX GREEN; LT#9F8757 LIGHT TAN; R#A40000 RED; Y#E7BF00 YELLOW; W#FFFFFF WHITE;,yes,250,32,Fashion,2,Scottish Register of Tartans; Scottish Tartans Authority,2/2,no,no,Scottish Register of Tartans,"Campbell, Ali",01/09/2012,,weaver_note,"Yes. Once woven, this tartan is for all to wear, however the design as an entity may not be used without the designer's express permission.The design is the intellectual property of Ali Campbell and is a device of The Tartan Ride. Any use of the design must be authorised by the designer.",https://www.tartanregister.gov.uk/tartanDetails.aspx?ref=10732
666,Whiskey & Bourbon,whiskey-bourbon,W/6 K4 T5 Y5 T5 Y6 T5 Y5 T5 K4 T5 LT5 T5 LT6 T5 LT5 T5 K4 LT4 K4 B44 LB3 K4 LT3 K2 LB6 K2 LT3 K4 W3 K2 Y/8,Y#D0B522 YELLOW; K#000000 BLACK; W#FFFFFF WHITE; T#633C2E TAN; LT#83683B LIGHT TAN; B#5283B0 BLUE; LB#8FC0D7 LIGHT BLUE;,yes,350,32,Fashion,2,Scottish Register of Tartans; Scottish Tartans Authority,1/2,no,no,Scottish Register of Tartans,"Crommert, Edgar van de",15/01/2012,,weaver_note,Yes. Please contact designer for permission to weave.Please contact designer for any other use than weaving.,https://www.tartanregister.gov.uk/tartanDetails.aspx?ref=10544
667,Wojtek Memorial Trust,wojtek-memorial-trust,LO/6 G56 DG6 G6 DG22 B8 R6 B6 R12 B30 W/6,LO#A08858 SAND; G#005020 GREEN; DG#003820 DARK GREEN; B#202060 BLUE; R#DC0000 RED; W#FFFFFF WHITE;,yes,316,32,Corporate,2,Scottish Register of Tartans; Scottish Tartans Authority,1/2,no,no,Scottish Register of Tartans,Kinloch Anderson Ltd,10/09/2013,,weaver_note,Yes. This tartan is intended to be used and marketed according to the wishes of the Wojtek Memorial Trust. Any tartan fabric and products which feature the tartan may not be made or sold unless specific permission has been requested to and granted by the Wojtek Memorial Trust.,https://www.tartanregister.gov.uk/tartanDetails.aspx?ref=10921
668,World Peace,world-peace,P16 G16 W6 G16 P16 W6 B80 R6 K6 B80 W6,K#120A01 BLACK; R#89051B SCARLET; W#F7F1E8 PEROXIDE WHITE; B#96AED3 ICE BLUE; P#3D2E60 HIGHLAND PURPLE; G#052F14 BOTTLE GREEN;,no,254,32,Fashion,2,Scottish Register of Tartans; Scottish Tartans Authority,1/2,no,no,Scottish Register of Tartans,"Spence, Victor",24/05/2011,,weaver_note,Yes. All rights reserved by designer. Licences for use for a wide range of items are available.Weaving only permitted under licence from the design owner.,https://www.tartanregister.gov.uk/tartanDetails.aspx?ref=10424
669,YMCA,ymca,R/8 W2 DR72 DB8 K2 DB6 K20 W2 DB8 W2 K16 W/2,W#FFFFFF WHITE; K#101010 BLACK; DB#202060 DARK BLUE; DR#880000 DARK RED; R#DC0000 RED;,yes,286,32,Corporate,2,Scottish Register of Tartans; Scottish Tartans Authority,2/2,no,no,Scottish Register of Tartans,"Wilton, Brian",01/12/2013,,weaver_note,Yes. Copyright of this tartan belongs to YMCA Scotland and it cannot be woven or offered for sale in any country without their express permission.,https://www.tartanregister.gov.uk/tartanDetails.aspx?ref=10999
670,Yes Scotland,yes-scotland,LN/24 G8 P8 G8 LN62 N6 B24 W/8,LN#B6B6B6 LIGHT GREY; G#285800 GREEN; P#EC34C4 PURPLE; N#767E52 DBLUE GREY; B#0000FF ROYAL BLUE; W#FFFFFF WHITE;,yes,264,32,Fashion,2,Scottish Register of Tartans; Scottish Tartans Authority,1/2,no,no,Scottish Register of Tartans,"Young, Libby",23/01/2013,,weaver_note,"Yes. The tartan must be bought through the Yes Scotland campaign, or from Bare Knees Kilts.Only Yes Scotland or Bare Knees Kilts can have the tartan woven.",https://www.tartanregister.gov.uk/tartanDetails.aspx?ref=10769
671,Campbell of Loch Awe,campbell-of-loch-awe,K/4 B22 K52 G22 K/4,K#101010 BLACK; G#006818 GREEN; B#1474B4 BLUE;,yes,200,30,Other,2,Scottish Register of Tartans; Scottish Tartans Authority,2/2,no,no,Scottish Register of Tartans,Unknown,01/01/1770,13.0,weaver_note,Yes.,https://www.tartanregister.gov.uk/tartanDetails.aspx?ref=521
672,Ferguson's Promise,ferguson-s-promise,P/76 K24 PK30 R8 PK30 K4 W/8,K#1C1714 BLACK; W#F9F5EF PEROXIDE WHITE; PK#F4758C CLOVER PINK; R#B62531 SCARLET RED; P#9E3552 MAGENTA;,yes,276,30,Commemorative,2,Scottish Register of Tartans; Scottish Tartans Authority,1/2,no,no,Scottish Register of Tartans,"Ferguson, Matthew",09/08/2010,,none,,https://www.tartanregister.gov.uk/tartanDetails.aspx?ref=10305
673,"Johnson, J.M.",johnson-j-m,R/16 DG80 KK64 LT8 KK12 W12 KK8 LT72 R24 KK8 R16 KK4 W/8,DG#004C00 DARK GRN; KK#000000 BLACK; LT#A08858 LIGHT BROWN; R#C80000 RED; W#E0E0E0 WHITE;,yes,640,30,Commemorative,2,Scottish Register of Tartans; Scottish Tartans Authority,2/2,no,no,Scottish Register of Tartans,West Coast Woolen Mill,01/01/1967,,none,,https://www.tartanregister.gov.uk/tartanDetails.aspx?ref=1896
674,London '88,london-88,K/4 N4 R4 B6 W10 B4 Y4 B4 K8 N8 B110 Y/8,K#101010 BLACK; B#2C2C80 BLUE; N#888888 GREY; R#C80000 RED; W#E0E0E0 WHITE; Y#E8C000 YELLOW;,yes,336,30,Commemorative,2,Scottish Register of Tartans; Weddslist,2/2,no,yes,Scottish Register of Tartans,"Campbell, Malcolm",01/01/1988,1132.0,weaver_note,Yes.,https://www.tartanregister.gov.uk/tartanDetails.aspx?ref=2193
675,Abertay University (Estimated threadcount),abertay-university-estimated-threadcount,B/6 Y6 B30 G6 B30 R/10,R#C80000 RED; G#006818 GREEN; B#2C2C80 BLUE; Y#E8C000 YELLOW;,yes,160,27,Corporate,2,Scottish Register of Tartans; Scottish Tartans Authority,2/2,no,no,Scottish Register of Tartans,,01/01/2003,,weaver_note,Yes. A corporate tartan for the University of Abertay.,https://www.tartanregister.gov.uk/tartanDetails.aspx?ref=22
676,Finzean's Fancy,finzean-s-fancy,LN/4 HT2 DR108 K8 LN4 G56 MY24 DR12 K4 DR12 MY24 SB56 K12 DR12 MY16 LN/16,G#007800 GREEN; DR#8C0000 RED; MY#C88C00 YELLOW; K#000000 BLACK; LN#C8C8C8 WHITE; SB#788CB4 AZURE; HT#501414 MAROON;,yes,720,25,Other,2,Scottish Register of Tartans; Scottish Tartans Authority,2/2,no,no,Scottish Register of Tartans,,01/01/1985,1860.0,none,,https://www.tartanregister.gov.uk/tartanDetails.aspx?ref=1186
677,O'Sheehan,o-sheehan,W/4 G4 K4 G12 B8 K4 Y4 K4 W4 K8 B34 Y/4,W#E0E0E0 WHITE; G#006818 GREEN; B#2C2C80 BLUE; K#101010 BLACK; Y#E8C000 YELLOW;,yes,180,25,Other,2,Scottish Register of Tartans; Scottish Tartans Authority,2/2,no,no,Scottish Register of Tartans,,01/01/2007,,none,,https://www.tartanregister.gov.uk/tartanDetails.aspx?ref=3271
678,Unidentified Plaid arisaid,unidentified-plaid-arisaid,R/12 B2 R110 K4 W8 K4 R32 W40 R32 B12 R4 B54 K8 Y8 K12 Y8 K8 B54 R4 B12 R32 W40 R32 K4 W8 K4 R110 W280 B18 R12 W32 R12 B2 R12 W32 R/12,R#DC0000 RED; B#2C4084 BLUE; K#101010 BLACK; W#E0E0E0 WHITE; Y#E8C000 YELLOW;,yes,2116,25,Other,2,Scottish Register of Tartans; Weddslist,2/2,no,yes,Scottish Register of Tartans,,,578.0,weaver_note,Yes.,https://www.tartanregister.gov.uk/tartanDetails.aspx?ref=4357
679,Aberlour Bicentenary,aberlour-bicentenary,G/16 P6 G6 P6 G48 DY8 G6 P10 G5 B8 G5 B46 G6 P6 G/16,G#5C6428 OLIVE GREEN; P#580B5B PURPLE; DY#C88C00 OLD GOLD; B#25375F BLUE;,yes,364,20,Commemorative,2,Scottish Register of Tartans; Scottish Tartans Authority,2/2,no,no,Scottish Register of Tartans,"Gillespie, John",01/12/2011,,weaver_note,Yes. Woven by Knockando Woolmill.,https://www.tartanregister.gov.uk/tartanDetails.aspx?ref=10563
680,Afghanistan Memorial,afghanistan-memorial,B/16 MT6 LT2 MT2 LT78 MT6 R6 LT4 B22 MT16 LT4 MT6 W/4,B#2A2A2A ANC BLUE; MT#2E1A01 MUTED BROWN; LT#70572E LIGHT SAND; R#770101 SCOTCH RED; W#FFFFFF BLEACHED WHITE;,yes,324,20,Commemorative,2,Scottish Register of Tartans; Scottish Tartans Authority,2/2,no,no,Scottish Register of Tartans,"Brown, Jonathan",07/01/2010,,weaver_note,"Yes. Woven by Strathmore Woollen Co Ltd, Forfar.",https://www.tartanregister.gov.uk/tartanDetails.aspx?ref=10425
681,Ancient Gathering,ancient-gathering,B/2 LB24 P12 W2 Y6 B28 DB36 W/2,W#FFFFFF WHITE; DB#003C64 DARK BLUE; B#1C1C50 BLUE; Y#BC8C00 GOLD; P#B458AC HEATHER; LB#5C8CA8 LIGHT BLUE;,yes,220,20,Commemorative,2,Scottish Register of Tartans; Scottish Tartans Authority,1/2,no,no,Scottish Register of Tartans,"Ogilvie, Scott",13/03/2014,,weaver_note,"Yes. Intended for use by archaeologists or those with a connection to archaeology. Permission should be sought from the Registrant or Head of Archaeology, University of Glasgow for permission to use, wear or weave this tartan",https://www.tartanregister.gov.uk/tartanDetails.aspx?ref=11029
682,Auchmaliddie Samkoma,auchmaliddie-samkoma,R/16 W16 NB92 W/16,R#B62531 SCARLET; NB#433A5A ILLINOIS NAVY; W#F9F5EF PEROXIDE WHITE;,yes,248,20,Commemorative,2,Scottish Register of Tartans; Scottish Tartans Authority,1/2,no,no,Scottish Register of Tartans,"Smith, Alan Howard",17/01/2011,,weaver_note,Yes. Intended for those who attended the wedding commemorated.,https://www.tartanregister.gov.uk/tartanDetails.aspx?ref=10348
683,"Battle of Bannockburn, The",battle-of-bannockburn-the,R/4 T4 R36 G24 B8 DB12 R8 Y/4,R#F00C4C RED; G#5D7F40 GREEN; B#62B0BE TURQUOISE; DB#248192 DARK TURQUOISE; Y#D3A916 MUSTARD; T#413F28 DARK BROWN;,yes,192,20,Commemorative,2,Scottish Register of Tartans; Scottish Tartans Authority,1/2,no,no,Scottish Register of Tartans,"MacLeod, Christine",,,weaver_note,"Yes. Permission must be sought from the National Trust for Scotland to wear, use or weave this tartan.",https://www.tartanregister.gov.uk/tartanDetails.aspx?ref=10788
684,Bryan Wedding (Personal),bryan-wedding-personal,K/4 WW4 K20 AB20 DY10 T/60,K#101010 BLACK; AB#486C9C AZURE; WW#E8E8E8 PEROX; DY#DCBC1C LEMON; T#58442C BROWN;,yes,172,20,Commemorative,2,Scottish Register of Tartans; Scottish Tartans Authority,2/2,no,no,Scottish Register of Tartans,Cowieson/Urquhart,22/02/2011,,weaver_note,"Yes. This tartan is only to be used by Christian Bryan and Mairi Cowieson.Developed for weaving by House of Tartan, Scotland",https://www.tartanregister.gov.uk/tartanDetails.aspx?ref=10502
685,Clinton Wedding,clinton-wedding,W/6 NB6 R4 LY2 R4 NB52 K6 FSB10 K12 R40 NB12 W/10,K#101010 BLACK; LY#F4BC3C AM MUSTARD; NB#082C54 NAVY BLUE; R#E01C18 BRT SCARLET; W#E8E8E8 PEROX; AB#506894 AZURE; FSB#486488 FS BLUE;,yes,312,20,Commemorative,2,Scottish Register of Tartans; Scottish Tartans Authority,1/2,no,no,Scottish Register of Tartans,Clinton / Urquhart,26/07/2009,,weaver_note,"Yes. Yes. The tartan is restricted until 04 September 2010, the date of the wedding. It will then be available for use by all of the name of Clinton.The design was developed for weaving by House of Tartan.",https://www.tartanregister.gov.uk/tartanDetails.aspx?ref=10052
686,"Edinburgh Zoo Panda, The",edinburgh-zoo-panda-the,G/4 W28 LN3 W3 K16 LN4 MN10 DN4 K14 R2 K2 R/3,W#FFFFFF WHITE; LN#969696 LIGHT GREY; MN#5B5B5B MID GREY; DN#3F3E3B DARK GREY; K#000000 BLACK; R#C80010 RED; G#377206 GREEN;,yes,179,20,Commemorative,2,Scottish Register of Tartans; Scottish Tartans Authority,1/2,no,no,Scottish Register of Tartans,Kinloch Anderson Ltd,13/10/2011,,weaver_note,"Yes. This tartan is only to be used and marketed according to the wishes of the Edinburgh Zoo. The tartan fabric and products which feature the tartan may not be made or sold unless specific permission has been requested to and granted by the Edinburgh Zoo.Registered with UK IPO #4024931, 27 June 2012.",https://www.tartanregister.gov.uk/tartanDetails.aspx?ref=10505
687,Flodden,flodden,LG/4 R4 LG4 T28 Y4 R6 Y2 R2 G40 R6 Y2 W/4,Y#C88C00 SAFFRON; R#C8002C MUTED RED; G#5C6428 MID GREEN; T#98481C TAN; LG#9C9C00 LIGHT GREEN; W#F8F8F8 WHITE;,yes,204,20,Commemorative,2,Scottish Register of Tartans; Scottish Tartans Authority,1/2,no,no,Scottish Register of Tartans,Gordon Nicolson Kiltmakers,22/07/2013,,weaver_note,Yes. Designed for weaving by Gordon Nicolson Kiltmakers.,https://www.tartanregister.gov.uk/tartanDetails.aspx?ref=10873
688,Hill 70,hill-70,B/72 K4 R4 W4 R16 DB16 B16 G16 R4 G4 R4 G4 R4 G/4,B#6B8A96 BLUE; DB#2C2C80 DARK BLUE; R#C82828 RED; W#F8F8F8 WHITE; G#005020 GREEN; K#1C1714 BLACK;,yes,268,20,Commemorative,2,Scottish Register of Tartans; Scottish Tartans Authority,2/2,no,no,Scottish Register of Tartans,"Roach, Ronald",02/04/2015,,weaver_note,Yes. Authority to weave this tartan must be obtained from the designer.,https://www.tartanregister.gov.uk/tartanDetails.aspx?ref=11285
689,Iroquois Falls Centenary,iroquois-falls-centenary,DB/12 LB12 W2 T6 W2 T6 LG12 DG/36,DB#000080 DARK BLUE; LB#82CFFD LIGHT BLUE; W#FFFFFF WHITE; T#603311 TAN; LG#86C67C LIGHT GREEN; DG#006400 DARK GREEN;,yes,128,20,Commemorative,2,Scottish Register of Tartans; Scottish Tartans Authority,1/2,no,no,Scottish Register of Tartans,"Chircoski, Côté & Deneault",24/01/2012,,weaver_note,"Yes. Users of this tartan should have a connection to the community of Iroquois Falls, Northeastern Ontario, Canada, through family, friends or work.Weavers of this tartan should have a connection to the community of Iroquois Falls, Northeastern Ontario, Canada, through family, friends or work.",https://www.tartanregister.gov.uk/tartanDetails.aspx?ref=10574
690,Ithilien Heather (Personal),ithilien-heather-personal,BN/6 NB8 BN6 WR4 K40 NB24 OG6 WR4 DG/40,K#101010 BLACK; WR#8C1C38 NICOL RED; OG#486038 MOSS; NB#1C2448 NAVY; DG#203824 LAUREL; BN#4C5474 KILT BLUE;,yes,230,20,Commemorative,2,Scottish Register of Tartans; Scottish Tartans Authority,1/2,no,no,Scottish Register of Tartans,Scott Stone,12/01/2009,,weaver_note,Yes. The design was developed for weaving by House of Tartan.,https://www.tartanregister.gov.uk/tartanDetails.aspx?ref=10026
691,John Muir Way,john-muir-way,B/6 R6 DG16 R6 G16 R6 DG38 T/70,T#604000 BROWN; DG#003C14 DARK GREEN; G#767E52 GREEN; R#C80000 RED; B#5F749C BLUE;,yes,252,20,Commemorative,2,Scottish Register of Tartans; Scottish Tartans Authority,1/2,no,no,Scottish Register of Tartans,"Nicolson, Gordon",13/03/2014,,weaver_note,Yes. Developed for weaving by Gordon Nicolson Kiltmakers.Tartan can only be purchased through Gordon Nicolson Kiltmakers.,https://www.tartanregister.gov.uk/tartanDetails.aspx?ref=11022
692,Scania 1658,scania-1658,R/120 Y14 R10 Y/4,R#FF0000 RED; Y#FFE600 YELLOW;,yes,172,20,Commemorative,2,Scottish Register of Tartans; Scottish Tartans Authority,2/2,no,no,Scottish Register of Tartans,"Broberg, Göran",19/11/2013,,weaver_note,Yes. Please contact the designer for permission to weave this tartan.,https://www.tartanregister.gov.uk/tartanDetails.aspx?ref=10978
